No,year,month,day,hour,pm2.5,DEWP,TEMP,PRES,cbwd,Iws,Is,Ir
35065,2026,1,1,0,24.0,-20,7.0,1014.0,NW,143.48,0,0
35066,2026,1,1,1,53.0,-20,7.0,1013.0,NW,147.5,0,0
35067,2026,1,1,2,65.0,-20,6.0,1013.0,NW,151.52,0,0
35068,2026,1,1,3,70.0,-20,6.0,1013.0,NW,153.31,0,0
35069,2026,1,1,4,79.0,-18,3.0,1012.0,cv,0.89,0,0
35070,2026,1,1,5,92.0,-18,4.0,1012.0,NW,4.02,0,0
35071,2026,1,1,6,106.0,-19,6.0,1012.0,NW,8.94,0,0
35072,2026,1,1,7,75.0,-19,6.0,1013.0,NW,16.09,0,0
35073,2026,1,1,8,58.0,-18,6.0,1013.0,NW,21.9,0,0
35074,2026,1,1,9,33.0,-18,7.0,1014.0,NW,26.82,0,0
35075,2026,1,1,10,51.0,-18,8.0,1015.0,NW,31.74,0,0
35076,2026,1,1,11,32.0,-18,9.0,1015.0,NW,39.79,0,0
35077,2026,1,1,12,23.0,-17,10.0,1015.0,NW,48.73,0,0
35078,2026,1,1,13,28.0,-18,11.0,1014.0,NW,55.88,0,0
35079,2026,1,1,14,23.0,-17,11.0,1014.0,NW,63.93,0,0
35080,2026,1,1,15,24.0,-17,11.0,1014.0,NW,71.08,0,0
35081,2026,1,1,16,26.0,-17,11.0,1014.0,NW,76.89,0,0
35082,2026,1,1,17,26.0,-16,10.0,1015.0,NW,81.81,0,0
35083,2026,1,1,18,27.0,-16,9.0,1015.0,NW,84.94,0,0
35084,2026,1,1,19,43.0,-16,9.0,1016.0,SE,1.79,0,0
35085,2026,1,1,20,62.0,-14,3.0,1017.0,SE,2.68,0,0
35086,2026,1,1,21,70.0,-14,0.0,1017.0,NE,1.79,0,0
35087,2026,1,1,22,81.0,-12,-1.0,1018.0,SE,0.89,0,0
35088,2026,1,1,23,111.0,-12,0.0,1019.0,NW,1.79,0,0
35089,2026,1,2,0,144.0,-13,-2.0,1019.0,NE,0.89,0,0
35090,2026,1,2,1,170.0,-12,-4.0,1019.0,cv,0.89,0,0
35091,2026,1,2,2,174.0,-12,-4.0,1019.0,cv,1.34,0,0
35092,2026,1,2,3,174.0,-12,-4.0,1019.0,NW,0.89,0,0
35093,2026,1,2,4,172.0,-12,-5.0,1020.0,cv,0.89,0,0
35094,2026,1,2,5,149.0,-10,-2.0,1020.0,SE,1.79,0,0
35095,2026,1,2,6,166.0,-7,-2.0,1020.0,SE,3.58,0,0
35096,2026,1,2,7,187.0,-9,-5.0,1020.0,NE,0.89,0,0
35097,2026,1,2,8,107.0,-9,-5.0,1021.0,NW,3.13,0,0
35098,2026,1,2,9,114.0,-7,-2.0,1021.0,NW,4.92,0,0
35099,2026,1,2,10,108.0,-7,2.0,1021.0,NW,6.71,0,0
35100,2026,1,2,11,102.0,-8,4.0,1020.0,cv,0.89,0,0
35101,2026,1,2,12,95.0,-8,5.0,1019.0,cv,1.78,0,0
35102,2026,1,2,13,127.0,-9,7.0,1017.0,cv,2.67,0,0
35103,2026,1,2,14,125.0,-9,7.0,1016.0,cv,4.46,0,0
35104,2026,1,2,15,128.0,-10,7.0,1016.0,cv,5.35,0,0
35105,2026,1,2,16,146.0,-10,6.0,1016.0,cv,5.8,0,0
35106,2026,1,2,17,165.0,-9,4.0,1016.0,cv,6.69,0,0
35107,2026,1,2,18,173.0,-8,3.0,1016.0,cv,7.58,0,0
35108,2026,1,2,19,195.0,-9,1.0,1016.0,cv,8.47,0,0
35109,2026,1,2,20,239.0,-8,0.0,1017.0,cv,9.36,0,0
35110,2026,1,2,21,232.0,-8,0.0,1017.0,SE,0.89,0,0
35111,2026,1,2,22,242.0,-8,-1.0,1017.0,NE,1.79,0,0
35112,2026,1,2,23,269.0,-7,-1.0,1018.0,NW,4.02,0,0
35113,2026,1,3,0,264.0,-9,0.0,1018.0,NW,7.15,0,0
35114,2026,1,3,1,220.0,-9,1.0,1018.0,cv,0.45,0,0
35115,2026,1,3,2,146.0,-9,0.0,1019.0,NW,4.02,0,0
35116,2026,1,3,3,34.0,-9,1.0,1019.0,cv,0.89,0,0
35117,2026,1,3,4,34.0,-9,-2.0,1020.0,NW,3.13,0,0
35118,2026,1,3,5,35.0,-9,-1.0,1020.0,NW,7.15,0,0
35119,2026,1,3,6,45.0,-13,0.0,1020.0,cv,0.89,0,0
35120,2026,1,3,7,43.0,-13,-1.0,1022.0,NW,3.13,0,0
35121,2026,1,3,8,43.0,-12,-1.0,1023.0,NW,7.15,0,0
35122,2026,1,3,9,36.0,-13,4.0,1024.0,NW,11.17,0,0
35123,2026,1,3,10,36.0,-16,7.0,1025.0,NW,14.3,0,0
35124,2026,1,3,11,23.0,-16,8.0,1024.0,NW,17.43,0,0
35125,2026,1,3,12,25.0,-16,8.0,1023.0,NW,20.56,0,0
35126,2026,1,3,13,29.0,-17,9.0,1022.0,NW,22.35,0,0
35127,2026,1,3,14,26.0,-18,9.0,1022.0,NE,1.79,0,0
35128,2026,1,3,15,21.0,-17,8.0,1022.0,NE,3.58,0,0
35129,2026,1,3,16,25.0,-17,7.0,1022.0,SE,1.79,0,0
35130,2026,1,3,17,31.0,-17,5.0,1023.0,SE,3.58,0,0
35131,2026,1,3,18,43.0,-17,3.0,1023.0,cv,0.45,0,0
35132,2026,1,3,19,46.0,-17,3.0,1024.0,cv,1.34,0,0
35133,2026,1,3,20,50.0,-16,1.0,1024.0,cv,2.23,0,0
35134,2026,1,3,21,68.0,-13,-1.0,1024.0,cv,2.68,0,0
35135,2026,1,3,22,60.0,-11,-1.0,1025.0,SE,1.79,0,0
35136,2026,1,3,23,103.0,-8,-1.0,1025.0,SE,4.92,0,0
35137,2026,1,4,0,85.0,-6,-1.0,1026.0,SE,6.71,0,0
35138,2026,1,4,1,86.0,-6,-2.0,1025.0,SE,8.5,0,0
35139,2026,1,4,2,89.0,-7,-2.0,1025.0,cv,0.89,0,0
35140,2026,1,4,3,77.0,-7,-2.0,1025.0,SE,1.79,0,0
35141,2026,1,4,4,77.0,-9,-5.0,1025.0,cv,0.45,0,0
35142,2026,1,4,5,75.0,-9,-5.0,1025.0,cv,1.34,0,0
35143,2026,1,4,6,80.0,-9,-6.0,1025.0,cv,1.79,0,0
35144,2026,1,4,7,86.0,-7,-4.0,1025.0,SE,0.89,0,0
35145,2026,1,4,8,95.0,-7,-3.0,1025.0,cv,0.89,0,0
35146,2026,1,4,9,101.0,-6,-2.0,1025.0,SE,0.89,0,0
35147,2026,1,4,10,132.0,-6,-1.0,1025.0,SE,1.78,0,0
35148,2026,1,4,11,153.0,-5,-1.0,1024.0,SE,3.57,0,0
35149,2026,1,4,12,173.0,-6,0.0,1023.0,NE,1.79,0,0
35150,2026,1,4,13,178.0,-7,1.0,1021.0,cv,0.89,0,0
35151,2026,1,4,14,176.0,-7,2.0,1020.0,SE,1.79,0,0
35152,2026,1,4,15,209.0,-7,2.0,1020.0,cv,0.89,0,0
35153,2026,1,4,16,219.0,-7,2.0,1020.0,NW,1.79,0,0
35154,2026,1,4,17,224.0,-7,1.0,1020.0,NW,3.58,0,0
35155,2026,1,4,18,212.0,-8,-2.0,1020.0,NW,6.71,0,0
35156,2026,1,4,19,221.0,-8,-3.0,1021.0,NW,8.5,0,0
35157,2026,1,4,20,221.0,-8,-4.0,1021.0,NW,10.29,0,0
35158,2026,1,4,21,217.0,-8,-4.0,1021.0,cv,0.89,0,0
35159,2026,1,4,22,203.0,-8,-4.0,1021.0,cv,1.78,0,0
35160,2026,1,4,23,221.0,-9,-5.0,1021.0,NW,1.79,0,0
35161,2026,1,5,0,192.0,-8,-4.0,1021.0,NW,3.58,0,0
35162,2026,1,5,1,183.0,-10,-6.0,1022.0,NW,6.71,0,0
35163,2026,1,5,2,175.0,-8,-5.0,1022.0,NW,10.73,0,0
35164,2026,1,5,3,177.0,-9,-6.0,1022.0,NW,14.75,0,0
35165,2026,1,5,4,183.0,-10,-7.0,1023.0,NW,17.88,0,0
35166,2026,1,5,5,155.0,-10,-7.0,1023.0,NW,22.8,0,0
35167,2026,1,5,6,151.0,-9,-6.0,1023.0,NW,26.82,0,0
35168,2026,1,5,7,137.0,-10,-7.0,1024.0,NW,29.95,0,0
35169,2026,1,5,8,109.0,-8,-4.0,1024.0,NW,34.87,0,0
35170,2026,1,5,9,140.0,-8,-2.0,1025.0,NW,39.79,0,0
35171,2026,1,5,10,117.0,-8,1.0,1026.0,NW,42.92,0,0
35172,2026,1,5,11,128.0,-12,5.0,1026.0,NW,46.05,0,0
35173,2026,1,5,12,54.0,-14,5.0,1025.0,NE,3.13,0,0
35174,2026,1,5,13,34.0,-14,5.0,1024.0,NE,6.26,0,0
35175,2026,1,5,14,32.0,-15,6.0,1024.0,NE,9.39,0,0
35176,2026,1,5,15,28.0,-15,6.0,1024.0,NE,12.52,0,0
35177,2026,1,5,16,29.0,-15,6.0,1024.0,SE,3.13,0,0
35178,2026,1,5,17,37.0,-15,3.0,1024.0,SE,4.92,0,0
35179,2026,1,5,18,46.0,-15,1.0,1025.0,SE,6.71,0,0
35180,2026,1,5,19,54.0,-12,-1.0,1025.0,cv,0.89,0,0
35181,2026,1,5,20,53.0,-12,-2.0,1026.0,cv,1.78,0,0
35182,2026,1,5,21,47.0,-12,0.0,1026.0,SE,4.02,0,0
35183,2026,1,5,22,112.0,-9,-1.0,1027.0,SE,7.15,0,0
35184,2026,1,5,23,125.0,-8,-2.0,1028.0,SE,8.94,0,0
35185,2026,1,6,0,128.0,-7,-3.0,1028.0,cv,0.89,0,0
35186,2026,1,6,1,126.0,-5,-2.0,1028.0,cv,1.78,0,0
35187,2026,1,6,2,153.0,-5,-1.0,1028.0,cv,2.67,0,0
35188,2026,1,6,3,157.0,-5,-1.0,1028.0,cv,3.12,1,0
35189,2026,1,6,4,144.0,-5,-1.0,1027.0,SE,0.89,2,0
35190,2026,1,6,5,138.0,-5,-1.0,1027.0,cv,0.89,3,0
35191,2026,1,6,6,128.0,-5,-1.0,1027.0,SE,1.79,0,0
35192,2026,1,6,7,126.0,-5,-1.0,1027.0,SE,3.58,0,0
35193,2026,1,6,8,126.0,-5,-1.0,1027.0,SE,5.37,0,0
35194,2026,1,6,9,159.0,-6,-1.0,1028.0,SE,8.5,1,0
35195,2026,1,6,10,149.0,-5,-1.0,1028.0,SE,11.63,2,0
35196,2026,1,6,11,123.0,-4,0.0,1027.0,SE,15.65,0,0
35197,2026,1,6,12,150.0,-4,0.0,1026.0,SE,18.78,0,0
35198,2026,1,6,13,146.0,-5,0.0,1025.0,SE,22.8,0,0
35199,2026,1,6,14,145.0,-5,0.0,1024.0,SE,25.93,0,0
35200,2026,1,6,15,160.0,-5,0.0,1024.0,SE,27.72,0,0
35201,2026,1,6,16,148.0,-5,0.0,1024.0,SE,29.51,0,0
35202,2026,1,6,17,156.0,-5,0.0,1024.0,SE,30.4,0,0
35203,2026,1,6,18,158.0,-7,-2.0,1024.0,SE,31.29,0,0
35204,2026,1,6,19,167.0,-6,-2.0,1024.0,NE,0.89,0,0
35205,2026,1,6,20,171.0,-5,-1.0,1025.0,SE,0.89,0,0
35206,2026,1,6,21,177.0,-6,-1.0,1025.0,SE,1.78,0,0
35207,2026,1,6,22,185.0,-6,-1.0,1025.0,NE,0.89,0,0
35208,2026,1,6,23,201.0,-6,-1.0,1024.0,cv,0.89,0,0
35209,2026,1,7,0,217.0,-6,-1.0,1024.0,cv,1.34,0,0
35210,2026,1,7,1,208.0,-6,-2.0,1024.0,NE,0.89,0,0
35211,2026,1,7,2,204.0,-7,-4.0,1024.0,cv,0.89,0,0
35212,2026,1,7,3,213.0,-7,-4.0,1025.0,NW,0.89,0,0
35213,2026,1,7,4,256.0,-6,-3.0,1025.0,NW,2.68,0,0
35214,2026,1,7,5,211.0,-6,-3.0,1024.0,NW,5.81,0,0
35215,2026,1,7,6,203.0,-8,-5.0,1024.0,NW,8.94,0,0
35216,2026,1,7,7,212.0,-7,-5.0,1025.0,NW,12.07,0,0
35217,2026,1,7,8,205.0,-6,-3.0,1026.0,NW,16.09,0,0
35218,2026,1,7,9,196.0,-7,-1.0,1027.0,NW,20.11,0,0
35219,2026,1,7,10,182.0,-8,1.0,1028.0,NW,24.13,0,0
35220,2026,1,7,11,124.0,-11,3.0,1027.0,NE,4.02,0,0
35221,2026,1,7,12,102.0,-14,3.0,1027.0,NE,8.94,0,0
35222,2026,1,7,13,77.0,-14,5.0,1026.0,NE,12.96,0,0
35223,2026,1,7,14,48.0,-16,5.0,1026.0,NE,16.98,0,0
35224,2026,1,7,15,38.0,-16,5.0,1026.0,NW,3.13,0,0
35225,2026,1,7,16,31.0,-16,5.0,1027.0,NE,1.79,0,0
35226,2026,1,7,17,27.0,-16,4.0,1028.0,NW,1.79,0,0
35227,2026,1,7,18,33.0,-16,4.0,1028.0,NW,4.92,0,0
35228,2026,1,7,19,35.0,-16,-1.0,1029.0,NW,8.94,0,0
35229,2026,1,7,20,29.0,-19,-1.0,1030.0,NW,12.07,0,0
35230,2026,1,7,21,24.0,-20,0.0,1031.0,NW,16.09,0,0
35231,2026,1,7,22,26.0,-25,0.0,1032.0,NW,20.11,0,0
35232,2026,1,7,23,11.0,-21,-4.0,1032.0,NW,24.13,0,0
35233,2026,1,8,0,14.0,-22,-3.0,1032.0,NW,28.15,0,0
35234,2026,1,8,1,12.0,-21,-4.0,1033.0,NW,31.28,0,0
35235,2026,1,8,2,9.0,-21,-4.0,1033.0,NW,34.41,0,0
35236,2026,1,8,3,11.0,-20,-4.0,1033.0,NW,39.33,0,0
35237,2026,1,8,4,15.0,-20,-5.0,1034.0,NW,43.35,0,0
35238,2026,1,8,5,13.0,-20,-5.0,1034.0,NE,1.79,0,0
35239,2026,1,8,6,15.0,-21,-6.0,1034.0,NW,1.79,0,0
35240,2026,1,8,7,17.0,-20,-6.0,1034.0,NW,6.71,0,0
35241,2026,1,8,8,19.0,-20,-5.0,1035.0,NE,4.02,0,0
35242,2026,1,8,9,18.0,-21,-5.0,1036.0,NW,3.13,0,0
35243,2026,1,8,10,21.0,-20,-2.0,1036.0,NW,7.15,0,0
35244,2026,1,8,11,17.0,-21,-1.0,1035.0,cv,1.79,0,0
35245,2026,1,8,12,22.0,-28,0.0,1034.0,NW,8.94,0,0
35246,2026,1,8,13,23.0,-27,1.0,1033.0,NW,16.09,0,0
35247,2026,1,8,14,16.0,-25,0.0,1032.0,NW,21.9,0,0
35248,2026,1,8,15,22.0,-26,0.0,1032.0,NW,27.71,0,0
35249,2026,1,8,16,18.0,-25,0.0,1032.0,NW,33.52,0,0
35250,2026,1,8,17,17.0,-26,-1.0,1033.0,NW,39.33,0,0
35251,2026,1,8,18,21.0,-26,-2.0,1033.0,NW,44.25,0,0
35252,2026,1,8,19,23.0,-25,-2.0,1033.0,NW,49.17,0,0
35253,2026,1,8,20,22.0,-25,-5.0,1034.0,NW,54.09,0,0
35254,2026,1,8,21,21.0,-25,-7.0,1034.0,NW,58.11,0,0
35255,2026,1,8,22,23.0,-23,-8.0,1034.0,NW,59.9,0,0
35256,2026,1,8,23,53.0,-24,-7.0,1034.0,SE,1.79,0,0
35257,2026,1,9,0,66.0,-23,-10.0,1034.0,cv,0.89,0,0
35258,2026,1,9,1,52.0,-23,-10.0,1033.0,NW,1.79,0,0
35259,2026,1,9,2,30.0,-23,-9.0,1033.0,NW,3.58,0,0
35260,2026,1,9,3,10.0,-23,-11.0,1033.0,NW,6.71,0,0
35261,2026,1,9,4,10.0,-23,-8.0,1033.0,NW,9.84,0,0
35262,2026,1,9,5,13.0,-26,-6.0,1033.0,NW,14.76,0,0
35263,2026,1,9,6,11.0,-25,-7.0,1033.0,NW,18.78,0,0
35264,2026,1,9,7,14.0,-25,-9.0,1033.0,NW,20.57,0,0
35265,2026,1,9,8,20.0,-24,-9.0,1034.0,NW,23.7,0,0
35266,2026,1,9,9,22.0,-25,-4.0,1035.0,NW,27.72,0,0
35267,2026,1,9,10,23.0,-26,-3.0,1035.0,NW,31.74,0,0
35268,2026,1,9,11,20.0,-28,-2.0,1034.0,NW,37.55,0,0
35269,2026,1,9,12,17.0,-28,0.0,1032.0,NW,42.47,0,0
35270,2026,1,9,13,14.0,-32,0.0,1031.0,NW,48.28,0,0
35271,2026,1,9,14,10.0,-33,1.0,1029.0,NW,54.09,0,0
35272,2026,1,9,15,10.0,-35,1.0,1029.0,NW,61.24,0,0
35273,2026,1,9,16,27.0,-34,1.0,1029.0,NW,67.05,0,0
35274,2026,1,9,17,44.0,-26,0.0,1029.0,SE,4.92,0,0
35275,2026,1,9,18,53.0,-24,-1.0,1029.0,SE,8.05,0,0
35276,2026,1,9,19,59.0,-23,-2.0,1030.0,SE,9.84,0,0
35277,2026,1,9,20,56.0,-22,-2.0,1030.0,SE,12.97,0,0
35278,2026,1,9,21,58.0,-23,-2.0,1030.0,SE,14.76,0,0
35279,2026,1,9,22,66.0,-24,-6.0,1031.0,cv,0.89,0,0
35280,2026,1,9,23,73.0,-21,-8.0,1031.0,NE,0.89,0,0
35281,2026,1,10,0,83.0,-20,-9.0,1031.0,cv,0.89,0,0
35282,2026,1,10,1,81.0,-20,-9.0,1031.0,cv,1.78,0,0
35283,2026,1,10,2,91.0,-22,-12.0,1031.0,NW,1.79,0,0
35284,2026,1,10,3,104.0,-22,-11.0,1031.0,NW,3.58,0,0
35285,2026,1,10,4,88.0,-22,-12.0,1031.0,NW,5.37,0,0
35286,2026,1,10,5,85.0,-23,-13.0,1031.0,NW,7.16,0,0
35287,2026,1,10,6,66.0,-22,-13.0,1031.0,NW,10.29,0,0
35288,2026,1,10,7,47.0,-23,-13.0,1031.0,NW,13.42,0,0
35289,2026,1,10,8,70.0,-22,-11.0,1031.0,cv,0.89,0,0
35290,2026,1,10,9,61.0,-21,-8.0,1032.0,NW,1.79,0,0
35291,2026,1,10,10,47.0,-22,-5.0,1032.0,cv,0.89,0,0
35292,2026,1,10,11,61.0,-23,-2.0,1032.0,cv,1.78,0,0
35293,2026,1,10,12,69.0,-25,0.0,1031.0,cv,2.67,0,0
35294,2026,1,10,13,66.0,-27,3.0,1030.0,NW,1.79,0,0
35295,2026,1,10,14,63.0,-28,3.0,1029.0,NW,3.58,0,0
35296,2026,1,10,15,43.0,-27,4.0,1029.0,SE,1.79,0,0
35297,2026,1,10,16,48.0,-29,5.0,1029.0,NW,4.92,0,0
35298,2026,1,10,17,67.0,-26,2.0,1029.0,SE,4.02,0,0
35299,2026,1,10,18,87.0,-26,1.0,1030.0,SE,8.04,0,0
35300,2026,1,10,19,127.0,-25,1.0,1030.0,SE,12.06,0,0
35301,2026,1,10,20,126.0,-20,-3.0,1031.0,cv,0.89,0,0
35302,2026,1,10,21,126.0,-24,1.0,1031.0,cv,1.78,0,0
35303,2026,1,10,22,106.0,-19,-5.0,1032.0,SE,1.79,0,0
35304,2026,1,10,23,104.0,-20,-8.0,1032.0,SE,2.68,0,0
35305,2026,1,11,0,118.0,-19,-9.0,1032.0,NE,0.89,0,0
35306,2026,1,11,1,141.0,-19,-9.0,1032.0,NE,1.78,0,0
35307,2026,1,11,2,199.0,-19,-9.0,1032.0,NW,1.79,0,0
35308,2026,1,11,3,262.0,-19,-10.0,1032.0,NW,2.68,0,0
35309,2026,1,11,4,234.0,-21,-10.0,1032.0,NW,4.47,0,0
35310,2026,1,11,5,221.0,-19,-11.0,1032.0,cv,0.89,0,0
35311,2026,1,11,6,177.0,-20,-12.0,1031.0,NW,0.89,0,0
35312,2026,1,11,7,135.0,-20,-11.0,1031.0,NW,4.02,0,0
35313,2026,1,11,8,108.0,-20,-11.0,1032.0,NE,1.79,0,0
35314,2026,1,11,9,97.0,-18,-7.0,1032.0,cv,0.89,0,0
35315,2026,1,11,10,87.0,-20,-3.0,1032.0,NW,1.79,0,0
35316,2026,1,11,11,85.0,-21,-1.0,1031.0,NW,3.58,0,0
35317,2026,1,11,12,81.0,-25,1.0,1030.0,NW,5.37,0,0
35318,2026,1,11,13,82.0,-25,3.0,1029.0,cv,1.79,0,0
35319,2026,1,11,14,81.0,-25,5.0,1028.0,NW,1.79,0,0
35320,2026,1,11,15,111.0,-27,5.0,1027.0,cv,1.79,0,0
35321,2026,1,11,16,143.0,-25,4.0,1027.0,SE,4.02,0,0
35322,2026,1,11,17,153.0,-22,2.0,1027.0,SE,7.15,0,0
35323,2026,1,11,18,189.0,-21,2.0,1028.0,SE,11.17,0,0
35324,2026,1,11,19,244.0,-19,2.0,1029.0,SE,14.3,0,0
35325,2026,1,11,20,273.0,-18,-4.0,1029.0,NW,0.89,0,0
35326,2026,1,11,21,218.0,-19,-5.0,1030.0,NW,2.68,0,0
35327,2026,1,11,22,227.0,-19,-1.0,1031.0,NW,6.7,0,0
35328,2026,1,11,23,95.0,-19,-2.0,1032.0,cv,0.89,0,0
35329,2026,1,12,0,20.0,-22,1.0,1032.0,NW,8.94,0,0
35330,2026,1,12,1,,-21,-1.0,1033.0,NW,16.09,0,0
35331,2026,1,12,2,,-24,-1.0,1034.0,NW,24.14,0,0
35332,2026,1,12,3,,-22,-3.0,1035.0,NW,29.95,0,0
35333,2026,1,12,4,,-23,-6.0,1035.0,NW,33.97,0,0
35334,2026,1,12,5,,-22,-7.0,1035.0,NW,37.99,0,0
35335,2026,1,12,6,12.0,-24,-6.0,1036.0,NW,39.78,0,0
35336,2026,1,12,7,12.0,-23,-7.0,1037.0,NW,42.91,0,0
35337,2026,1,12,8,17.0,-22,-6.0,1038.0,cv,0.89,0,0
35338,2026,1,12,9,33.0,-22,-2.0,1039.0,NW,1.79,0,0
35339,2026,1,12,10,22.0,-23,0.0,1039.0,NW,3.58,0,0
35340,2026,1,12,11,20.0,-26,1.0,1039.0,NE,1.79,0,0
35341,2026,1,12,12,10.0,-26,1.0,1038.0,cv,0.89,0,0
35342,2026,1,12,13,14.0,-27,2.0,1036.0,NW,4.02,0,0
35343,2026,1,12,14,12.0,-27,2.0,1036.0,NW,8.04,0,0
35344,2026,1,12,15,12.0,-27,4.0,1035.0,NW,12.06,0,0
35345,2026,1,12,16,8.0,-27,3.0,1035.0,NW,16.98,0,0
35346,2026,1,12,17,19.0,-27,2.0,1035.0,cv,3.13,0,0
35347,2026,1,12,18,40.0,-26,1.0,1035.0,SE,3.13,0,0
35348,2026,1,12,19,37.0,-25,0.0,1035.0,SE,7.15,0,0
35349,2026,1,12,20,42.0,-22,-2.0,1035.0,cv,0.45,0,0
35350,2026,1,12,21,56.0,-22,-4.0,1035.0,cv,1.34,0,0
35351,2026,1,12,22,62.0,-21,-8.0,1035.0,NW,3.13,0,0
35352,2026,1,12,23,57.0,-22,-9.0,1035.0,NE,0.89,0,0
35353,2026,1,13,0,57.0,-19,-9.0,1034.0,cv,0.89,0,0
35354,2026,1,13,1,75.0,-20,-9.0,1034.0,NW,1.79,0,0
35355,2026,1,13,2,96.0,-20,-9.0,1034.0,cv,0.89,0,0
35356,2026,1,13,3,110.0,-18,-9.0,1034.0,NW,1.79,0,0
35357,2026,1,13,4,97.0,-20,-11.0,1033.0,NW,3.58,0,0
35358,2026,1,13,5,105.0,-20,-11.0,1033.0,NW,5.37,0,0
35359,2026,1,13,6,84.0,-19,-12.0,1033.0,NE,0.89,0,0
35360,2026,1,13,7,106.0,-19,-11.0,1033.0,NW,1.79,0,0
35361,2026,1,13,8,112.0,-19,-11.0,1033.0,NE,0.89,0,0
35362,2026,1,13,9,120.0,-17,-8.0,1034.0,NE,2.68,0,0
35363,2026,1,13,10,117.0,-18,-4.0,1033.0,cv,0.89,0,0
35364,2026,1,13,11,118.0,-18,-1.0,1033.0,cv,1.78,0,0
35365,2026,1,13,12,106.0,-19,0.0,1031.0,cv,2.67,0,0
35366,2026,1,13,13,96.0,-23,1.0,1030.0,cv,3.56,0,0
35367,2026,1,13,14,82.0,-22,2.0,1029.0,cv,4.45,0,0
35368,2026,1,13,15,63.0,-23,3.0,1029.0,SE,1.79,0,0
35369,2026,1,13,16,79.0,-23,3.0,1029.0,cv,0.89,0,0
35370,2026,1,13,17,125.0,-22,0.0,1029.0,SE,0.89,0,0
35371,2026,1,13,18,119.0,-20,-2.0,1030.0,cv,0.89,0,0
35372,2026,1,13,19,115.0,-19,-6.0,1030.0,NE,1.79,0,0
35373,2026,1,13,20,131.0,-16,-6.0,1031.0,SE,1.79,0,0
35374,2026,1,13,21,177.0,-18,-7.0,1031.0,NE,1.79,0,0
35375,2026,1,13,22,287.0,-17,-7.0,1032.0,SE,0.89,0,0
35376,2026,1,13,23,299.0,-19,-8.0,1032.0,NE,1.79,0,0
35377,2026,1,14,0,250.0,-18,-7.0,1033.0,NW,1.79,0,0
35378,2026,1,14,1,159.0,-19,-8.0,1033.0,NW,3.58,0,0
35379,2026,1,14,2,124.0,-20,-9.0,1033.0,NW,6.71,0,0
35380,2026,1,14,3,123.0,-19,-8.0,1034.0,NW,11.63,0,0
35381,2026,1,14,4,49.0,-21,-10.0,1034.0,NW,15.65,0,0
35382,2026,1,14,5,36.0,-19,-9.0,1034.0,cv,0.89,0,0
35383,2026,1,14,6,59.0,-20,-9.0,1034.0,cv,1.78,0,0
35384,2026,1,14,7,85.0,-18,-9.0,1035.0,cv,2.67,0,0
35385,2026,1,14,8,170.0,-18,-11.0,1035.0,NW,1.79,0,0
35386,2026,1,14,9,180.0,-15,-7.0,1036.0,NW,3.58,0,0
35387,2026,1,14,10,227.0,-12,-2.0,1036.0,NW,5.37,0,0
35388,2026,1,14,11,199.0,-20,-1.0,1036.0,cv,0.89,0,0
35389,2026,1,14,12,168.0,-23,1.0,1035.0,cv,1.78,0,0
35390,2026,1,14,13,93.0,-24,2.0,1033.0,cv,2.67,0,0
35391,2026,1,14,14,80.0,-23,3.0,1033.0,NW,1.79,0,0
35392,2026,1,14,15,111.0,-22,3.0,1033.0,cv,1.79,0,0
35393,2026,1,14,16,133.0,-19,3.0,1032.0,SE,3.13,0,0
35394,2026,1,14,17,135.0,-17,1.0,1033.0,SE,6.26,0,0
35395,2026,1,14,18,94.0,-16,0.0,1033.0,SE,9.39,0,0
35396,2026,1,14,19,103.0,-17,0.0,1033.0,SE,12.52,0,0
35397,2026,1,14,20,92.0,-16,1.0,1033.0,cv,1.79,0,0
35398,2026,1,14,21,93.0,-15,-5.0,1034.0,cv,2.68,0,0
35399,2026,1,14,22,109.0,-14,-5.0,1034.0,cv,3.57,0,0
35400,2026,1,14,23,122.0,-14,-6.0,1034.0,cv,4.46,0,0
35401,2026,1,15,0,123.0,-13,-7.0,1033.0,cv,5.35,0,0
35402,2026,1,15,1,122.0,-14,-8.0,1033.0,NW,0.89,0,0
35403,2026,1,15,2,172.0,-15,-7.0,1034.0,NW,2.68,0,0
35404,2026,1,15,3,213.0,-17,-10.0,1033.0,NW,4.47,0,0
35405,2026,1,15,4,196.0,-17,-10.0,1033.0,NW,6.26,0,0
35406,2026,1,15,5,158.0,-18,-10.0,1033.0,cv,0.89,0,0
35407,2026,1,15,6,103.0,-19,-10.0,1032.0,cv,1.78,0,0
35408,2026,1,15,7,90.0,-18,-10.0,1033.0,NW,3.13,0,0
35409,2026,1,15,8,70.0,-18,-7.0,1033.0,NW,4.92,0,0
35410,2026,1,15,9,67.0,-18,-5.0,1033.0,NW,8.05,0,0
35411,2026,1,15,10,66.0,-17,-2.0,1033.0,NW,12.07,0,0
35412,2026,1,15,11,52.0,-18,0.0,1033.0,NW,13.86,0,0
35413,2026,1,15,12,55.0,-20,2.0,1032.0,cv,1.79,0,0
35414,2026,1,15,13,51.0,-22,5.0,1030.0,cv,2.68,0,0
35415,2026,1,15,14,47.0,-22,5.0,1029.0,cv,3.57,0,0
35416,2026,1,15,15,48.0,-22,5.0,1029.0,cv,5.36,0,0
35417,2026,1,15,16,60.0,-23,5.0,1029.0,cv,6.25,0,0
35418,2026,1,15,17,88.0,-23,2.0,1028.0,SE,1.79,0,0
35419,2026,1,15,18,279.0,-16,2.0,1029.0,SE,5.81,0,0
35420,2026,1,15,19,435.0,-15,0.0,1029.0,SE,8.94,0,0
35421,2026,1,15,20,489.0,-13,-2.0,1029.0,cv,0.89,0,0
35422,2026,1,15,21,513.0,-11,-2.0,1029.0,cv,1.78,0,0
35423,2026,1,15,22,539.0,-11,-2.0,1028.0,SE,1.79,0,0
35424,2026,1,15,23,567.0,-10,-2.0,1029.0,cv,0.89,0,0
35425,2026,1,16,0,569.0,-10,-3.0,1028.0,SE,1.79,0,0
35426,2026,1,16,1,659.0,-9,-3.0,1027.0,cv,0.89,0,0
35427,2026,1,16,2,648.0,-9,-3.0,1027.0,cv,1.78,0,0
35428,2026,1,16,3,651.0,-8,-3.0,1027.0,cv,2.67,0,0
35429,2026,1,16,4,671.0,-7,-3.0,1027.0,NE,1.79,0,0
35430,2026,1,16,5,623.0,-7,-3.0,1026.0,SE,1.79,0,0
35431,2026,1,16,6,618.0,-7,-4.0,1027.0,NW,0.89,0,0
35432,2026,1,16,7,532.0,-7,-4.0,1027.0,NW,1.78,0,0
35433,2026,1,16,8,477.0,-8,-5.0,1028.0,NW,3.57,0,0
35434,2026,1,16,9,479.0,-8,-5.0,1028.0,NW,5.36,0,0
35435,2026,1,16,10,490.0,-6,-2.0,1028.0,cv,0.89,0,0
35436,2026,1,16,11,476.0,-11,1.0,1028.0,NE,1.79,0,0
35437,2026,1,16,12,457.0,-11,2.0,1027.0,NE,5.81,0,0
35438,2026,1,16,13,327.0,-10,3.0,1027.0,NE,8.94,0,0
35439,2026,1,16,14,161.0,-11,4.0,1026.0,SE,1.79,0,0
35440,2026,1,16,15,286.0,-15,5.0,1027.0,SE,3.58,0,0
35441,2026,1,16,16,298.0,-14,5.0,1027.0,SE,5.37,0,0
35442,2026,1,16,17,310.0,-11,3.0,1027.0,SE,7.16,0,0
35443,2026,1,16,18,332.0,-7,0.0,1029.0,SE,10.29,0,0
35444,2026,1,16,19,391.0,-7,-2.0,1029.0,SE,12.08,0,0
35445,2026,1,16,20,437.0,-6,-1.0,1030.0,SE,13.87,0,0
35446,2026,1,16,21,422.0,-5,-1.0,1031.0,cv,0.89,0,0
35447,2026,1,16,22,320.0,-5,-2.0,1031.0,SE,1.79,0,0
35448,2026,1,16,23,346.0,-4,-1.0,1031.0,SE,3.58,0,0
35449,2026,1,17,0,351.0,-4,-1.0,1031.0,SE,7.6,0,0
35450,2026,1,17,1,297.0,-5,-2.0,1031.0,SE,10.73,0,0
35451,2026,1,17,2,290.0,-5,-2.0,1031.0,SE,13.86,0,0
35452,2026,1,17,3,250.0,-7,-2.0,1031.0,SE,18.78,1,0
35453,2026,1,17,4,170.0,-10,-2.0,1031.0,SE,23.7,2,0
35454,2026,1,17,5,103.0,-10,-3.0,1031.0,SE,29.51,0,0
35455,2026,1,17,6,79.0,-10,-3.0,1031.0,SE,34.43,0,0
35456,2026,1,17,7,73.0,-10,-3.0,1032.0,cv,0.89,1,0
35457,2026,1,17,8,74.0,-10,-3.0,1032.0,SE,1.79,0,0
35458,2026,1,17,9,77.0,-10,-3.0,1033.0,SE,3.58,0,0
35459,2026,1,17,10,81.0,-10,-2.0,1033.0,SE,5.37,0,0
35460,2026,1,17,11,95.0,-9,0.0,1033.0,cv,0.89,0,0
35461,2026,1,17,12,115.0,-10,1.0,1032.0,SE,1.79,0,0
35462,2026,1,17,13,77.0,-11,3.0,1031.0,cv,0.89,0,0
35463,2026,1,17,14,67.0,-13,5.0,1030.0,cv,2.68,0,0
35464,2026,1,17,15,13.0,-21,5.0,1030.0,NW,7.15,0,0
35465,2026,1,17,16,12.0,-21,5.0,1030.0,NW,14.3,0,0
35466,2026,1,17,17,10.0,-22,4.0,1030.0,NW,21.45,0,0
35467,2026,1,17,18,195.0,-23,4.0,1031.0,NW,28.6,0,0
35468,2026,1,17,19,238.0,-22,3.0,1031.0,NW,32.62,0,0
35469,2026,1,17,20,293.0,-22,3.0,1031.0,NW,36.64,0,0
35470,2026,1,17,21,384.0,-22,3.0,1032.0,NW,40.66,0,0
35471,2026,1,17,22,381.0,-18,-1.0,1032.0,NW,44.68,0,0
35472,2026,1,17,23,296.0,-23,3.0,1032.0,NW,49.6,0,0
35473,2026,1,18,0,38.0,-22,1.0,1032.0,NW,54.52,0,0
35474,2026,1,18,1,19.0,-20,-2.0,1032.0,NW,57.65,0,0
35475,2026,1,18,2,22.0,-21,2.0,1033.0,NW,63.46,0,0
35476,2026,1,18,3,20.0,-17,-1.0,1033.0,NW,68.38,0,0
35477,2026,1,18,4,14.0,-17,-4.0,1033.0,NW,73.3,0,0
35478,2026,1,18,5,23.0,-16,-5.0,1033.0,NE,1.79,0,0
35479,2026,1,18,6,19.0,-16,-8.0,1033.0,NE,3.58,0,0
35480,2026,1,18,7,22.0,-17,-6.0,1034.0,NE,6.71,0,0
35481,2026,1,18,8,33.0,-16,-5.0,1034.0,NW,3.13,0,0
35482,2026,1,18,9,42.0,-15,-1.0,1035.0,NW,6.26,0,0
35483,2026,1,18,10,40.0,-19,3.0,1035.0,NW,9.39,0,0
35484,2026,1,18,11,43.0,-20,4.0,1035.0,NE,4.02,0,0
35485,2026,1,18,12,56.0,-20,5.0,1034.0,cv,0.89,0,0
35486,2026,1,18,13,57.0,-21,6.0,1033.0,cv,2.68,0,0
35487,2026,1,18,14,153.0,-20,6.0,1032.0,SE,3.13,0,0
35488,2026,1,18,15,108.0,-19,6.0,1032.0,SE,7.15,0,0
35489,2026,1,18,16,89.0,-18,5.0,1031.0,SE,12.07,0,0
35490,2026,1,18,17,87.0,-18,3.0,1031.0,SE,16.09,0,0
35491,2026,1,18,18,95.0,-19,3.0,1032.0,SE,17.88,0,0
35492,2026,1,18,19,111.0,-16,1.0,1032.0,cv,0.89,0,0
35493,2026,1,18,20,112.0,-15,1.0,1031.0,SE,1.79,0,0
35494,2026,1,18,21,145.0,-14,1.0,1031.0,SE,5.81,0,0
35495,2026,1,18,22,184.0,-12,-2.0,1032.0,SE,7.6,0,0
35496,2026,1,18,23,178.0,-11,-2.0,1031.0,SE,11.62,0,0
35497,2026,1,19,0,170.0,-9,-2.0,1030.0,SE,15.64,0,0
35498,2026,1,19,1,161.0,-8,-2.0,1030.0,SE,19.66,0,0
35499,2026,1,19,2,133.0,-8,-2.0,1030.0,SE,21.45,0,0
35500,2026,1,19,3,114.0,-8,-2.0,1028.0,SE,24.58,0,0
35501,2026,1,19,4,112.0,-7,-2.0,1027.0,cv,0.89,0,0
35502,2026,1,19,5,114.0,-7,-3.0,1027.0,cv,1.78,0,0
35503,2026,1,19,6,130.0,-7,-3.0,1026.0,SE,1.79,0,0
35504,2026,1,19,7,133.0,-7,-2.0,1026.0,cv,0.89,0,0
35505,2026,1,19,8,143.0,-7,-3.0,1025.0,cv,1.78,0,0
35506,2026,1,19,9,137.0,-7,-2.0,1026.0,cv,2.67,0,0
35507,2026,1,19,10,143.0,-6,-2.0,1026.0,NW,1.79,0,0
35508,2026,1,19,11,145.0,-6,-1.0,1025.0,NW,3.58,0,0
35509,2026,1,19,12,185.0,-7,1.0,1023.0,cv,0.89,0,0
35510,2026,1,19,13,198.0,-8,2.0,1021.0,cv,2.68,0,0
35511,2026,1,19,14,205.0,-9,3.0,1020.0,SE,1.79,0,0
35512,2026,1,19,15,195.0,-9,3.0,1020.0,SE,4.92,0,0
35513,2026,1,19,16,203.0,-9,3.0,1020.0,SE,6.71,0,0
35514,2026,1,19,17,209.0,-9,1.0,1021.0,SE,8.5,0,0
35515,2026,1,19,18,202.0,-9,1.0,1022.0,cv,0.89,0,0
35516,2026,1,19,19,28.0,-21,5.0,1023.0,NW,12.07,0,0
35517,2026,1,19,20,26.0,-21,3.0,1024.0,NW,21.9,0,0
35518,2026,1,19,21,22.0,-21,2.0,1025.0,NW,29.95,0,0
35519,2026,1,19,22,24.0,-22,2.0,1026.0,NW,38.89,0,0
35520,2026,1,19,23,16.0,-21,1.0,1025.0,NW,46.04,0,0
35521,2026,1,20,0,16.0,-19,-1.0,1025.0,NW,50.06,0,0
35522,2026,1,20,1,17.0,-20,0.0,1026.0,NW,59.89,0,0
35523,2026,1,20,2,7.0,-21,-1.0,1027.0,NW,69.72,0,0
35524,2026,1,20,3,9.0,-23,-1.0,1027.0,NW,84.92,0,0
35525,2026,1,20,4,10.0,-22,-2.0,1027.0,NW,97.88,0,0
35526,2026,1,20,5,8.0,-21,-2.0,1028.0,NW,109.06,0,0
35527,2026,1,20,6,7.0,-21,-3.0,1028.0,NW,114.87,0,0
35528,2026,1,20,7,10.0,-21,-2.0,1028.0,NW,123.81,0,0
35529,2026,1,20,8,11.0,-21,-2.0,1029.0,NW,135.88,0,0
35530,2026,1,20,9,11.0,-21,-1.0,1029.0,NW,147.06,0,0
35531,2026,1,20,10,10.0,-23,0.0,1030.0,NW,159.13,0,0
35532,2026,1,20,11,7.0,-24,1.0,1030.0,NW,171.2,0,0
35533,2026,1,20,12,9.0,-25,2.0,1030.0,NW,183.27,0,0
35534,2026,1,20,13,14.0,-24,3.0,1029.0,NW,194.45,0,0
35535,2026,1,20,14,13.0,-24,4.0,1029.0,NW,207.41,0,0
35536,2026,1,20,15,14.0,-25,3.0,1029.0,NW,219.48,0,0
35537,2026,1,20,16,9.0,-24,3.0,1030.0,NW,230.66,0,0
35538,2026,1,20,17,14.0,-24,2.0,1030.0,NW,240.49,0,0
35539,2026,1,20,18,9.0,-24,1.0,1032.0,NW,250.32,0,0
35540,2026,1,20,19,8.0,-23,0.0,1032.0,NW,258.37,0,0
35541,2026,1,20,20,10.0,-20,0.0,1033.0,NW,265.52,0,0
35542,2026,1,20,21,8.0,-20,-1.0,1034.0,NW,272.67,0,0
35543,2026,1,20,22,9.0,-20,-1.0,1034.0,NW,277.59,0,0
35544,2026,1,20,23,11.0,-20,-1.0,1034.0,NW,284.74,0,0
35545,2026,1,21,0,11.0,-20,-2.0,1034.0,NW,291.89,0,0
35546,2026,1,21,1,10.0,-20,-3.0,1034.0,NW,297.7,0,0
35547,2026,1,21,2,15.0,-22,-2.0,1034.0,NW,306.64,0,0
35548,2026,1,21,3,13.0,-22,-6.0,1035.0,NW,310.66,0,0
35549,2026,1,21,4,16.0,-22,-4.0,1035.0,NW,315.58,0,0
35550,2026,1,21,5,13.0,-22,-6.0,1035.0,NW,318.71,0,0
35551,2026,1,21,6,18.0,-21,-5.0,1035.0,NW,323.63,0,0
35552,2026,1,21,7,18.0,-22,-5.0,1035.0,NW,328.55,0,0
35553,2026,1,21,8,22.0,-21,-5.0,1035.0,NE,3.13,0,0
35554,2026,1,21,9,23.0,-20,-3.0,1035.0,NE,6.26,0,0
35555,2026,1,21,10,24.0,-21,-1.0,1035.0,NW,3.13,0,0
35556,2026,1,21,11,24.0,-23,2.0,1035.0,NW,6.26,0,0
35557,2026,1,21,12,23.0,-24,2.0,1033.0,cv,0.89,0,0
35558,2026,1,21,13,23.0,-24,4.0,1032.0,NW,1.79,0,0
35559,2026,1,21,14,42.0,-25,4.0,1030.0,cv,3.13,0,0
35560,2026,1,21,15,54.0,-24,4.0,1030.0,SE,4.02,0,0
35561,2026,1,21,16,48.0,-24,3.0,1029.0,SE,8.94,0,0
35562,2026,1,21,17,66.0,-23,3.0,1029.0,SE,12.96,0,0
35563,2026,1,21,18,56.0,-24,1.0,1029.0,SE,16.09,0,0
35564,2026,1,21,19,67.0,-23,1.0,1029.0,SE,19.22,0,0
35565,2026,1,21,20,95.0,-20,-1.0,1028.0,SE,21.01,0,0
35566,2026,1,21,21,111.0,-19,-1.0,1028.0,SE,22.8,0,0
35567,2026,1,21,22,112.0,-18,-4.0,1028.0,cv,0.89,0,0
35568,2026,1,21,23,113.0,-18,-5.0,1027.0,NE,0.89,0,0
35569,2026,1,22,0,127.0,-18,-6.0,1027.0,SE,1.79,0,0
35570,2026,1,22,1,137.0,-19,-6.0,1026.0,NE,0.89,0,0
35571,2026,1,22,2,164.0,-18,-8.0,1026.0,NW,0.89,0,0
35572,2026,1,22,3,190.0,-18,-8.0,1026.0,NW,2.68,0,0
35573,2026,1,22,4,175.0,-18,-9.0,1025.0,NW,4.47,0,0
35574,2026,1,22,5,142.0,-18,-9.0,1025.0,NW,6.26,0,0
35575,2026,1,22,6,107.0,-17,-9.0,1025.0,NW,8.05,0,0
35576,2026,1,22,7,101.0,-19,-10.0,1025.0,NW,11.18,0,0
35577,2026,1,22,8,100.0,-18,-9.0,1025.0,NW,14.31,0,0
35578,2026,1,22,9,97.0,-16,-5.0,1025.0,cv,0.89,0,0
35579,2026,1,22,10,101.0,-18,-2.0,1025.0,NW,3.13,0,0
35580,2026,1,22,11,105.0,-20,0.0,1025.0,NW,4.92,0,0
35581,2026,1,22,12,117.0,-20,2.0,1024.0,cv,0.89,0,0
35582,2026,1,22,13,119.0,-20,3.0,1023.0,SE,1.79,0,0
35583,2026,1,22,14,115.0,-21,5.0,1021.0,cv,0.89,0,0
35584,2026,1,22,15,125.0,-22,5.0,1021.0,cv,1.78,0,0
35585,2026,1,22,16,,-21,5.0,1021.0,SE,1.79,0,0
35586,2026,1,22,17,,-21,4.0,1021.0,cv,0.89,0,0
35587,2026,1,22,18,184.0,-20,1.0,1021.0,cv,1.78,0,0
35588,2026,1,22,19,210.0,-16,-2.0,1021.0,SE,0.89,0,0
35589,2026,1,22,20,213.0,-16,-2.0,1022.0,SE,1.78,0,0
35590,2026,1,22,21,237.0,-16,-4.0,1022.0,SE,3.57,0,0
35591,2026,1,22,22,258.0,-17,-5.0,1022.0,NE,1.79,0,0
35592,2026,1,22,23,264.0,-15,-5.0,1022.0,SE,1.79,0,0
35593,2026,1,23,0,324.0,-16,-3.0,1021.0,SE,3.58,0,0
35594,2026,1,23,1,344.0,-16,-6.0,1021.0,NW,1.79,0,0
35595,2026,1,23,2,356.0,-15,-7.0,1020.0,cv,0.45,0,0
35596,2026,1,23,3,366.0,-15,-7.0,1020.0,cv,0.9,0,0
35597,2026,1,23,4,350.0,-15,-7.0,1020.0,NW,0.89,0,0
35598,2026,1,23,5,321.0,-16,-8.0,1019.0,cv,0.45,0,0
35599,2026,1,23,6,294.0,-15,-8.0,1018.0,NW,0.89,0,0
35600,2026,1,23,7,239.0,-16,-8.0,1018.0,NW,2.68,0,0
35601,2026,1,23,8,219.0,-15,-6.0,1018.0,NW,4.47,0,0
35602,2026,1,23,9,221.0,-13,-5.0,1018.0,cv,0.89,0,0
35603,2026,1,23,10,245.0,-14,-2.0,1017.0,cv,1.34,0,0
35604,2026,1,23,11,311.0,-16,0.0,1018.0,NW,1.79,0,0
35605,2026,1,23,12,240.0,-15,2.0,1016.0,cv,0.89,0,0
35606,2026,1,23,13,235.0,-15,2.0,1015.0,NE,1.79,0,0
35607,2026,1,23,14,232.0,-14,2.0,1014.0,cv,0.89,0,0
35608,2026,1,23,15,238.0,-14,3.0,1014.0,cv,1.78,0,0
35609,2026,1,23,16,243.0,-14,3.0,1013.0,cv,2.67,0,0
35610,2026,1,23,17,282.0,-14,1.0,1013.0,NE,0.89,0,0
35611,2026,1,23,18,310.0,-12,-1.0,1014.0,cv,0.89,0,0
35612,2026,1,23,19,295.0,-12,-4.0,1015.0,cv,1.78,0,0
35613,2026,1,23,20,301.0,-11,-3.0,1015.0,NW,0.89,0,0
35614,2026,1,23,21,325.0,-12,-5.0,1015.0,NE,1.79,0,0
35615,2026,1,23,22,319.0,-11,-4.0,1015.0,NW,0.89,0,0
35616,2026,1,23,23,335.0,-11,-3.0,1016.0,NW,2.68,0,0
35617,2026,1,24,0,301.0,-11,-3.0,1015.0,NW,4.47,0,0
35618,2026,1,24,1,312.0,-12,-3.0,1016.0,NW,6.26,0,0
35619,2026,1,24,2,316.0,-11,-3.0,1015.0,NW,8.05,0,0
35620,2026,1,24,3,296.0,-11,-3.0,1014.0,NW,11.18,0,0
35621,2026,1,24,4,270.0,-12,-2.0,1015.0,NW,12.97,0,0
35622,2026,1,24,5,252.0,-12,-3.0,1014.0,NW,16.99,0,0
35623,2026,1,24,6,234.0,-12,-3.0,1014.0,NW,21.91,0,0
35624,2026,1,24,7,233.0,-12,-3.0,1016.0,cv,0.89,0,0
35625,2026,1,24,8,241.0,-12,-3.0,1016.0,cv,1.78,0,0
35626,2026,1,24,9,231.0,-12,-1.0,1017.0,NW,1.79,0,0
35627,2026,1,24,10,214.0,-13,1.0,1017.0,NW,3.58,0,0
35628,2026,1,24,11,210.0,-16,4.0,1019.0,NW,6.71,0,0
35629,2026,1,24,12,178.0,-15,5.0,1018.0,NW,11.63,0,0
35630,2026,1,24,13,142.0,-16,7.0,1017.0,NW,15.65,0,0
35631,2026,1,24,14,122.0,-21,10.0,1016.0,NE,4.92,0,0
35632,2026,1,24,15,59.0,-22,10.0,1017.0,NE,8.94,0,0
35633,2026,1,24,16,47.0,-23,10.0,1017.0,NE,13.86,0,0
35634,2026,1,24,17,40.0,-24,9.0,1018.0,NE,17.88,0,0
35635,2026,1,24,18,32.0,-24,9.0,1019.0,NE,21.9,0,0
35636,2026,1,24,19,48.0,-25,8.0,1020.0,NE,25.92,0,0
35637,2026,1,24,20,32.0,-24,5.0,1021.0,NE,29.05,0,0
35638,2026,1,24,21,25.0,-23,4.0,1021.0,NW,3.13,0,0
35639,2026,1,24,22,26.0,-23,4.0,1021.0,NE,1.79,0,0
35640,2026,1,24,23,43.0,-21,1.0,1022.0,NW,4.02,0,0
35641,2026,1,25,0,54.0,-20,1.0,1023.0,NE,1.79,0,0
35642,2026,1,25,1,55.0,-19,-1.0,1022.0,NW,1.79,0,0
35643,2026,1,25,2,53.0,-17,-1.0,1023.0,cv,0.89,0,0
35644,2026,1,25,3,60.0,-17,-1.0,1023.0,cv,1.78,0,0
35645,2026,1,25,4,55.0,-17,-1.0,1023.0,NW,1.79,0,0
35646,2026,1,25,5,42.0,-15,-2.0,1023.0,NW,3.58,0,0
35647,2026,1,25,6,36.0,-19,1.0,1024.0,NW,6.71,0,0
35648,2026,1,25,7,32.0,-21,1.0,1025.0,NW,9.84,0,0
35649,2026,1,25,8,14.0,-20,0.0,1026.0,NW,12.97,0,0
35650,2026,1,25,9,15.0,-21,5.0,1027.0,NW,16.99,0,0
35651,2026,1,25,10,18.0,-20,6.0,1028.0,NE,4.02,0,0
35652,2026,1,25,11,14.0,-21,6.0,1028.0,NE,8.94,0,0
35653,2026,1,25,12,15.0,-22,6.0,1028.0,NE,14.75,0,0
35654,2026,1,25,13,15.0,-22,6.0,1027.0,NE,20.56,0,0
35655,2026,1,25,14,14.0,-24,6.0,1027.0,NE,26.37,0,0
35656,2026,1,25,15,19.0,-24,6.0,1027.0,NE,31.29,0,0
35657,2026,1,25,16,17.0,-24,5.0,1027.0,NE,35.31,0,0
35658,2026,1,25,17,16.0,-24,4.0,1028.0,SE,0.89,0,0
35659,2026,1,25,18,14.0,-23,0.0,1029.0,cv,0.89,0,0
35660,2026,1,25,19,33.0,-20,-1.0,1030.0,NW,0.89,0,0
35661,2026,1,25,20,45.0,-22,-2.0,1031.0,NW,4.02,0,0
35662,2026,1,25,21,55.0,-13,0.0,1032.0,SE,3.13,0,0
35663,2026,1,25,22,71.0,-7,0.0,1033.0,SE,6.26,0,0
35664,2026,1,25,23,59.0,-7,-1.0,1034.0,SE,10.28,0,0
35665,2026,1,26,0,42.0,-8,-2.0,1034.0,SE,13.41,0,0
35666,2026,1,26,1,31.0,-9,-3.0,1034.0,SE,15.2,0,0
35667,2026,1,26,2,30.0,-9,-5.0,1034.0,cv,0.89,0,0
35668,2026,1,26,3,39.0,-8,-3.0,1034.0,SE,1.79,0,0
35669,2026,1,26,4,23.0,-9,-2.0,1033.0,SE,3.58,0,0
35670,2026,1,26,5,26.0,-9,-2.0,1033.0,SE,5.37,0,0
35671,2026,1,26,6,25.0,-10,-3.0,1033.0,SE,7.16,0,0
35672,2026,1,26,7,26.0,-12,-5.0,1034.0,SE,10.29,0,0
35673,2026,1,26,8,24.0,-12,-6.0,1034.0,SE,12.08,0,0
35674,2026,1,26,9,29.0,-11,-3.0,1033.0,SE,13.87,0,0
35675,2026,1,26,10,28.0,-10,-1.0,1033.0,SE,17.0,0,0
35676,2026,1,26,11,35.0,-11,1.0,1032.0,SE,21.02,0,0
35677,2026,1,26,12,35.0,-11,2.0,1031.0,SE,25.94,0,0
35678,2026,1,26,13,38.0,-12,2.0,1029.0,SE,30.86,0,0
35679,2026,1,26,14,49.0,-12,2.0,1027.0,SE,34.88,0,0
35680,2026,1,26,15,65.0,-12,3.0,1026.0,SE,38.9,0,0
35681,2026,1,26,16,72.0,-13,3.0,1024.0,SE,42.92,0,0
35682,2026,1,26,17,74.0,-13,2.0,1024.0,SE,44.71,0,0
35683,2026,1,26,18,80.0,-13,1.0,1024.0,cv,0.89,0,0
35684,2026,1,26,19,88.0,-12,0.0,1024.0,SE,3.13,0,0
35685,2026,1,26,20,106.0,-12,0.0,1023.0,SE,6.26,0,0
35686,2026,1,26,21,113.0,-10,-1.0,1023.0,SE,8.05,0,0
35687,2026,1,26,22,139.0,-8,-2.0,1022.0,SE,11.18,0,0
35688,2026,1,26,23,119.0,-8,-3.0,1021.0,SE,12.97,0,0
35689,2026,1,27,0,122.0,-8,-3.0,1020.0,SE,14.76,0,0
35690,2026,1,27,1,116.0,-9,-5.0,1020.0,cv,0.45,0,0
35691,2026,1,27,2,132.0,-10,-6.0,1019.0,NE,0.89,0,0
35692,2026,1,27,3,120.0,-10,-6.0,1019.0,cv,0.45,0,0
35693,2026,1,27,4,111.0,-10,-7.0,1018.0,NW,1.79,0,0
35694,2026,1,27,5,108.0,-10,-6.0,1017.0,NW,3.58,0,0
35695,2026,1,27,6,110.0,-11,-7.0,1017.0,NW,6.71,0,0
35696,2026,1,27,7,119.0,-10,-7.0,1017.0,NW,8.5,0,0
35697,2026,1,27,8,125.0,-10,-6.0,1017.0,NW,10.29,0,0
35698,2026,1,27,9,143.0,-8,-4.0,1017.0,NW,13.42,0,0
35699,2026,1,27,10,149.0,-8,-1.0,1017.0,NW,16.55,0,0
35700,2026,1,27,11,133.0,-11,2.0,1018.0,NW,19.68,0,0
35701,2026,1,27,12,136.0,-12,3.0,1017.0,NW,22.81,0,0
35702,2026,1,27,13,149.0,-12,5.0,1016.0,NW,25.94,0,0
35703,2026,1,27,14,161.0,-12,7.0,1016.0,NW,29.07,0,0
35704,2026,1,27,15,167.0,-12,7.0,1016.0,NW,30.86,0,0
35705,2026,1,27,16,167.0,-12,7.0,1017.0,NW,32.65,0,0
35706,2026,1,27,17,53.0,-12,6.0,1018.0,cv,0.89,0,0
35707,2026,1,27,18,19.0,-20,8.0,1020.0,NW,7.15,0,0
35708,2026,1,27,19,32.0,-27,7.0,1022.0,NW,16.09,0,0
35709,2026,1,27,20,15.0,-27,7.0,1023.0,NW,27.27,0,0
35710,2026,1,27,21,11.0,-28,5.0,1025.0,NW,36.21,0,0
35711,2026,1,27,22,10.0,-28,4.0,1026.0,NW,44.26,0,0
35712,2026,1,27,23,11.0,-26,2.0,1027.0,NE,3.13,0,0
35713,2026,1,28,0,11.0,-24,2.0,1028.0,NE,4.92,0,0
35714,2026,1,28,1,9.0,-21,-1.0,1028.0,NW,3.13,0,0
35715,2026,1,28,2,19.0,-21,-3.0,1029.0,NW,7.15,0,0
35716,2026,1,28,3,13.0,-21,-4.0,1029.0,NW,10.28,0,0
35717,2026,1,28,4,13.0,-21,-5.0,1029.0,NW,13.41,0,0
35718,2026,1,28,5,14.0,-22,-5.0,1029.0,cv,0.89,0,0
35719,2026,1,28,6,17.0,-21,-4.0,1029.0,NE,3.13,0,0
35720,2026,1,28,7,16.0,-22,-3.0,1030.0,SE,1.79,0,0
35721,2026,1,28,8,18.0,-21,-4.0,1031.0,cv,0.89,0,0
35722,2026,1,28,9,31.0,-19,0.0,1031.0,cv,1.78,0,0
35723,2026,1,28,10,23.0,-22,1.0,1031.0,SE,1.79,0,0
35724,2026,1,28,11,15.0,-16,2.0,1031.0,SE,4.92,0,0
35725,2026,1,28,12,57.0,-16,3.0,1030.0,SE,8.94,0,0
35726,2026,1,28,13,65.0,-11,5.0,1028.0,SE,14.75,0,0
35727,2026,1,28,14,64.0,-12,5.0,1028.0,SE,20.56,0,0
35728,2026,1,28,15,65.0,-11,5.0,1027.0,SE,25.48,0,0
35729,2026,1,28,16,64.0,-12,5.0,1026.0,SE,30.4,0,0
35730,2026,1,28,17,81.0,-13,4.0,1025.0,SE,34.42,0,0
35731,2026,1,28,18,75.0,-14,1.0,1025.0,SE,37.55,0,0
35732,2026,1,28,19,70.0,-13,0.0,1025.0,SE,40.68,0,0
35733,2026,1,28,20,71.0,-10,1.0,1025.0,SE,44.7,0,0
35734,2026,1,28,21,83.0,-8,-1.0,1025.0,SE,48.72,0,0
35735,2026,1,28,22,74.0,-8,-2.0,1024.0,SE,52.74,0,0
35736,2026,1,28,23,86.0,-8,-3.0,1023.0,SE,54.53,0,0
35737,2026,1,29,0,75.0,-9,-4.0,1023.0,SE,56.32,0,0
35738,2026,1,29,1,72.0,-9,-5.0,1022.0,NE,1.79,0,0
35739,2026,1,29,2,74.0,-8,-4.0,1021.0,SE,1.79,0,0
35740,2026,1,29,3,76.0,-9,-5.0,1020.0,cv,0.89,0,0
35741,2026,1,29,4,84.0,-10,-6.0,1019.0,cv,1.34,0,0
35742,2026,1,29,5,81.0,-10,-7.0,1017.0,NE,0.89,0,0
35743,2026,1,29,6,86.0,-10,-7.0,1016.0,cv,0.89,0,0
35744,2026,1,29,7,84.0,-10,-7.0,1016.0,NE,0.89,0,0
35745,2026,1,29,8,88.0,-10,-7.0,1015.0,SE,1.79,0,0
35746,2026,1,29,9,91.0,-7,-3.0,1016.0,cv,0.89,0,0
35747,2026,1,29,10,102.0,-7,-2.0,1015.0,SE,1.79,0,0
35748,2026,1,29,11,121.0,-7,0.0,1014.0,SE,3.58,0,0
35749,2026,1,29,12,132.0,-8,1.0,1013.0,NE,1.79,0,0
35750,2026,1,29,13,163.0,-9,2.0,1012.0,SE,1.79,0,0
35751,2026,1,29,14,175.0,-9,2.0,1011.0,cv,0.89,0,0
35752,2026,1,29,15,190.0,-9,3.0,1011.0,cv,1.78,0,0
35753,2026,1,29,16,203.0,-9,3.0,1011.0,cv,2.67,0,0
35754,2026,1,29,17,205.0,-9,2.0,1011.0,cv,3.56,0,0
35755,2026,1,29,18,217.0,-8,-1.0,1011.0,NE,0.89,0,0
35756,2026,1,29,19,241.0,-9,-3.0,1012.0,NE,1.78,0,0
35757,2026,1,29,20,226.0,-9,-3.0,1013.0,NW,1.79,0,0
35758,2026,1,29,21,225.0,-9,-3.0,1013.0,NW,4.92,0,0
35759,2026,1,29,22,205.0,-10,-4.0,1013.0,NW,8.05,0,0
35760,2026,1,29,23,213.0,-8,-2.0,1013.0,cv,0.89,0,0
35761,2026,1,30,0,229.0,-10,-3.0,1014.0,cv,1.78,0,0
35762,2026,1,30,1,217.0,-10,-3.0,1014.0,cv,2.67,0,0
35763,2026,1,30,2,218.0,-10,-4.0,1015.0,SE,1.79,0,0
35764,2026,1,30,3,128.0,-10,-2.0,1015.0,cv,0.89,0,0
35765,2026,1,30,4,88.0,-15,-1.0,1016.0,NW,4.92,0,0
35766,2026,1,30,5,20.0,-14,-4.0,1016.0,NW,8.94,0,0
35767,2026,1,30,6,16.0,-21,1.0,1017.0,NW,14.75,0,0
35768,2026,1,30,7,6.0,-20,0.0,1018.0,NW,18.77,0,0
35769,2026,1,30,8,12.0,-19,-2.0,1019.0,NW,21.9,0,0
35770,2026,1,30,9,20.0,-23,4.0,1020.0,cv,0.89,0,0
35771,2026,1,30,10,26.0,-24,4.0,1021.0,NE,4.02,0,0
35772,2026,1,30,11,16.0,-26,5.0,1021.0,NE,7.15,0,0
35773,2026,1,30,12,16.0,-27,7.0,1020.0,NE,8.94,0,0
35774,2026,1,30,13,16.0,-27,7.0,1018.0,SE,3.13,0,0
35775,2026,1,30,14,12.0,-26,8.0,1017.0,SE,4.92,0,0
35776,2026,1,30,15,17.0,-26,8.0,1017.0,SE,6.71,0,0
35777,2026,1,30,16,17.0,-26,8.0,1017.0,SE,10.73,0,0
35778,2026,1,30,17,25.0,-24,7.0,1017.0,SE,14.75,0,0
35779,2026,1,30,18,39.0,-24,4.0,1018.0,SE,16.54,0,0
35780,2026,1,30,19,54.0,-18,4.0,1018.0,SE,21.46,0,0
35781,2026,1,30,20,123.0,-7,2.0,1019.0,SE,26.38,0,0
35782,2026,1,30,21,142.0,-6,0.0,1020.0,SE,29.51,0,0
35783,2026,1,30,22,157.0,-5,-1.0,1020.0,SE,33.53,0,0
35784,2026,1,30,23,190.0,-6,-2.0,1020.0,SE,36.66,0,0
35785,2026,1,31,0,137.0,-7,-1.0,1021.0,SE,39.79,0,0
35786,2026,1,31,1,469.0,-7,-1.0,1021.0,SE,41.58,0,0
35787,2026,1,31,2,344.0,-7,-1.0,1021.0,SE,44.71,0,0
35788,2026,1,31,3,281.0,-7,-2.0,1021.0,SE,46.5,0,0
35789,2026,1,31,4,209.0,-8,-2.0,1020.0,cv,0.89,0,0
35790,2026,1,31,5,150.0,-9,-4.0,1020.0,NE,0.89,0,0
35791,2026,1,31,6,138.0,-9,-4.0,1020.0,NW,1.79,0,0
35792,2026,1,31,7,133.0,-8,-3.0,1020.0,NW,3.58,0,0
35793,2026,1,31,8,130.0,-8,-4.0,1020.0,NW,5.37,0,0
35794,2026,1,31,9,143.0,-6,-1.0,1020.0,NW,9.39,0,0
35795,2026,1,31,10,103.0,-7,1.0,1020.0,NW,13.41,0,0
35796,2026,1,31,11,81.0,-7,2.0,1020.0,NW,17.43,0,0
35797,2026,1,31,12,70.0,-7,2.0,1019.0,cv,0.89,0,0
35798,2026,1,31,13,81.0,-7,3.0,1019.0,NW,1.79,0,0
35799,2026,1,31,14,117.0,-6,3.0,1018.0,cv,0.89,0,0
35800,2026,1,31,15,130.0,-5,3.0,1017.0,SE,1.79,0,0
35801,2026,1,31,16,146.0,-5,3.0,1017.0,SE,3.58,0,0
35802,2026,1,31,17,144.0,-6,2.0,1017.0,cv,0.89,0,0
35803,2026,1,31,18,147.0,-7,2.0,1018.0,cv,1.78,0,0
35804,2026,1,31,19,140.0,-7,1.0,1019.0,cv,2.67,0,0
35805,2026,1,31,20,148.0,-5,2.0,1019.0,cv,3.56,0,0
35806,2026,1,31,21,155.0,-5,2.0,1019.0,cv,4.45,0,0
35807,2026,1,31,22,167.0,-5,2.0,1019.0,cv,4.9,0,0
35808,2026,1,31,23,180.0,-4,2.0,1019.0,cv,5.79,0,0
35809,2026,2,1,0,183.0,-5,2.0,1019.0,NE,0.89,0,0
35810,2026,2,1,1,181.0,-5,2.0,1018.0,cv,0.45,0,0
35811,2026,2,1,2,172.0,-6,2.0,1019.0,NW,1.79,0,0
35812,2026,2,1,3,167.0,-5,2.0,1018.0,NW,2.68,0,0
35813,2026,2,1,4,171.0,-4,1.0,1018.0,NW,4.47,0,0
35814,2026,2,1,5,179.0,-4,1.0,1017.0,NW,6.26,0,0
35815,2026,2,1,6,175.0,-5,1.0,1017.0,NW,8.05,0,0
35816,2026,2,1,7,190.0,-6,2.0,1018.0,NW,11.18,0,0
35817,2026,2,1,8,189.0,-6,2.0,1017.0,NW,14.31,0,0
35818,2026,2,1,9,187.0,-7,3.0,1018.0,NW,17.44,0,0
35819,2026,2,1,10,178.0,-7,3.0,1018.0,NW,20.57,0,0
35820,2026,2,1,11,184.0,-7,3.0,1018.0,NE,0.89,0,0
35821,2026,2,1,12,152.0,-4,4.0,1017.0,cv,0.89,0,0
35822,2026,2,1,13,124.0,-3,4.0,1016.0,cv,1.78,0,0
35823,2026,2,1,14,163.0,-3,4.0,1015.0,SE,1.79,0,0
35824,2026,2,1,15,143.0,-2,4.0,1015.0,SE,3.58,0,0
35825,2026,2,1,16,127.0,-1,4.0,1014.0,SE,5.37,0,0
35826,2026,2,1,17,109.0,-1,4.0,1014.0,SE,8.5,0,0
35827,2026,2,1,18,120.0,-1,4.0,1014.0,SE,11.63,0,0
35828,2026,2,1,19,135.0,-1,3.0,1013.0,SE,14.76,0,0
35829,2026,2,1,20,118.0,-1,3.0,1013.0,SE,17.89,0,0
35830,2026,2,1,21,132.0,-1,2.0,1013.0,SE,21.02,0,0
35831,2026,2,1,22,141.0,-1,2.0,1013.0,SE,25.04,0,0
35832,2026,2,1,23,144.0,-1,2.0,1012.0,SE,28.17,0,0
35833,2026,2,2,0,141.0,-1,2.0,1012.0,SE,29.96,0,0
35834,2026,2,2,1,144.0,-1,2.0,1012.0,SE,33.09,0,0
35835,2026,2,2,2,159.0,-1,2.0,1012.0,SE,36.22,0,0
35836,2026,2,2,3,163.0,-1,2.0,1011.0,SE,39.35,0,0
35837,2026,2,2,4,174.0,-1,2.0,1011.0,SE,41.14,0,0
35838,2026,2,2,5,164.0,-2,2.0,1011.0,cv,0.89,0,0
35839,2026,2,2,6,171.0,-2,1.0,1012.0,NW,3.13,0,0
35840,2026,2,2,7,162.0,-3,-1.0,1012.0,NW,7.15,0,0
35841,2026,2,2,8,152.0,-2,2.0,1013.0,NW,12.96,0,0
35842,2026,2,2,9,141.0,-5,5.0,1014.0,NW,20.11,0,0
35843,2026,2,2,10,66.0,-10,8.0,1015.0,NW,28.16,0,0
35844,2026,2,2,11,22.0,-19,10.0,1015.0,NW,37.1,0,0
35845,2026,2,2,12,15.0,-20,10.0,1014.0,NW,49.17,0,0
35846,2026,2,2,13,13.0,-21,10.0,1014.0,NW,60.35,0,0
35847,2026,2,2,14,13.0,-21,10.0,1014.0,NW,70.18,0,0
35848,2026,2,2,15,12.0,-24,9.0,1015.0,NW,81.36,0,0
35849,2026,2,2,16,13.0,-24,9.0,1015.0,NW,89.41,0,0
35850,2026,2,2,17,10.0,-27,6.0,1017.0,NW,98.35,0,0
35851,2026,2,2,18,9.0,-29,4.0,1018.0,NW,104.16,0,0
35852,2026,2,2,19,8.0,-33,3.0,1020.0,NE,4.92,0,0
35853,2026,2,2,20,9.0,-34,3.0,1020.0,NE,10.73,0,0
35854,2026,2,2,21,7.0,-34,2.0,1021.0,NE,14.75,0,0
35855,2026,2,2,22,9.0,-33,2.0,1021.0,NE,18.77,0,0
35856,2026,2,2,23,8.0,-35,1.0,1022.0,NE,21.9,0,0
35857,2026,2,3,0,10.0,-35,1.0,1023.0,NE,26.82,0,0
35858,2026,2,3,1,8.0,-34,0.0,1024.0,NE,28.61,0,0
35859,2026,2,3,2,10.0,-29,0.0,1024.0,NE,30.4,0,0
35860,2026,2,3,3,9.0,-28,0.0,1025.0,cv,0.89,0,0
35861,2026,2,3,4,6.0,-21,-1.0,1026.0,NW,8.05,0,0
35862,2026,2,3,5,6.0,-31,-2.0,1027.0,NW,13.86,0,0
35863,2026,2,3,6,7.0,-35,-3.0,1028.0,NW,22.8,0,0
35864,2026,2,3,7,5.0,-33,-4.0,1028.0,NW,29.95,0,0
35865,2026,2,3,8,6.0,-33,-3.0,1029.0,NW,38.89,0,0
35866,2026,2,3,9,6.0,-32,-2.0,1029.0,NW,46.94,0,0
35867,2026,2,3,10,4.0,-32,-1.0,1029.0,NW,54.99,0,0
35868,2026,2,3,11,4.0,-33,0.0,1029.0,NW,63.04,0,0
35869,2026,2,3,12,6.0,-36,0.0,1027.0,NW,71.09,0,0
35870,2026,2,3,13,6.0,-37,1.0,1026.0,NW,80.03,0,0
35871,2026,2,3,14,6.0,-36,2.0,1025.0,NW,88.08,0,0
35872,2026,2,3,15,4.0,-39,2.0,1025.0,NW,96.13,0,0
35873,2026,2,3,16,6.0,-40,2.0,1025.0,NW,104.18,0,0
35874,2026,2,3,17,6.0,-38,1.0,1026.0,NW,113.12,0,0
35875,2026,2,3,18,6.0,-33,-1.0,1027.0,NW,118.04,0,0
35876,2026,2,3,19,6.0,-34,-5.0,1028.0,NW,122.06,0,0
35877,2026,2,3,20,11.0,-33,-5.0,1028.0,NW,126.08,0,0
35878,2026,2,3,21,11.0,-33,-3.0,1029.0,NE,4.02,0,0
35879,2026,2,3,22,13.0,-33,-5.0,1029.0,NE,5.81,0,0
35880,2026,2,3,23,16.0,-32,-3.0,1029.0,NW,4.92,0,0
35881,2026,2,4,0,3.0,-32,-5.0,1029.0,NW,6.71,0,0
35882,2026,2,4,1,7.0,-31,-4.0,1030.0,NW,12.52,0,0
35883,2026,2,4,2,6.0,-32,-5.0,1030.0,NW,19.67,0,0
35884,2026,2,4,3,6.0,-32,-5.0,1030.0,NW,25.48,0,0
35885,2026,2,4,4,6.0,-32,-5.0,1030.0,NW,30.4,0,0
35886,2026,2,4,5,6.0,-32,-6.0,1030.0,NW,35.32,0,0
35887,2026,2,4,6,7.0,-32,-6.0,1030.0,NW,40.24,0,0
35888,2026,2,4,7,10.0,-32,-6.0,1031.0,NW,46.05,0,0
35889,2026,2,4,8,10.0,-32,-5.0,1032.0,NW,51.86,0,0
35890,2026,2,4,9,9.0,-32,-3.0,1032.0,NW,56.78,0,0
35891,2026,2,4,10,12.0,-32,-2.0,1032.0,NW,63.93,0,0
35892,2026,2,4,11,12.0,-34,-2.0,1032.0,NW,71.08,0,0
35893,2026,2,4,12,11.0,-33,0.0,1031.0,NW,72.87,0,0
35894,2026,2,4,13,10.0,-37,1.0,1030.0,NW,76.0,0,0
35895,2026,2,4,14,6.0,-38,0.0,1028.0,NW,80.02,0,0
35896,2026,2,4,15,8.0,-37,1.0,1028.0,NW,81.81,0,0
35897,2026,2,4,16,7.0,-36,0.0,1028.0,SE,3.13,0,0
35898,2026,2,4,17,18.0,-33,0.0,1027.0,SE,6.26,0,0
35899,2026,2,4,18,17.0,-30,-2.0,1027.0,NE,0.89,0,0
35900,2026,2,4,19,50.0,-27,-4.0,1028.0,SE,0.89,0,0
35901,2026,2,4,20,71.0,-27,-4.0,1028.0,SE,1.78,0,0
35902,2026,2,4,21,91.0,-27,-2.0,1029.0,SE,3.57,0,0
35903,2026,2,4,22,109.0,-27,-2.0,1029.0,SE,5.36,0,0
35904,2026,2,4,23,126.0,-24,-6.0,1030.0,NE,0.89,0,0
35905,2026,2,5,0,104.0,-22,-5.0,1030.0,SE,1.79,0,0
35906,2026,2,5,1,80.0,-25,-5.0,1029.0,SE,3.58,0,0
35907,2026,2,5,2,69.0,-25,-5.0,1029.0,cv,0.89,0,0
35908,2026,2,5,3,62.0,-25,-6.0,1029.0,SE,1.79,0,0
35909,2026,2,5,4,73.0,-24,-7.0,1029.0,cv,0.89,0,0
35910,2026,2,5,5,115.0,-25,-8.0,1029.0,cv,1.34,0,0
35911,2026,2,5,6,155.0,-24,-11.0,1029.0,cv,2.23,0,0
35912,2026,2,5,7,148.0,-22,-11.0,1030.0,NE,0.89,0,0
35913,2026,2,5,8,114.0,-22,-11.0,1030.0,NE,1.78,0,0
35914,2026,2,5,9,94.0,-22,-6.0,1030.0,cv,0.89,0,0
35915,2026,2,5,10,117.0,-20,-4.0,1030.0,cv,1.78,0,0
35916,2026,2,5,11,118.0,-19,-2.0,1030.0,cv,2.67,0,0
35917,2026,2,5,12,116.0,-19,1.0,1029.0,cv,3.56,0,0
35918,2026,2,5,13,96.0,-16,1.0,1028.0,cv,4.45,0,0
35919,2026,2,5,14,96.0,-14,1.0,1027.0,SE,4.02,0,0
35920,2026,2,5,15,102.0,-14,1.0,1027.0,SE,7.15,0,0
35921,2026,2,5,16,99.0,-14,1.0,1027.0,SE,8.94,0,0
35922,2026,2,5,17,104.0,-13,0.0,1027.0,SE,10.73,0,0
35923,2026,2,5,18,101.0,-12,-1.0,1028.0,SE,11.62,0,0
35924,2026,2,5,19,92.0,-12,-2.0,1028.0,SE,12.51,0,0
35925,2026,2,5,20,76.0,-12,-3.0,1028.0,SE,13.4,0,0
35926,2026,2,5,21,90.0,-12,-3.0,1028.0,SE,14.29,0,0
35927,2026,2,5,22,111.0,-11,-4.0,1029.0,SE,16.08,0,0
35928,2026,2,5,23,125.0,-12,-5.0,1029.0,NE,1.79,0,0
35929,2026,2,6,0,139.0,-12,-4.0,1029.0,NE,2.68,0,0
35930,2026,2,6,1,151.0,-12,-5.0,1029.0,cv,0.89,0,0
35931,2026,2,6,2,204.0,-12,-5.0,1029.0,SE,1.79,0,0
35932,2026,2,6,3,203.0,-13,-6.0,1029.0,cv,0.89,0,0
35933,2026,2,6,4,200.0,-14,-7.0,1029.0,NW,0.89,0,0
35934,2026,2,6,5,187.0,-13,-8.0,1029.0,NW,2.68,0,0
35935,2026,2,6,6,168.0,-13,-6.0,1030.0,cv,0.45,0,0
35936,2026,2,6,7,158.0,-13,-7.0,1030.0,cv,1.34,0,0
35937,2026,2,6,8,155.0,-12,-7.0,1031.0,NE,0.89,0,0
35938,2026,2,6,9,154.0,-11,-3.0,1032.0,NW,1.79,0,0
35939,2026,2,6,10,146.0,-12,-1.0,1032.0,NW,3.58,0,0
35940,2026,2,6,11,150.0,-13,0.0,1031.0,NW,5.37,0,0
35941,2026,2,6,12,136.0,-15,1.0,1030.0,cv,0.89,0,0
35942,2026,2,6,13,130.0,-15,1.0,1029.0,cv,1.78,0,0
35943,2026,2,6,14,122.0,-16,2.0,1029.0,cv,2.67,0,0
35944,2026,2,6,15,125.0,-16,2.0,1029.0,cv,3.56,0,0
35945,2026,2,6,16,121.0,-15,1.0,1030.0,SE,1.79,0,0
35946,2026,2,6,17,108.0,-16,1.0,1029.0,SE,3.58,0,0
35947,2026,2,6,18,102.0,-16,0.0,1029.0,cv,0.89,0,0
35948,2026,2,6,19,118.0,-14,-1.0,1030.0,cv,1.34,0,0
35949,2026,2,6,20,130.0,-14,-1.0,1030.0,SE,0.89,0,0
35950,2026,2,6,21,155.0,-12,-1.0,1031.0,SE,2.68,0,0
35951,2026,2,6,22,131.0,-8,-2.0,1031.0,SE,4.47,0,0
35952,2026,2,6,23,93.0,-6,-1.0,1031.0,SE,7.6,0,0
35953,2026,2,7,0,91.0,-7,-2.0,1031.0,SE,9.39,0,0
35954,2026,2,7,1,86.0,-7,-2.0,1030.0,SE,12.52,0,0
35955,2026,2,7,2,101.0,-7,-2.0,1030.0,SE,15.65,0,0
35956,2026,2,7,3,105.0,-8,-2.0,1030.0,SE,17.44,0,0
35957,2026,2,7,4,110.0,-10,-3.0,1029.0,SE,19.23,0,0
35958,2026,2,7,5,112.0,-11,-3.0,1029.0,SE,22.36,0,0
35959,2026,2,7,6,119.0,-10,-3.0,1029.0,SE,26.38,1,0
35960,2026,2,7,7,100.0,-8,-4.0,1029.0,SE,30.4,2,0
35961,2026,2,7,8,105.0,-7,-5.0,1029.0,SE,32.19,3,0
35962,2026,2,7,9,105.0,-7,-5.0,1029.0,SE,33.98,4,0
35963,2026,2,7,10,112.0,-7,-5.0,1029.0,SE,35.77,5,0
35964,2026,2,7,11,107.0,-7,-4.0,1029.0,SE,37.56,6,0
35965,2026,2,7,12,94.0,-7,-4.0,1028.0,SE,39.35,7,0
35966,2026,2,7,13,84.0,-6,-3.0,1026.0,SE,41.14,8,0
35967,2026,2,7,14,89.0,-7,-4.0,1026.0,SE,44.27,9,0
35968,2026,2,7,15,90.0,-6,-3.0,1025.0,SE,46.06,10,0
35969,2026,2,7,16,98.0,-7,-3.0,1024.0,SE,47.85,11,0
35970,2026,2,7,17,100.0,-6,-3.0,1024.0,SE,49.64,12,0
35971,2026,2,7,18,109.0,-7,-3.0,1025.0,SE,51.43,13,0
35972,2026,2,7,19,107.0,-7,-3.0,1025.0,SE,54.56,14,0
35973,2026,2,7,20,107.0,-7,-3.0,1025.0,SE,57.69,15,0
35974,2026,2,7,21,106.0,-6,-4.0,1025.0,SE,59.48,16,0
35975,2026,2,7,22,108.0,-6,-4.0,1025.0,SE,61.27,17,0
35976,2026,2,7,23,109.0,-6,-4.0,1025.0,SE,63.06,18,0
35977,2026,2,8,0,106.0,-6,-4.0,1025.0,SE,66.19,19,0
35978,2026,2,8,1,95.0,-6,-4.0,1025.0,SE,69.32,20,0
35979,2026,2,8,2,94.0,-6,-4.0,1025.0,SE,71.11,21,0
35980,2026,2,8,3,88.0,-6,-4.0,1025.0,SE,72.0,22,0
35981,2026,2,8,4,115.0,-7,-4.0,1024.0,cv,0.89,23,0
35982,2026,2,8,5,133.0,-7,-4.0,1024.0,cv,1.78,0,0
35983,2026,2,8,6,132.0,-6,-4.0,1024.0,NE,1.79,0,0
35984,2026,2,8,7,147.0,-7,-4.0,1025.0,NE,2.68,0,0
35985,2026,2,8,8,147.0,-7,-5.0,1026.0,NW,3.13,0,0
35986,2026,2,8,9,146.0,-7,-5.0,1027.0,NW,4.92,0,0
35987,2026,2,8,10,79.0,-6,-3.0,1028.0,NE,1.79,0,0
35988,2026,2,8,11,38.0,-8,0.0,1028.0,NW,3.13,0,0
35989,2026,2,8,12,20.0,-13,1.0,1027.0,NW,7.15,0,0
35990,2026,2,8,13,14.0,-14,0.0,1027.0,NE,4.02,0,0
35991,2026,2,8,14,10.0,-14,2.0,1027.0,NW,4.92,0,0
35992,2026,2,8,15,6.0,-16,1.0,1027.0,NE,3.13,0,0
35993,2026,2,8,16,9.0,-16,2.0,1027.0,NW,7.15,0,0
35994,2026,2,8,17,7.0,-17,0.0,1028.0,NW,15.2,0,0
35995,2026,2,8,18,10.0,-17,-3.0,1030.0,NW,21.01,0,0
35996,2026,2,8,19,8.0,-19,-3.0,1031.0,NW,29.06,0,0
35997,2026,2,8,20,7.0,-19,-5.0,1033.0,NW,34.87,0,0
35998,2026,2,8,21,14.0,-20,-6.0,1034.0,NW,40.68,0,0
35999,2026,2,8,22,10.0,-21,-7.0,1035.0,NW,46.49,0,0
36000,2026,2,8,23,6.0,-21,-8.0,1036.0,NW,50.51,0,0
36001,2026,2,9,0,9.0,-21,-7.0,1036.0,NW,55.43,0,0
36002,2026,2,9,1,13.0,-22,-8.0,1037.0,NW,61.24,0,0
36003,2026,2,9,2,9.0,-22,-8.0,1037.0,NW,66.16,0,0
36004,2026,2,9,3,10.0,-22,-9.0,1037.0,NW,71.08,0,0
36005,2026,2,9,4,9.0,-23,-11.0,1037.0,NW,74.21,0,0
36006,2026,2,9,5,10.0,-22,-12.0,1037.0,NW,77.34,0,0
36007,2026,2,9,6,10.0,-22,-10.0,1037.0,NW,82.26,0,0
36008,2026,2,9,7,11.0,-22,-9.0,1038.0,NW,88.07,0,0
36009,2026,2,9,8,12.0,-21,-10.0,1038.0,NW,91.2,0,0
36010,2026,2,9,9,16.0,-21,-7.0,1039.0,NW,95.22,0,0
36011,2026,2,9,10,12.0,-22,-5.0,1038.0,NW,100.14,0,0
36012,2026,2,9,11,17.0,-22,-4.0,1038.0,NW,105.06,0,0
36013,2026,2,9,12,14.0,-22,-3.0,1037.0,NW,109.08,0,0
36014,2026,2,9,13,14.0,-22,-3.0,1036.0,NW,113.1,0,0
36015,2026,2,9,14,12.0,-21,-1.0,1035.0,NW,116.23,0,0
36016,2026,2,9,15,14.0,-22,-1.0,1034.0,NW,119.36,0,0
36017,2026,2,9,16,10.0,-22,-1.0,1034.0,cv,0.89,0,0
36018,2026,2,9,17,11.0,-22,-1.0,1034.0,NW,3.13,0,0
36019,2026,2,9,18,11.0,-21,-2.0,1035.0,NW,7.15,0,0
36020,2026,2,9,19,14.0,-20,-3.0,1035.0,NW,12.07,0,0
36021,2026,2,9,20,15.0,-20,-4.0,1036.0,NW,16.09,0,0
36022,2026,2,9,21,26.0,-19,-5.0,1036.0,NW,21.01,0,0
36023,2026,2,9,22,24.0,-19,-8.0,1037.0,NW,22.8,0,0
36024,2026,2,9,23,18.0,-21,-9.0,1037.0,NW,26.82,0,0
36025,2026,2,10,0,11.0,-19,-9.0,1038.0,NW,29.95,0,0
36026,2026,2,10,1,12.0,-21,-9.0,1038.0,NW,33.08,0,0
36027,2026,2,10,2,9.0,-20,-9.0,1038.0,NW,36.21,0,0
36028,2026,2,10,3,9.0,-21,-12.0,1037.0,NW,39.34,0,0
36029,2026,2,10,4,13.0,-21,-11.0,1037.0,NW,42.47,0,0
36030,2026,2,10,5,9.0,-21,-12.0,1037.0,NW,45.6,0,0
36031,2026,2,10,6,8.0,-21,-10.0,1037.0,NE,1.79,0,0
36032,2026,2,10,7,7.0,-21,-12.0,1037.0,NW,1.79,0,0
36033,2026,2,10,8,13.0,-18,-9.0,1038.0,NW,4.92,0,0
36034,2026,2,10,9,13.0,-20,-6.0,1038.0,NE,4.92,0,0
36035,2026,2,10,10,22.0,-21,-5.0,1038.0,NE,8.94,0,0
36036,2026,2,10,11,10.0,-22,-3.0,1037.0,NW,3.13,0,0
36037,2026,2,10,12,18.0,-23,-3.0,1036.0,NW,4.92,0,0
36038,2026,2,10,13,20.0,-22,-3.0,1034.0,SE,1.79,0,0
36039,2026,2,10,14,20.0,-21,-2.0,1033.0,SE,3.58,0,0
36040,2026,2,10,15,26.0,-21,-1.0,1032.0,SE,5.37,0,0
36041,2026,2,10,16,24.0,-21,-1.0,1032.0,SE,8.5,0,0
36042,2026,2,10,17,25.0,-19,-3.0,1032.0,SE,12.52,0,0
36043,2026,2,10,18,34.0,-19,-3.0,1032.0,SE,16.54,0,0
36044,2026,2,10,19,42.0,-18,-4.0,1032.0,SE,19.67,0,0
36045,2026,2,10,20,47.0,-18,-4.0,1032.0,SE,21.46,0,0
36046,2026,2,10,21,53.0,-16,-6.0,1032.0,cv,0.89,0,0
36047,2026,2,10,22,64.0,-16,-7.0,1032.0,cv,1.78,0,0
36048,2026,2,10,23,65.0,-15,-8.0,1032.0,SE,0.89,0,0
36049,2026,2,11,0,66.0,-16,-10.0,1031.0,cv,0.89,0,0
36050,2026,2,11,1,76.0,-16,-10.0,1031.0,SE,1.79,0,0
36051,2026,2,11,2,83.0,-15,-10.0,1030.0,NE,0.89,0,0
36052,2026,2,11,3,120.0,-16,-12.0,1030.0,cv,0.45,0,0
36053,2026,2,11,4,121.0,-17,-12.0,1029.0,cv,0.9,0,0
36054,2026,2,11,5,111.0,-16,-12.0,1029.0,NW,1.79,0,0
36055,2026,2,11,6,112.0,-17,-12.0,1029.0,NW,3.58,0,0
36056,2026,2,11,7,100.0,-18,-12.0,1029.0,NW,5.37,0,0
36057,2026,2,11,8,84.0,-17,-11.0,1030.0,NW,7.16,0,0
36058,2026,2,11,9,66.0,-15,-8.0,1030.0,NW,8.95,0,0
36059,2026,2,11,10,64.0,-15,-5.0,1030.0,NW,10.74,0,0
36060,2026,2,11,11,73.0,-16,-3.0,1029.0,cv,0.89,0,0
36061,2026,2,11,12,90.0,-16,-2.0,1028.0,cv,1.78,0,0
36062,2026,2,11,13,103.0,-16,-1.0,1027.0,SE,1.79,0,0
36063,2026,2,11,14,126.0,-17,0.0,1026.0,cv,3.13,0,0
36064,2026,2,11,15,146.0,-17,1.0,1026.0,SE,4.02,0,0
36065,2026,2,11,16,143.0,-17,1.0,1025.0,SE,8.04,0,0
36066,2026,2,11,17,135.0,-17,0.0,1025.0,SE,12.06,0,0
36067,2026,2,11,18,188.0,-15,-1.0,1026.0,SE,13.85,0,0
36068,2026,2,11,19,221.0,-13,-2.0,1027.0,SE,15.64,0,0
36069,2026,2,11,20,203.0,-13,-5.0,1027.0,cv,0.89,0,0
36070,2026,2,11,21,204.0,-12,-5.0,1028.0,cv,1.78,0,0
36071,2026,2,11,22,184.0,-13,-7.0,1028.0,NE,0.89,0,0
36072,2026,2,11,23,177.0,-13,-7.0,1029.0,cv,0.89,0,0
36073,2026,2,12,0,220.0,-13,-8.0,1029.0,NE,0.89,0,0
36074,2026,2,12,1,268.0,-14,-10.0,1029.0,NE,1.78,0,0
36075,2026,2,12,2,255.0,-16,-10.0,1030.0,NW,3.13,0,0
36076,2026,2,12,3,241.0,-15,-10.0,1030.0,NW,6.26,0,0
36077,2026,2,12,4,181.0,-14,-9.0,1030.0,NW,9.39,0,0
36078,2026,2,12,5,146.0,-14,-8.0,1031.0,NW,12.52,0,0
36079,2026,2,12,6,141.0,-16,-9.0,1031.0,NW,15.65,0,0
36080,2026,2,12,7,136.0,-14,-7.0,1032.0,NW,20.57,0,0
36081,2026,2,12,8,124.0,-14,-7.0,1033.0,NW,24.59,0,0
36082,2026,2,12,9,87.0,-18,-3.0,1034.0,NE,3.13,0,0
36083,2026,2,12,10,66.0,-18,0.0,1034.0,NE,4.92,0,0
36084,2026,2,12,11,44.0,-22,1.0,1034.0,NE,8.05,0,0
36085,2026,2,12,12,36.0,-23,2.0,1033.0,NE,11.18,0,0
36086,2026,2,12,13,39.0,-22,4.0,1033.0,SE,1.79,0,0
36087,2026,2,12,14,55.0,-21,4.0,1032.0,SE,3.58,0,0
36088,2026,2,12,15,114.0,-20,4.0,1031.0,cv,1.79,0,0
36089,2026,2,12,16,100.0,-20,3.0,1032.0,SE,3.13,0,0
36090,2026,2,12,17,95.0,-19,2.0,1032.0,SE,6.26,0,0
36091,2026,2,12,18,162.0,-19,2.0,1032.0,SE,9.39,0,0
36092,2026,2,12,19,237.0,-15,1.0,1033.0,SE,13.41,0,0
36093,2026,2,12,20,229.0,-15,0.0,1034.0,SE,15.2,0,0
36094,2026,2,12,21,175.0,-12,-1.0,1035.0,SE,18.33,0,0
36095,2026,2,12,22,150.0,-12,-2.0,1035.0,SE,21.46,0,0
36096,2026,2,12,23,145.0,-9,-3.0,1036.0,SE,24.59,0,0
36097,2026,2,13,0,268.0,-8,-3.0,1036.0,SE,28.61,0,0
36098,2026,2,13,1,237.0,-9,-4.0,1036.0,SE,32.63,0,0
36099,2026,2,13,2,208.0,-10,-4.0,1037.0,SE,35.76,0,0
36100,2026,2,13,3,193.0,-10,-3.0,1037.0,SE,37.55,0,0
36101,2026,2,13,4,175.0,-11,-3.0,1037.0,SE,40.68,0,0
36102,2026,2,13,5,160.0,-11,-3.0,1037.0,SE,42.47,0,0
36103,2026,2,13,6,176.0,-12,-3.0,1037.0,SE,45.6,0,0
36104,2026,2,13,7,181.0,-12,-3.0,1037.0,SE,48.73,0,0
36105,2026,2,13,8,185.0,-13,-3.0,1037.0,SE,51.86,0,0
36106,2026,2,13,9,198.0,-12,-3.0,1038.0,SE,53.65,1,0
36107,2026,2,13,10,205.0,-11,-3.0,1038.0,SE,57.67,2,0
36108,2026,2,13,11,206.0,-11,-2.0,1037.0,SE,61.69,0,0
36109,2026,2,13,12,214.0,-12,-2.0,1036.0,SE,64.82,0,0
36110,2026,2,13,13,214.0,-10,0.0,1035.0,SE,66.61,0,0
36111,2026,2,13,14,204.0,-10,0.0,1034.0,SE,68.4,0,0
36112,2026,2,13,15,208.0,-10,0.0,1033.0,SE,71.53,0,0
36113,2026,2,13,16,200.0,-10,0.0,1032.0,SE,74.66,0,0
36114,2026,2,13,17,197.0,-10,0.0,1032.0,SE,76.45,0,0
36115,2026,2,13,18,220.0,-11,-1.0,1032.0,SE,78.24,0,0
36116,2026,2,13,19,236.0,-11,-2.0,1032.0,cv,0.89,0,0
36117,2026,2,13,20,239.0,-10,-3.0,1032.0,NE,1.79,0,0
36118,2026,2,13,21,250.0,-10,-3.0,1032.0,NE,3.58,0,0
36119,2026,2,13,22,243.0,-10,-2.0,1031.0,NE,5.37,0,0
36120,2026,2,13,23,251.0,-10,-3.0,1031.0,NE,6.26,0,0
36121,2026,2,14,0,263.0,-10,-4.0,1031.0,NE,7.15,0,0
36122,2026,2,14,1,262.0,-10,-5.0,1030.0,cv,0.89,0,0
36123,2026,2,14,2,261.0,-11,-7.0,1029.0,NE,0.89,0,0
36124,2026,2,14,3,276.0,-11,-7.0,1029.0,NE,1.78,0,0
36125,2026,2,14,4,264.0,-11,-8.0,1028.0,SE,0.89,0,0
36126,2026,2,14,5,259.0,-11,-8.0,1028.0,NW,0.89,0,0
36127,2026,2,14,6,250.0,-11,-8.0,1028.0,NW,2.68,0,0
36128,2026,2,14,7,235.0,-11,-9.0,1028.0,NW,4.47,0,0
36129,2026,2,14,8,222.0,-10,-7.0,1028.0,cv,0.89,0,0
36130,2026,2,14,9,206.0,-8,-4.0,1028.0,NE,0.89,0,0
36131,2026,2,14,10,205.0,-7,-2.0,1028.0,cv,0.89,0,0
36132,2026,2,14,11,196.0,-7,-1.0,1027.0,cv,1.78,0,0
36133,2026,2,14,12,218.0,-8,0.0,1027.0,cv,2.67,0,0
36134,2026,2,14,13,234.0,-8,1.0,1025.0,cv,4.46,0,0
36135,2026,2,14,14,264.0,-8,2.0,1024.0,cv,5.35,0,0
36136,2026,2,14,15,272.0,-9,2.0,1024.0,SE,1.79,0,0
36137,2026,2,14,16,307.0,-9,3.0,1023.0,cv,0.89,0,0
36138,2026,2,14,17,323.0,-9,2.0,1024.0,cv,1.78,0,0
36139,2026,2,14,18,311.0,-8,1.0,1024.0,cv,2.23,0,0
36140,2026,2,14,19,327.0,-8,-2.0,1024.0,cv,2.68,0,0
36141,2026,2,14,20,362.0,-7,-2.0,1024.0,SE,0.89,0,0
36142,2026,2,14,21,487.0,-8,-4.0,1024.0,NW,1.79,0,0
36143,2026,2,14,22,436.0,-8,-4.0,1025.0,NE,0.89,0,0
36144,2026,2,14,23,436.0,-8,-4.0,1025.0,cv,0.45,0,0
36145,2026,2,15,0,579.0,-8,-5.0,1025.0,NW,0.89,0,0
36146,2026,2,15,1,649.0,-8,-5.0,1024.0,cv,0.89,0,0
36147,2026,2,15,2,457.0,-9,-6.0,1024.0,NW,1.79,0,0
36148,2026,2,15,3,466.0,-9,-6.0,1024.0,NW,3.58,0,0
36149,2026,2,15,4,408.0,-9,-6.0,1024.0,NW,5.37,0,0
36150,2026,2,15,5,344.0,-8,-5.0,1024.0,NW,7.16,0,0
36151,2026,2,15,6,322.0,-8,-4.0,1024.0,NW,8.95,0,0
36152,2026,2,15,7,287.0,-9,-5.0,1025.0,NW,10.74,0,0
36153,2026,2,15,8,319.0,-9,-4.0,1025.0,NE,0.89,0,0
36154,2026,2,15,9,282.0,-7,-3.0,1026.0,cv,0.45,0,0
36155,2026,2,15,10,277.0,-6,0.0,1026.0,NW,1.79,0,0
36156,2026,2,15,11,277.0,-8,1.0,1025.0,SE,1.79,0,0
36157,2026,2,15,12,279.0,-8,1.0,1025.0,SE,3.58,0,0
36158,2026,2,15,13,327.0,-8,3.0,1024.0,SE,5.37,0,0
36159,2026,2,15,14,348.0,-8,3.0,1024.0,SE,7.16,0,0
36160,2026,2,15,15,418.0,-8,4.0,1023.0,SE,8.95,0,0
36161,2026,2,15,16,423.0,-8,4.0,1023.0,cv,0.89,0,0
36162,2026,2,15,17,366.0,-8,3.0,1024.0,SE,1.79,0,0
36163,2026,2,15,18,338.0,-8,2.0,1024.0,cv,0.89,0,0
36164,2026,2,15,19,347.0,-7,-1.0,1024.0,cv,1.34,0,0
36165,2026,2,15,20,336.0,-7,-2.0,1024.0,cv,2.23,0,0
36166,2026,2,15,21,351.0,-8,-4.0,1025.0,cv,3.12,0,0
36167,2026,2,15,22,353.0,-7,-4.0,1025.0,cv,4.01,0,0
36168,2026,2,15,23,375.0,-8,-4.0,1025.0,NW,1.79,0,0
36169,2026,2,16,0,382.0,-7,-3.0,1026.0,NW,3.58,0,0
36170,2026,2,16,1,393.0,-8,-5.0,1026.0,NW,6.71,0,0
36171,2026,2,16,2,388.0,-8,-4.0,1026.0,NW,8.5,0,0
36172,2026,2,16,3,376.0,-8,-5.0,1026.0,NW,10.29,0,0
36173,2026,2,16,4,382.0,-9,-5.0,1026.0,NW,14.31,0,0
36174,2026,2,16,5,362.0,-8,-4.0,1027.0,NW,18.33,0,0
36175,2026,2,16,6,345.0,-8,-4.0,1028.0,NW,21.46,0,0
36176,2026,2,16,7,328.0,-10,-6.0,1028.0,NW,24.59,0,0
36177,2026,2,16,8,323.0,-9,-4.0,1029.0,NW,27.72,0,0
36178,2026,2,16,9,297.0,-6,-1.0,1030.0,NW,29.51,0,0
36179,2026,2,16,10,280.0,-13,4.0,1030.0,NW,31.3,0,0
36180,2026,2,16,11,267.0,-11,3.0,1031.0,SE,1.79,0,0
36181,2026,2,16,12,259.0,-15,6.0,1030.0,cv,0.89,0,0
36182,2026,2,16,13,177.0,-15,7.0,1030.0,cv,2.68,0,0
36183,2026,2,16,14,161.0,-16,7.0,1029.0,SE,1.79,0,0
36184,2026,2,16,15,120.0,-15,7.0,1029.0,SE,3.58,0,0
36185,2026,2,16,16,185.0,-12,6.0,1029.0,SE,7.6,0,0
36186,2026,2,16,17,211.0,-11,5.0,1029.0,SE,9.39,0,0
36187,2026,2,16,18,169.0,-8,4.0,1030.0,SE,13.41,0,0
36188,2026,2,16,19,242.0,-8,3.0,1030.0,SE,17.43,0,0
36189,2026,2,16,20,247.0,-6,3.0,1031.0,SE,20.56,0,0
36190,2026,2,16,21,238.0,-6,2.0,1032.0,SE,22.35,0,0
36191,2026,2,16,22,225.0,-7,1.0,1033.0,SE,24.14,0,0
36192,2026,2,16,23,216.0,-7,1.0,1033.0,SE,25.93,0,0
36193,2026,2,17,0,165.0,-7,0.0,1033.0,cv,0.89,0,0
36194,2026,2,17,1,142.0,-9,0.0,1033.0,SE,3.13,0,0
36195,2026,2,17,2,136.0,-7,0.0,1034.0,SE,4.02,0,0
36196,2026,2,17,3,117.0,-8,-2.0,1034.0,SE,5.81,0,0
36197,2026,2,17,4,119.0,-9,-3.0,1034.0,cv,0.89,0,0
36198,2026,2,17,5,52.0,-10,-3.0,1034.0,NE,0.89,0,0
36199,2026,2,17,6,46.0,-9,-3.0,1034.0,NW,1.79,0,0
36200,2026,2,17,7,53.0,-10,-2.0,1035.0,cv,0.89,0,0
36201,2026,2,17,8,67.0,-9,-1.0,1036.0,SE,0.89,0,0
36202,2026,2,17,9,70.0,-10,1.0,1037.0,cv,0.89,0,0
36203,2026,2,17,10,61.0,-16,3.0,1037.0,SE,3.13,0,0
36204,2026,2,17,11,78.0,-17,3.0,1037.0,SE,7.15,0,0
36205,2026,2,17,12,88.0,-17,4.0,1036.0,SE,10.28,0,0
36206,2026,2,17,13,75.0,-18,5.0,1035.0,SE,12.07,0,0
36207,2026,2,17,14,73.0,-18,5.0,1034.0,SE,15.2,0,0
36208,2026,2,17,15,79.0,-19,5.0,1034.0,SE,16.99,0,0
36209,2026,2,17,16,67.0,-19,5.0,1034.0,SE,20.12,0,0
36210,2026,2,17,17,73.0,-19,4.0,1033.0,SE,23.25,0,0
36211,2026,2,17,18,71.0,-18,1.0,1033.0,SE,26.38,0,0
36212,2026,2,17,19,66.0,-17,1.0,1034.0,SE,28.17,0,0
36213,2026,2,17,20,66.0,-15,1.0,1035.0,SE,33.09,0,0
36214,2026,2,17,21,75.0,-14,0.0,1036.0,SE,37.11,0,0
36215,2026,2,17,22,59.0,-15,-2.0,1036.0,SE,41.13,0,0
36216,2026,2,17,23,41.0,-13,-1.0,1036.0,SE,45.15,0,0
36217,2026,2,18,0,45.0,-13,-2.0,1036.0,SE,48.28,0,0
36218,2026,2,18,1,28.0,-12,-3.0,1036.0,SE,49.17,0,0
36219,2026,2,18,2,27.0,-12,-3.0,1035.0,SE,50.96,0,0
36220,2026,2,18,3,27.0,-12,-4.0,1035.0,cv,0.89,0,0
36221,2026,2,18,4,46.0,-12,-4.0,1034.0,SE,1.79,0,0
36222,2026,2,18,5,65.0,-13,-4.0,1035.0,SE,3.58,0,0
36223,2026,2,18,6,60.0,-13,-4.0,1034.0,SE,5.37,0,0
36224,2026,2,18,7,54.0,-13,-4.0,1035.0,SE,7.16,0,0
36225,2026,2,18,8,63.0,-12,-3.0,1035.0,SE,8.95,0,0
36226,2026,2,18,9,71.0,-12,-3.0,1035.0,SE,12.97,0,0
36227,2026,2,18,10,69.0,-12,-2.0,1034.0,SE,16.1,0,0
36228,2026,2,18,11,76.0,-11,0.0,1034.0,SE,19.23,0,0
36229,2026,2,18,12,82.0,-12,1.0,1033.0,SE,22.36,0,0
36230,2026,2,18,13,63.0,-12,2.0,1031.0,SE,26.38,0,0
36231,2026,2,18,14,63.0,-12,2.0,1030.0,SE,30.4,0,0
36232,2026,2,18,15,63.0,-12,2.0,1029.0,SE,34.42,0,0
36233,2026,2,18,16,64.0,-12,2.0,1029.0,SE,37.55,0,0
36234,2026,2,18,17,,-12,2.0,1028.0,SE,40.68,0,0
36235,2026,2,18,18,88.0,-12,0.0,1028.0,SE,42.47,0,0
36236,2026,2,18,19,80.0,-11,-1.0,1029.0,cv,0.89,0,0
36237,2026,2,18,20,89.0,-10,-2.0,1029.0,SE,0.89,0,0
36238,2026,2,18,21,93.0,-11,-1.0,1029.0,NE,1.79,0,0
36239,2026,2,18,22,104.0,-11,-1.0,1030.0,SE,1.79,0,0
36240,2026,2,18,23,123.0,-11,-2.0,1029.0,SE,2.68,1,0
36241,2026,2,19,0,118.0,-11,-2.0,1029.0,NE,1.79,0,0
36242,2026,2,19,1,116.0,-11,-3.0,1029.0,NE,3.58,0,0
36243,2026,2,19,2,125.0,-11,-3.0,1029.0,SE,0.89,0,0
36244,2026,2,19,3,119.0,-11,-5.0,1028.0,NW,1.79,0,0
36245,2026,2,19,4,120.0,-11,-5.0,1028.0,cv,0.89,0,0
36246,2026,2,19,5,122.0,-12,-7.0,1028.0,NW,3.13,0,0
36247,2026,2,19,6,122.0,-11,-6.0,1029.0,cv,0.89,0,0
36248,2026,2,19,7,112.0,-12,-8.0,1029.0,cv,1.78,0,0
36249,2026,2,19,8,108.0,-10,-7.0,1030.0,NW,1.79,0,0
36250,2026,2,19,9,103.0,-8,0.0,1030.0,NW,4.92,0,0
36251,2026,2,19,10,89.0,-13,2.0,1031.0,NW,8.05,0,0
36252,2026,2,19,11,58.0,-15,3.0,1030.0,NW,9.84,0,0
36253,2026,2,19,12,38.0,-17,4.0,1029.0,NE,1.79,0,0
36254,2026,2,19,13,19.0,-17,5.0,1028.0,NW,1.79,0,0
36255,2026,2,19,14,22.0,-17,5.0,1027.0,cv,0.89,0,0
36256,2026,2,19,15,18.0,-18,6.0,1027.0,NE,1.79,0,0
36257,2026,2,19,16,14.0,-19,5.0,1027.0,SE,3.13,0,0
36258,2026,2,19,17,16.0,-18,5.0,1027.0,SE,7.15,0,0
36259,2026,2,19,18,15.0,-17,2.0,1027.0,SE,8.94,0,0
36260,2026,2,19,19,34.0,-15,1.0,1028.0,SE,12.96,0,0
36261,2026,2,19,20,39.0,-11,-1.0,1029.0,SE,16.98,0,0
36262,2026,2,19,21,89.0,-12,-2.0,1029.0,SE,20.11,0,0
36263,2026,2,19,22,124.0,-8,0.0,1030.0,SE,25.03,0,0
36264,2026,2,19,23,142.0,-9,-2.0,1030.0,SE,26.82,0,0
36265,2026,2,20,0,152.0,-7,-2.0,1030.0,SE,29.95,0,0
36266,2026,2,20,1,156.0,-7,-3.0,1030.0,SE,31.74,0,0
36267,2026,2,20,2,152.0,-7,-4.0,1030.0,SE,33.53,0,0
36268,2026,2,20,3,160.0,-7,-4.0,1030.0,SE,35.32,0,0
36269,2026,2,20,4,173.0,-6,-3.0,1030.0,SE,36.21,0,0
36270,2026,2,20,5,174.0,-6,-3.0,1030.0,cv,0.89,0,0
36271,2026,2,20,6,180.0,-5,-2.0,1031.0,SE,0.89,0,0
36272,2026,2,20,7,185.0,-5,-2.0,1031.0,SE,1.78,0,0
36273,2026,2,20,8,184.0,-5,-2.0,1032.0,SE,3.57,1,0
36274,2026,2,20,9,190.0,-5,-1.0,1032.0,SE,5.36,2,0
36275,2026,2,20,10,196.0,-6,-1.0,1032.0,SE,7.15,0,0
36276,2026,2,20,11,,-6,0.0,1032.0,SE,8.94,0,0
36277,2026,2,20,12,221.0,-7,0.0,1031.0,SE,10.73,0,0
36278,2026,2,20,13,233.0,-7,1.0,1030.0,SE,13.86,0,0
36279,2026,2,20,14,240.0,-7,1.0,1030.0,SE,16.99,0,0
36280,2026,2,20,15,273.0,-6,1.0,1030.0,SE,20.12,0,0
36281,2026,2,20,16,327.0,-6,0.0,1029.0,SE,23.25,0,0
36282,2026,2,20,17,347.0,-5,0.0,1029.0,SE,26.38,0,0
36283,2026,2,20,18,384.0,-5,-1.0,1029.0,SE,28.17,0,0
36284,2026,2,20,19,392.0,-6,-3.0,1029.0,SE,29.06,0,0
36285,2026,2,20,20,400.0,-6,-2.0,1030.0,SE,29.95,0,0
36286,2026,2,20,21,394.0,-6,-3.0,1030.0,NE,0.89,0,0
36287,2026,2,20,22,448.0,-6,-3.0,1030.0,cv,0.45,0,0
36288,2026,2,20,23,424.0,-6,-4.0,1030.0,SE,0.89,0,0
36289,2026,2,21,0,400.0,-6,-4.0,1030.0,cv,0.45,0,0
36290,2026,2,21,1,398.0,-7,-4.0,1030.0,cv,0.9,0,0
36291,2026,2,21,2,383.0,-8,-5.0,1029.0,cv,1.35,0,0
36292,2026,2,21,3,357.0,-7,-5.0,1029.0,cv,1.8,0,0
36293,2026,2,21,4,367.0,-7,-5.0,1029.0,cv,2.25,0,0
36294,2026,2,21,5,335.0,-7,-5.0,1029.0,SE,0.89,0,0
36295,2026,2,21,6,313.0,-8,-6.0,1029.0,NW,0.89,0,0
36296,2026,2,21,7,328.0,-6,-4.0,1029.0,cv,0.89,0,0
36297,2026,2,21,8,324.0,-5,-2.0,1029.0,NW,1.79,0,0
36298,2026,2,21,9,305.0,-3,0.0,1029.0,NW,4.92,0,0
36299,2026,2,21,10,268.0,-5,1.0,1029.0,NW,6.71,0,0
36300,2026,2,21,11,247.0,-5,2.0,1029.0,NW,8.5,0,0
36301,2026,2,21,12,267.0,-6,2.0,1028.0,cv,0.89,0,0
36302,2026,2,21,13,334.0,-6,3.0,1027.0,NW,1.79,0,0
36303,2026,2,21,14,328.0,-6,4.0,1026.0,cv,0.89,0,0
36304,2026,2,21,15,327.0,-6,4.0,1026.0,NE,1.79,0,0
36305,2026,2,21,16,326.0,-7,4.0,1026.0,SE,1.79,0,0
36306,2026,2,21,17,309.0,-7,3.0,1026.0,cv,0.89,0,0
36307,2026,2,21,18,321.0,-7,1.0,1027.0,SE,0.89,0,0
36308,2026,2,21,19,340.0,-6,1.0,1028.0,cv,0.89,0,0
36309,2026,2,21,20,346.0,-7,-2.0,1028.0,cv,1.78,0,0
36310,2026,2,21,21,330.0,-6,-1.0,1029.0,NE,0.89,0,0
36311,2026,2,21,22,340.0,-7,-2.0,1029.0,NW,3.13,0,0
36312,2026,2,21,23,353.0,-6,-1.0,1029.0,cv,0.89,0,0
36313,2026,2,22,0,384.0,-5,-1.0,1029.0,NW,0.89,0,0
36314,2026,2,22,1,383.0,-6,-2.0,1029.0,NW,2.68,0,0
36315,2026,2,22,2,399.0,-5,-1.0,1029.0,NW,5.81,0,0
36316,2026,2,22,3,340.0,-5,0.0,1029.0,NW,6.7,0,0
36317,2026,2,22,4,327.0,-6,0.0,1029.0,NW,7.59,0,0
36318,2026,2,22,5,295.0,-5,1.0,1029.0,NW,9.38,0,0
36319,2026,2,22,6,296.0,-6,1.0,1029.0,NW,11.17,0,0
36320,2026,2,22,7,333.0,-6,1.0,1030.0,NW,14.3,0,0
36321,2026,2,22,8,336.0,-6,2.0,1030.0,NW,16.09,0,0
36322,2026,2,22,9,350.0,-6,3.0,1031.0,NW,19.22,0,0
36323,2026,2,22,10,305.0,-5,3.0,1031.0,NW,21.01,0,0
36324,2026,2,22,11,283.0,-5,5.0,1031.0,cv,0.89,0,0
36325,2026,2,22,12,323.0,-5,5.0,1030.0,SE,1.79,0,0
36326,2026,2,22,13,377.0,-5,6.0,1029.0,NE,1.79,0,0
36327,2026,2,22,14,357.0,-4,6.0,1029.0,SE,1.79,0,0
36328,2026,2,22,15,360.0,-4,6.0,1029.0,SE,4.92,0,0
36329,2026,2,22,16,350.0,-4,6.0,1029.0,SE,8.05,0,0
36330,2026,2,22,17,339.0,-4,5.0,1029.0,cv,0.89,0,0
36331,2026,2,22,18,335.0,-4,4.0,1029.0,NE,0.89,0,0
36332,2026,2,22,19,341.0,-4,2.0,1030.0,SE,0.89,0,0
36333,2026,2,22,20,352.0,-4,3.0,1031.0,SE,2.68,0,0
36334,2026,2,22,21,355.0,-2,4.0,1031.0,SE,5.81,0,0
36335,2026,2,22,22,327.0,-3,3.0,1031.0,SE,8.94,0,0
36336,2026,2,22,23,303.0,-4,2.0,1032.0,SE,10.73,0,0
36337,2026,2,23,0,287.0,-4,2.0,1032.0,SE,12.52,0,0
36338,2026,2,23,1,279.0,-5,2.0,1032.0,SE,14.31,0,0
36339,2026,2,23,2,,-5,2.0,1032.0,SE,16.1,0,0
36340,2026,2,23,3,264.0,-5,1.0,1032.0,SE,17.89,0,0
36341,2026,2,23,4,245.0,-6,1.0,1031.0,SE,19.68,0,0
36342,2026,2,23,5,228.0,-6,1.0,1031.0,cv,0.89,0,0
36343,2026,2,23,6,233.0,-6,1.0,1031.0,cv,1.78,0,0
36344,2026,2,23,7,240.0,-6,1.0,1032.0,cv,2.67,0,0
36345,2026,2,23,8,246.0,-6,1.0,1032.0,cv,3.56,0,0
36346,2026,2,23,9,246.0,-6,1.0,1032.0,cv,4.45,0,0
36347,2026,2,23,10,252.0,-6,2.0,1032.0,SE,1.79,0,0
36348,2026,2,23,11,266.0,-6,2.0,1032.0,cv,0.89,0,0
36349,2026,2,23,12,270.0,-6,2.0,1031.0,cv,1.78,0,0
36350,2026,2,23,13,279.0,-6,2.0,1030.0,cv,2.67,0,0
36351,2026,2,23,14,283.0,-6,2.0,1030.0,cv,3.56,0,0
36352,2026,2,23,15,316.0,-6,3.0,1030.0,cv,4.45,0,0
36353,2026,2,23,16,336.0,-6,3.0,1029.0,cv,5.34,0,0
36354,2026,2,23,17,333.0,-6,3.0,1029.0,SE,0.89,0,0
36355,2026,2,23,18,348.0,-5,2.0,1029.0,SE,1.78,0,0
36356,2026,2,23,19,360.0,-6,2.0,1030.0,cv,0.89,0,0
36357,2026,2,23,20,358.0,-5,1.0,1030.0,cv,1.78,0,0
36358,2026,2,23,21,358.0,-5,2.0,1030.0,cv,2.67,0,0
36359,2026,2,23,22,357.0,-5,2.0,1030.0,cv,3.56,0,0
36360,2026,2,23,23,362.0,-5,2.0,1030.0,cv,4.45,0,0
36361,2026,2,24,0,348.0,-5,2.0,1030.0,NE,0.89,0,0
36362,2026,2,24,1,323.0,-5,2.0,1029.0,NW,0.89,0,0
36363,2026,2,24,2,339.0,-5,2.0,1029.0,cv,0.45,0,0
36364,2026,2,24,3,339.0,-5,2.0,1028.0,NW,0.89,0,0
36365,2026,2,24,4,339.0,-5,2.0,1028.0,NW,2.68,0,0
36366,2026,2,24,5,341.0,-5,2.0,1028.0,NW,4.47,0,0
36367,2026,2,24,6,344.0,-5,1.0,1028.0,NW,6.26,0,0
36368,2026,2,24,7,335.0,-5,1.0,1028.0,NW,8.05,0,0
36369,2026,2,24,8,329.0,-5,2.0,1029.0,cv,0.89,0,0
36370,2026,2,24,9,323.0,-5,3.0,1029.0,NE,1.79,0,0
36371,2026,2,24,10,350.0,-5,4.0,1029.0,NE,3.58,0,0
36372,2026,2,24,11,341.0,-5,5.0,1028.0,NW,1.79,0,0
36373,2026,2,24,12,347.0,-5,6.0,1028.0,NW,3.58,0,0
36374,2026,2,24,13,356.0,-5,7.0,1027.0,cv,0.89,0,0
36375,2026,2,24,14,342.0,-5,7.0,1026.0,cv,1.78,0,0
36376,2026,2,24,15,366.0,-5,7.0,1025.0,cv,2.67,0,0
36377,2026,2,24,16,358.0,-5,7.0,1025.0,cv,4.46,0,0
36378,2026,2,24,17,391.0,-5,7.0,1025.0,cv,5.35,0,0
36379,2026,2,24,18,425.0,-5,5.0,1025.0,cv,6.24,0,0
36380,2026,2,24,19,387.0,-5,4.0,1026.0,SE,1.79,0,0
36381,2026,2,24,20,363.0,-5,3.0,1027.0,SE,3.58,0,0
36382,2026,2,24,21,343.0,-5,2.0,1027.0,cv,0.89,0,0
36383,2026,2,24,22,353.0,-5,0.0,1027.0,NE,0.89,0,0
36384,2026,2,24,23,357.0,-4,0.0,1027.0,NE,1.78,0,0
36385,2026,2,25,0,371.0,-4,-1.0,1027.0,cv,0.89,0,0
36386,2026,2,25,1,394.0,-5,-1.0,1027.0,cv,1.34,0,0
36387,2026,2,25,2,453.0,-5,-2.0,1027.0,NE,0.89,0,0
36388,2026,2,25,3,453.0,-5,-2.0,1027.0,cv,0.89,0,0
36389,2026,2,25,4,485.0,-5,-2.0,1027.0,NW,0.89,0,0
36390,2026,2,25,5,463.0,-5,-2.0,1027.0,NW,1.78,0,0
36391,2026,2,25,6,463.0,-5,-2.0,1027.0,NW,3.57,0,0
36392,2026,2,25,7,418.0,-4,-1.0,1027.0,NW,5.36,0,0
36393,2026,2,25,8,384.0,-4,0.0,1028.0,NW,7.15,0,0
36394,2026,2,25,9,371.0,-4,2.0,1028.0,NW,10.28,0,0
36395,2026,2,25,10,369.0,-4,3.0,1027.0,cv,0.89,0,0
36396,2026,2,25,11,374.0,-4,5.0,1027.0,cv,1.78,0,0
36397,2026,2,25,12,397.0,-4,6.0,1027.0,cv,2.67,0,0
36398,2026,2,25,13,397.0,-4,7.0,1025.0,cv,3.56,0,0
36399,2026,2,25,14,389.0,-5,8.0,1024.0,SE,1.79,0,0
36400,2026,2,25,15,410.0,-4,8.0,1024.0,SE,3.58,0,0
36401,2026,2,25,16,436.0,-4,8.0,1024.0,cv,1.79,0,0
36402,2026,2,25,17,462.0,-4,8.0,1024.0,cv,2.68,0,0
36403,2026,2,25,18,482.0,-4,6.0,1024.0,cv,3.13,0,0
36404,2026,2,25,19,501.0,-3,4.0,1025.0,cv,4.02,0,0
36405,2026,2,25,20,507.0,-5,3.0,1025.0,NW,1.79,0,0
36406,2026,2,25,21,523.0,-4,2.0,1026.0,NE,1.79,0,0
36407,2026,2,25,22,545.0,-4,1.0,1026.0,cv,0.89,0,0
36408,2026,2,25,23,577.0,-4,1.0,1025.0,cv,1.34,0,0
36409,2026,2,26,0,541.0,-4,0.0,1025.0,cv,2.23,0,0
36410,2026,2,26,1,532.0,-4,1.0,1025.0,NE,0.89,0,0
36411,2026,2,26,2,534.0,-4,1.0,1025.0,NW,0.89,0,0
36412,2026,2,26,3,495.0,-4,0.0,1024.0,NW,2.68,0,0
36413,2026,2,26,4,483.0,-4,1.0,1024.0,NW,4.47,0,0
36414,2026,2,26,5,474.0,-4,1.0,1023.0,NW,5.36,0,0
36415,2026,2,26,6,478.0,-4,0.0,1023.0,cv,0.89,0,0
36416,2026,2,26,7,496.0,-4,0.0,1023.0,NW,0.89,0,0
36417,2026,2,26,8,519.0,-3,1.0,1024.0,NW,1.78,0,0
36418,2026,2,26,9,526.0,-2,4.0,1023.0,NW,2.67,0,0
36419,2026,2,26,10,512.0,-1,5.0,1023.0,SE,1.79,0,0
36420,2026,2,26,11,557.0,0,6.0,1022.0,cv,0.89,0,0
36421,2026,2,26,12,551.0,0,7.0,1021.0,cv,1.78,0,0
36422,2026,2,26,13,562.0,0,8.0,1021.0,cv,2.67,0,0
36423,2026,2,26,14,542.0,-1,9.0,1020.0,NW,3.13,0,0
36424,2026,2,26,15,502.0,-1,9.0,1020.0,cv,0.89,0,0
36425,2026,2,26,16,525.0,0,9.0,1020.0,NW,1.79,0,0
36426,2026,2,26,17,446.0,0,9.0,1021.0,NW,4.92,0,1
36427,2026,2,26,18,188.0,2,8.0,1022.0,NW,10.73,0,2
36428,2026,2,26,19,111.0,2,7.0,1023.0,NW,15.65,0,3
36429,2026,2,26,20,82.0,2,8.0,1023.0,NW,19.67,0,0
36430,2026,2,26,21,58.0,2,6.0,1024.0,NE,3.13,0,1
36431,2026,2,26,22,43.0,2,6.0,1024.0,NW,3.13,0,0
36432,2026,2,26,23,27.0,2,6.0,1025.0,NW,6.26,0,0
36433,2026,2,27,0,31.0,-9,7.0,1025.0,NW,14.31,0,0
36434,2026,2,27,1,15.0,-11,5.0,1026.0,NW,22.36,0,0
36435,2026,2,27,2,17.0,-14,4.0,1027.0,NW,28.17,0,0
36436,2026,2,27,3,17.0,-15,4.0,1027.0,NW,37.11,0,0
36437,2026,2,27,4,21.0,-15,3.0,1027.0,NW,46.05,0,0
36438,2026,2,27,5,17.0,-16,3.0,1028.0,NW,54.1,0,0
36439,2026,2,27,6,13.0,-17,2.0,1029.0,NW,59.91,0,0
36440,2026,2,27,7,11.0,-18,2.0,1030.0,NW,64.83,0,0
36441,2026,2,27,8,12.0,-15,3.0,1031.0,NW,67.96,0,0
36442,2026,2,27,9,10.0,-18,5.0,1032.0,NW,75.11,0,0
36443,2026,2,27,10,13.0,-18,5.0,1032.0,NW,80.92,0,0
36444,2026,2,27,11,13.0,-17,6.0,1032.0,NW,84.05,0,0
36445,2026,2,27,12,8.0,-18,7.0,1031.0,NE,4.02,0,0
36446,2026,2,27,13,12.0,-19,8.0,1030.0,NW,3.13,0,0
36447,2026,2,27,14,12.0,-19,7.0,1029.0,cv,3.13,0,0
36448,2026,2,27,15,14.0,-19,9.0,1028.0,cv,4.92,0,0
36449,2026,2,27,16,17.0,-19,8.0,1028.0,NE,1.79,0,0
36450,2026,2,27,17,18.0,-20,7.0,1027.0,NE,3.58,0,0
36451,2026,2,27,18,17.0,-19,6.0,1027.0,SE,1.79,0,0
36452,2026,2,27,19,19.0,-17,2.0,1028.0,SE,3.58,0,0
36453,2026,2,27,20,31.0,-18,3.0,1028.0,SE,5.37,0,0
36454,2026,2,27,21,45.0,-16,1.0,1028.0,cv,0.89,0,0
36455,2026,2,27,22,42.0,-12,0.0,1028.0,cv,1.78,0,0
36456,2026,2,27,23,53.0,-15,0.0,1029.0,cv,2.67,0,0
36457,2026,2,28,0,42.0,-12,-2.0,1028.0,NE,1.79,0,0
36458,2026,2,28,1,34.0,-14,0.0,1029.0,SE,3.13,0,0
36459,2026,2,28,2,130.0,-6,-1.0,1029.0,SE,4.92,0,0
36460,2026,2,28,3,114.0,-5,-1.0,1029.0,SE,8.05,0,0
36461,2026,2,28,4,61.0,-5,-1.0,1028.0,SE,9.84,0,0
36462,2026,2,28,5,48.0,-6,-2.0,1028.0,cv,0.89,0,0
36463,2026,2,28,6,48.0,-6,-2.0,1028.0,cv,1.78,0,0
36464,2026,2,28,7,54.0,-8,-3.0,1029.0,cv,2.67,0,0
36465,2026,2,28,8,57.0,-5,-1.0,1029.0,SE,0.89,0,0
36466,2026,2,28,9,63.0,-6,0.0,1030.0,cv,0.89,0,0
36467,2026,2,28,10,81.0,-6,2.0,1029.0,SE,1.79,0,0
36468,2026,2,28,11,98.0,-6,2.0,1029.0,SE,3.58,0,0
36469,2026,2,28,12,106.0,-8,3.0,1027.0,SE,7.6,0,0
36470,2026,2,28,13,97.0,-8,5.0,1026.0,SE,10.73,0,0
36471,2026,2,28,14,108.0,-8,5.0,1025.0,SE,13.86,0,0
36472,2026,2,28,15,103.0,-9,6.0,1024.0,cv,0.89,0,0
36473,2026,2,28,16,96.0,-9,6.0,1023.0,cv,1.78,0,0
36474,2026,2,28,17,84.0,-9,6.0,1023.0,SE,1.79,0,0
36475,2026,2,28,18,118.0,-10,6.0,1023.0,SE,3.58,0,0
36476,2026,2,28,19,116.0,-7,4.0,1023.0,NW,4.02,0,0
36477,2026,2,28,20,158.0,-7,2.0,1024.0,cv,0.89,0,0
36478,2026,2,28,21,171.0,-7,0.0,1025.0,cv,1.78,0,0
36479,2026,2,28,22,179.0,-7,0.0,1025.0,NW,1.79,0,0
36480,2026,2,28,23,172.0,-6,0.0,1025.0,NW,3.58,0,0
36481,2026,3,1,0,168.0,-7,-1.0,1025.0,NW,5.37,0,0
36482,2026,3,1,1,188.0,-6,-1.0,1025.0,cv,0.89,0,0
36483,2026,3,1,2,206.0,-8,-3.0,1025.0,NW,3.13,0,0
36484,2026,3,1,3,210.0,-6,-2.0,1024.0,NE,1.79,0,0
36485,2026,3,1,4,180.0,-7,-3.0,1024.0,NW,1.79,0,0
36486,2026,3,1,5,181.0,-6,-1.0,1025.0,NW,4.92,0,0
36487,2026,3,1,6,149.0,-7,-1.0,1025.0,NW,8.05,0,0
36488,2026,3,1,7,100.0,-6,0.0,1025.0,NW,12.07,0,0
36489,2026,3,1,8,83.0,-8,2.0,1026.0,NW,16.09,0,0
36490,2026,3,1,9,45.0,-9,4.0,1026.0,NW,20.11,0,0
36491,2026,3,1,10,29.0,-18,7.0,1026.0,NW,25.03,0,0
36492,2026,3,1,11,15.0,-21,8.0,1025.0,NW,30.84,0,0
36493,2026,3,1,12,14.0,-23,10.0,1025.0,NW,36.65,0,0
36494,2026,3,1,13,17.0,-23,10.0,1023.0,NW,39.78,0,0
36495,2026,3,1,14,12.0,-24,11.0,1022.0,NW,42.91,0,0
36496,2026,3,1,15,10.0,-24,11.0,1021.0,cv,1.79,0,0
36497,2026,3,1,16,10.0,-27,12.0,1020.0,NW,7.15,0,0
36498,2026,3,1,17,14.0,-25,12.0,1020.0,NW,15.2,0,0
36499,2026,3,1,18,29.0,-23,10.0,1020.0,SE,4.02,0,0
36500,2026,3,1,19,51.0,-20,9.0,1021.0,SE,8.04,0,0
36501,2026,3,1,20,48.0,-20,8.0,1021.0,SE,12.06,0,0
36502,2026,3,1,21,74.0,-18,8.0,1021.0,SE,16.08,0,0
36503,2026,3,1,22,93.0,-17,8.0,1022.0,SE,21.0,0,0
36504,2026,3,1,23,112.0,-16,4.0,1022.0,SE,24.13,0,0
36505,2026,3,2,0,125.0,-7,1.0,1023.0,SE,27.26,0,0
36506,2026,3,2,1,133.0,-6,1.0,1022.0,SE,30.39,0,0
36507,2026,3,2,2,150.0,-6,0.0,1023.0,SE,32.18,0,0
36508,2026,3,2,3,124.0,-6,-1.0,1023.0,NE,1.79,0,0
36509,2026,3,2,4,135.0,-5,-1.0,1023.0,SE,1.79,0,0
36510,2026,3,2,5,143.0,-6,-1.0,1023.0,cv,0.89,0,0
36511,2026,3,2,6,139.0,-6,-1.0,1023.0,SE,1.79,0,0
36512,2026,3,2,7,128.0,-7,-1.0,1024.0,SE,3.58,0,0
36513,2026,3,2,8,134.0,-7,0.0,1024.0,cv,0.89,0,0
36514,2026,3,2,9,146.0,-9,1.0,1024.0,SE,1.79,0,0
36515,2026,3,2,10,154.0,-8,3.0,1025.0,NE,1.79,0,0
36516,2026,3,2,11,157.0,-9,5.0,1024.0,cv,1.79,0,0
36517,2026,3,2,12,174.0,-9,6.0,1023.0,SE,1.79,0,0
36518,2026,3,2,13,158.0,-11,8.0,1022.0,cv,0.89,0,0
36519,2026,3,2,14,151.0,-12,10.0,1021.0,SE,3.13,0,0
36520,2026,3,2,15,141.0,-12,10.0,1020.0,SE,7.15,0,0
36521,2026,3,2,16,137.0,-13,11.0,1020.0,SE,10.28,0,0
36522,2026,3,2,17,144.0,-12,10.0,1020.0,SE,14.3,0,0
36523,2026,3,2,18,144.0,-11,8.0,1020.0,SE,17.43,0,0
36524,2026,3,2,19,159.0,-10,5.0,1021.0,cv,0.89,0,0
36525,2026,3,2,20,166.0,-9,6.0,1022.0,SE,3.13,0,0
36526,2026,3,2,21,183.0,-6,6.0,1023.0,SE,7.15,0,0
36527,2026,3,2,22,228.0,-5,4.0,1023.0,SE,8.94,0,0
36528,2026,3,2,23,257.0,-4,3.0,1023.0,SE,10.73,0,0
36529,2026,3,3,0,306.0,-4,2.0,1023.0,SE,12.52,0,0
36530,2026,3,3,1,222.0,-5,1.0,1024.0,cv,0.89,0,0
36531,2026,3,3,2,193.0,-5,-1.0,1024.0,cv,1.78,0,0
36532,2026,3,3,3,188.0,-4,0.0,1023.0,SE,1.79,0,0
36533,2026,3,3,4,182.0,-6,-2.0,1023.0,cv,0.89,0,0
36534,2026,3,3,5,184.0,-6,-3.0,1023.0,cv,1.34,0,0
36535,2026,3,3,6,209.0,-6,-3.0,1023.0,cv,2.23,0,0
36536,2026,3,3,7,225.0,-5,-3.0,1022.0,SE,1.79,0,0
36537,2026,3,3,8,238.0,-5,-2.0,1023.0,SE,2.68,0,0
36538,2026,3,3,9,246.0,-4,0.0,1023.0,cv,0.89,0,0
36539,2026,3,3,10,269.0,-3,2.0,1023.0,cv,1.78,0,0
36540,2026,3,3,11,284.0,-5,2.0,1022.0,cv,2.67,0,0
36541,2026,3,3,12,260.0,-6,3.0,1022.0,NE,1.79,0,0
36542,2026,3,3,13,295.0,-7,3.0,1021.0,SE,1.79,0,0
36543,2026,3,3,14,322.0,-7,3.0,1020.0,NE,1.79,0,0
36544,2026,3,3,15,308.0,-8,3.0,1020.0,NE,3.58,0,0
36545,2026,3,3,16,271.0,-8,3.0,1020.0,NW,1.79,0,0
36546,2026,3,3,17,240.0,-8,3.0,1020.0,NW,4.92,0,0
36547,2026,3,3,18,230.0,-7,3.0,1020.0,NW,8.05,0,0
36548,2026,3,3,19,237.0,-6,3.0,1021.0,NW,11.18,0,0
36549,2026,3,3,20,242.0,-6,3.0,1021.0,NW,14.31,0,0
36550,2026,3,3,21,241.0,-6,3.0,1022.0,NW,17.44,0,0
36551,2026,3,3,22,238.0,-7,0.0,1022.0,NW,20.57,0,0
36552,2026,3,3,23,255.0,-8,1.0,1022.0,NW,23.7,0,0
36553,2026,3,4,0,266.0,-9,1.0,1023.0,NW,26.83,0,0
36554,2026,3,4,1,255.0,-9,2.0,1023.0,NW,29.96,0,0
36555,2026,3,4,2,232.0,-7,0.0,1024.0,NW,33.09,0,0
36556,2026,3,4,3,226.0,-7,0.0,1024.0,NW,34.88,0,0
36557,2026,3,4,4,215.0,-6,0.0,1024.0,NW,36.67,0,0
36558,2026,3,4,5,75.0,-6,-1.0,1025.0,NE,1.79,0,0
36559,2026,3,4,6,3.0,-8,-1.0,1025.0,NW,3.13,0,0
36560,2026,3,4,7,4.0,-10,-1.0,1026.0,NW,4.92,0,0
36561,2026,3,4,8,7.0,-13,5.0,1027.0,NW,8.05,0,0
36562,2026,3,4,9,6.0,-18,7.0,1027.0,NW,12.07,0,0
36563,2026,3,4,10,14.0,-25,7.0,1028.0,NW,21.01,0,0
36564,2026,3,4,11,13.0,-24,9.0,1027.0,NW,26.82,0,0
36565,2026,3,4,12,8.0,-23,8.0,1027.0,NW,33.97,0,0
36566,2026,3,4,13,11.0,-26,8.0,1026.0,NW,41.12,0,0
36567,2026,3,4,14,13.0,-26,9.0,1025.0,NW,49.17,0,0
36568,2026,3,4,15,11.0,-29,9.0,1025.0,NW,57.22,0,0
36569,2026,3,4,16,7.0,-29,10.0,1025.0,NW,65.27,0,0
36570,2026,3,4,17,8.0,-30,8.0,1025.0,NW,71.08,0,0
36571,2026,3,4,18,11.0,-29,7.0,1026.0,NW,78.23,0,0
36572,2026,3,4,19,12.0,-28,6.0,1027.0,NW,84.04,0,0
36573,2026,3,4,20,13.0,-27,5.0,1028.0,NW,89.85,0,0
36574,2026,3,4,21,9.0,-25,1.0,1029.0,NW,94.77,0,0
36575,2026,3,4,22,9.0,-25,0.0,1030.0,NW,99.69,0,0
36576,2026,3,4,23,7.0,-23,0.0,1030.0,NW,105.5,0,0
36577,2026,3,5,0,14.0,-22,-2.0,1030.0,NW,110.42,0,0
36578,2026,3,5,1,10.0,-21,-4.0,1030.0,NW,114.44,0,0
36579,2026,3,5,2,9.0,-20,-3.0,1030.0,NW,117.57,0,0
36580,2026,3,5,3,18.0,-19,-4.0,1031.0,NW,119.36,0,0
36581,2026,3,5,4,14.0,-17,-6.0,1030.0,NE,0.89,0,0
36582,2026,3,5,5,12.0,-15,-5.0,1030.0,SE,0.89,0,0
36583,2026,3,5,6,26.0,-16,-6.0,1030.0,cv,0.45,0,0
36584,2026,3,5,7,30.0,-16,-4.0,1031.0,cv,1.34,0,0
36585,2026,3,5,8,35.0,-15,0.0,1031.0,cv,1.79,0,0
36586,2026,3,5,9,27.0,-22,3.0,1031.0,cv,2.68,0,0
36587,2026,3,5,10,13.0,-23,4.0,1030.0,cv,3.57,0,0
36588,2026,3,5,11,18.0,-24,5.0,1030.0,SE,3.13,0,0
36589,2026,3,5,12,27.0,-25,7.0,1028.0,SE,7.15,0,0
36590,2026,3,5,13,23.0,-25,8.0,1027.0,SE,12.07,0,0
36591,2026,3,5,14,25.0,-24,8.0,1026.0,SE,17.88,0,0
36592,2026,3,5,15,27.0,-24,8.0,1025.0,SE,23.69,0,0
36593,2026,3,5,16,26.0,-24,8.0,1024.0,SE,29.5,0,0
36594,2026,3,5,17,32.0,-23,8.0,1024.0,SE,36.65,0,0
36595,2026,3,5,18,39.0,-22,7.0,1024.0,SE,43.8,0,0
36596,2026,3,5,19,49.0,-21,6.0,1025.0,SE,49.61,0,0
36597,2026,3,5,20,48.0,-20,6.0,1026.0,SE,55.42,0,0
36598,2026,3,5,21,49.0,-22,5.0,1027.0,NW,3.13,0,0
36599,2026,3,5,22,16.0,-27,4.0,1028.0,NW,8.05,0,0
36600,2026,3,5,23,12.0,-27,3.0,1029.0,NW,12.97,0,0
36601,2026,3,6,0,12.0,-29,3.0,1029.0,NW,16.99,0,0
36602,2026,3,6,1,11.0,-28,2.0,1030.0,NW,21.01,0,0
36603,2026,3,6,2,8.0,-25,-2.0,1030.0,NW,24.14,0,0
36604,2026,3,6,3,11.0,-27,0.0,1030.0,NW,28.16,0,0
36605,2026,3,6,4,9.0,-24,0.0,1030.0,NW,29.95,0,0
36606,2026,3,6,5,9.0,-22,-3.0,1031.0,NE,1.79,0,0
36607,2026,3,6,6,12.0,-24,-4.0,1031.0,NW,1.79,0,0
36608,2026,3,6,7,16.0,-23,-5.0,1032.0,NW,3.58,0,0
36609,2026,3,6,8,14.0,-24,1.0,1033.0,NW,5.37,0,0
36610,2026,3,6,9,23.0,-27,2.0,1033.0,NE,3.13,0,0
36611,2026,3,6,10,16.0,-27,4.0,1033.0,NE,6.26,0,0
36612,2026,3,6,11,10.0,-28,4.0,1032.0,cv,1.79,0,0
36613,2026,3,6,12,13.0,-30,6.0,1031.0,NW,4.92,0,0
36614,2026,3,6,13,15.0,-30,6.0,1030.0,cv,3.13,0,0
36615,2026,3,6,14,12.0,-29,7.0,1029.0,NW,4.02,0,0
36616,2026,3,6,15,11.0,-31,7.0,1028.0,NW,9.83,0,0
36617,2026,3,6,16,12.0,-30,7.0,1027.0,NW,17.88,0,0
36618,2026,3,6,17,12.0,-30,8.0,1027.0,NW,23.69,0,0
36619,2026,3,6,18,17.0,-31,7.0,1027.0,NW,26.82,0,0
36620,2026,3,6,19,27.0,-27,5.0,1028.0,SE,4.92,0,0
36621,2026,3,6,20,29.0,-26,4.0,1028.0,SE,9.84,0,0
36622,2026,3,6,21,41.0,-25,4.0,1028.0,SE,13.86,0,0
36623,2026,3,6,22,41.0,-25,2.0,1029.0,SE,16.99,0,0
36624,2026,3,6,23,53.0,-17,1.0,1029.0,SE,22.8,0,0
36625,2026,3,7,0,67.0,-13,1.0,1029.0,SE,26.82,0,0
36626,2026,3,7,1,70.0,-12,0.0,1029.0,SE,29.95,0,0
36627,2026,3,7,2,84.0,-10,-1.0,1030.0,SE,31.74,0,0
36628,2026,3,7,3,91.0,-10,-4.0,1030.0,NE,1.79,0,0
36629,2026,3,7,4,99.0,-10,-4.0,1030.0,NE,3.58,0,0
36630,2026,3,7,5,97.0,-10,-5.0,1031.0,NE,4.47,0,0
36631,2026,3,7,6,100.0,-9,-4.0,1031.0,cv,0.45,0,0
36632,2026,3,7,7,97.0,-11,-7.0,1032.0,NW,1.79,0,0
36633,2026,3,7,8,86.0,-10,0.0,1032.0,NW,3.58,0,0
36634,2026,3,7,9,92.0,-15,2.0,1032.0,NE,3.13,0,0
36635,2026,3,7,10,64.0,-22,4.0,1032.0,NW,7.15,0,0
36636,2026,3,7,11,40.0,-26,5.0,1031.0,NE,4.92,0,0
36637,2026,3,7,12,26.0,-26,7.0,1031.0,NE,8.94,0,0
36638,2026,3,7,13,21.0,-26,8.0,1029.0,NW,4.02,0,0
36639,2026,3,7,14,14.0,-26,8.0,1028.0,NE,3.13,0,0
36640,2026,3,7,15,17.0,-28,8.0,1028.0,SE,1.79,0,0
36641,2026,3,7,16,20.0,-26,8.0,1027.0,SE,3.58,0,0
36642,2026,3,7,17,31.0,-26,8.0,1027.0,SE,5.37,0,0
36643,2026,3,7,18,40.0,-25,6.0,1027.0,SE,7.16,0,0
36644,2026,3,7,19,38.0,-24,5.0,1027.0,SE,8.95,0,0
36645,2026,3,7,20,41.0,-23,5.0,1028.0,SE,12.97,0,0
36646,2026,3,7,21,51.0,-22,3.0,1028.0,cv,0.89,0,0
36647,2026,3,7,22,69.0,-19,4.0,1028.0,SE,1.79,0,0
36648,2026,3,7,23,77.0,-19,3.0,1028.0,SE,3.58,0,0
36649,2026,3,8,0,111.0,-16,2.0,1028.0,SE,5.37,0,0
36650,2026,3,8,1,144.0,-13,2.0,1027.0,SE,7.16,0,0
36651,2026,3,8,2,133.0,-12,2.0,1027.0,SE,8.95,0,0
36652,2026,3,8,3,110.0,-11,1.0,1026.0,SE,10.74,0,0
36653,2026,3,8,4,143.0,-8,0.0,1025.0,SE,12.53,0,0
36654,2026,3,8,5,136.0,-6,0.0,1025.0,SE,14.32,0,0
36655,2026,3,8,6,141.0,-5,0.0,1025.0,SE,16.11,0,0
36656,2026,3,8,7,160.0,-4,0.0,1025.0,SE,17.9,0,0
36657,2026,3,8,8,159.0,-4,1.0,1025.0,cv,0.89,0,0
36658,2026,3,8,9,167.0,-4,1.0,1025.0,SE,3.13,0,0
36659,2026,3,8,10,188.0,-4,3.0,1025.0,cv,0.89,0,0
36660,2026,3,8,11,196.0,-5,5.0,1024.0,cv,2.68,0,0
36661,2026,3,8,12,205.0,-6,6.0,1023.0,cv,4.47,0,0
36662,2026,3,8,13,201.0,-7,8.0,1021.0,SE,3.13,0,0
36663,2026,3,8,14,201.0,-8,9.0,1020.0,cv,1.79,0,0
36664,2026,3,8,15,202.0,-8,10.0,1019.0,SE,4.92,0,0
36665,2026,3,8,16,201.0,-8,10.0,1019.0,SE,9.84,0,0
36666,2026,3,8,17,187.0,-8,10.0,1019.0,SE,12.97,0,0
36667,2026,3,8,18,187.0,-9,8.0,1020.0,SE,14.76,0,0
36668,2026,3,8,19,199.0,-7,6.0,1021.0,cv,0.89,0,0
36669,2026,3,8,20,206.0,-8,2.0,1022.0,NE,1.79,0,0
36670,2026,3,8,21,213.0,-7,3.0,1023.0,cv,0.89,0,0
36671,2026,3,8,22,187.0,-7,1.0,1024.0,cv,1.78,0,0
36672,2026,3,8,23,218.0,-6,0.0,1024.0,NE,0.89,0,0
36673,2026,3,9,0,134.0,-8,-2.0,1024.0,NW,1.79,0,0
36674,2026,3,9,1,131.0,-9,-1.0,1025.0,cv,0.89,0,0
36675,2026,3,9,2,154.0,-9,-3.0,1025.0,NW,0.89,0,0
36676,2026,3,9,3,112.0,-9,-3.0,1025.0,NE,0.89,0,0
36677,2026,3,9,4,55.0,-11,-3.0,1025.0,SE,0.89,0,0
36678,2026,3,9,5,172.0,-8,0.0,1025.0,SE,4.02,0,0
36679,2026,3,9,6,143.0,-8,-2.0,1026.0,SE,5.81,0,0
36680,2026,3,9,7,122.0,-8,-1.0,1027.0,cv,0.89,0,0
36681,2026,3,9,8,114.0,-7,0.0,1028.0,NE,1.79,0,0
36682,2026,3,9,9,100.0,-11,4.0,1028.0,cv,0.89,0,0
36683,2026,3,9,10,119.0,-11,4.0,1028.0,SE,1.79,0,0
36684,2026,3,9,11,130.0,-10,6.0,1028.0,cv,0.89,0,0
36685,2026,3,9,12,145.0,-9,8.0,1027.0,cv,4.02,0,0
36686,2026,3,9,13,149.0,-11,8.0,1026.0,SE,3.13,0,0
36687,2026,3,9,14,163.0,-11,10.0,1025.0,SE,6.26,0,0
36688,2026,3,9,15,147.0,-12,10.0,1024.0,SE,9.39,0,0
36689,2026,3,9,16,133.0,-12,10.0,1024.0,SE,12.52,0,0
36690,2026,3,9,17,126.0,-13,9.0,1024.0,SE,15.65,0,0
36691,2026,3,9,18,124.0,-11,7.0,1025.0,SE,17.44,0,0
36692,2026,3,9,19,122.0,-12,7.0,1025.0,SE,22.36,0,0
36693,2026,3,9,20,91.0,-13,5.0,1026.0,SE,27.28,0,0
36694,2026,3,9,21,98.0,-10,4.0,1027.0,SE,32.2,0,0
36695,2026,3,9,22,91.0,-6,2.0,1028.0,SE,37.12,0,0
36696,2026,3,9,23,78.0,-6,0.0,1028.0,SE,38.91,0,0
36697,2026,3,10,0,55.0,-6,0.0,1029.0,SE,40.7,0,0
36698,2026,3,10,1,40.0,-7,-1.0,1028.0,SE,43.83,0,0
36699,2026,3,10,2,36.0,-7,-1.0,1028.0,SE,47.85,0,0
36700,2026,3,10,3,48.0,-8,-1.0,1028.0,SE,50.98,0,0
36701,2026,3,10,4,54.0,-8,-2.0,1027.0,cv,0.89,0,0
36702,2026,3,10,5,63.0,-10,-4.0,1027.0,cv,1.78,0,0
36703,2026,3,10,6,78.0,-8,-3.0,1027.0,NE,0.89,0,0
36704,2026,3,10,7,74.0,-7,-2.0,1027.0,cv,0.45,0,0
36705,2026,3,10,8,76.0,-7,0.0,1027.0,NE,0.89,0,0
36706,2026,3,10,9,81.0,-8,1.0,1027.0,SE,1.79,0,0
36707,2026,3,10,10,86.0,-7,3.0,1026.0,SE,3.58,0,0
36708,2026,3,10,11,89.0,-7,4.0,1025.0,SE,5.37,0,0
36709,2026,3,10,12,96.0,-7,5.0,1025.0,cv,0.89,0,0
36710,2026,3,10,13,99.0,-8,6.0,1023.0,SE,1.79,0,0
36711,2026,3,10,14,102.0,-9,8.0,1021.0,cv,1.79,0,0
36712,2026,3,10,15,111.0,-9,9.0,1021.0,cv,3.58,0,0
36713,2026,3,10,16,121.0,-9,9.0,1020.0,SE,3.13,0,0
36714,2026,3,10,17,122.0,-8,8.0,1020.0,SE,6.26,0,0
36715,2026,3,10,18,135.0,-7,8.0,1019.0,SE,9.39,0,0
36716,2026,3,10,19,145.0,-7,6.0,1019.0,SE,11.18,0,0
36717,2026,3,10,20,159.0,-6,5.0,1020.0,cv,0.45,0,0
36718,2026,3,10,21,183.0,-5,3.0,1020.0,SE,0.89,0,0
36719,2026,3,10,22,187.0,-6,2.0,1020.0,SE,1.78,0,0
36720,2026,3,10,23,195.0,-5,3.0,1020.0,cv,0.89,0,0
36721,2026,3,11,0,224.0,-5,2.0,1019.0,cv,1.34,0,0
36722,2026,3,11,1,259.0,-4,1.0,1019.0,cv,2.23,0,0
36723,2026,3,11,2,260.0,-5,1.0,1018.0,cv,2.68,0,0
36724,2026,3,11,3,257.0,-5,0.0,1018.0,cv,3.13,0,0
36725,2026,3,11,4,267.0,-4,-1.0,1017.0,cv,4.02,0,0
36726,2026,3,11,5,260.0,-5,-1.0,1017.0,NW,1.79,0,0
36727,2026,3,11,6,259.0,-4,0.0,1017.0,NE,0.89,0,0
36728,2026,3,11,7,270.0,-5,-1.0,1017.0,NW,3.13,0,0
36729,2026,3,11,8,234.0,-5,2.0,1017.0,NW,4.92,0,0
36730,2026,3,11,9,245.0,-5,5.0,1017.0,NW,8.05,0,0
36731,2026,3,11,10,269.0,-6,8.0,1017.0,NW,11.18,0,0
36732,2026,3,11,11,303.0,-6,10.0,1017.0,NW,15.2,0,0
36733,2026,3,11,12,272.0,-5,11.0,1016.0,cv,0.89,0,0
36734,2026,3,11,13,234.0,-5,12.0,1016.0,cv,1.78,0,0
36735,2026,3,11,14,214.0,-5,12.0,1015.0,SE,1.79,0,0
36736,2026,3,11,15,225.0,-5,13.0,1015.0,SE,3.58,0,0
36737,2026,3,11,16,220.0,-6,14.0,1015.0,NW,1.79,0,0
36738,2026,3,11,17,209.0,-6,13.0,1015.0,cv,0.89,0,0
36739,2026,3,11,18,202.0,-7,12.0,1017.0,NE,3.13,0,0
36740,2026,3,11,19,168.0,-13,13.0,1018.0,NE,10.28,0,0
36741,2026,3,11,20,13.0,-13,11.0,1020.0,NE,17.43,0,0
36742,2026,3,11,21,18.0,-11,10.0,1021.0,NE,26.37,0,0
36743,2026,3,11,22,18.0,-9,9.0,1023.0,NE,34.42,0,0
36744,2026,3,11,23,13.0,-10,8.0,1023.0,NW,5.81,0,0
36745,2026,3,12,0,10.0,-11,8.0,1024.0,NW,11.62,0,0
36746,2026,3,12,1,11.0,-11,7.0,1025.0,NE,5.81,0,0
36747,2026,3,12,2,14.0,-11,7.0,1025.0,NE,9.83,0,0
36748,2026,3,12,3,13.0,-10,6.0,1025.0,NW,4.02,0,0
36749,2026,3,12,4,10.0,-11,6.0,1025.0,NW,7.15,0,0
36750,2026,3,12,5,10.0,-12,5.0,1025.0,NW,11.17,0,0
36751,2026,3,12,6,10.0,-14,6.0,1026.0,NW,16.98,0,0
36752,2026,3,12,7,11.0,-15,5.0,1027.0,NW,21.9,0,0
36753,2026,3,12,8,11.0,-19,6.0,1027.0,NW,27.71,0,0
36754,2026,3,12,9,11.0,-21,7.0,1028.0,NW,33.52,0,0
36755,2026,3,12,10,12.0,-23,7.0,1028.0,NE,5.81,0,0
36756,2026,3,12,11,13.0,-24,8.0,1028.0,NE,11.62,0,0
36757,2026,3,12,12,11.0,-23,10.0,1027.0,NW,4.02,0,0
36758,2026,3,12,13,10.0,-24,11.0,1026.0,NW,8.04,0,0
36759,2026,3,12,14,9.0,-24,10.0,1025.0,cv,1.79,0,0
36760,2026,3,12,15,13.0,-26,10.0,1024.0,cv,3.58,0,0
36761,2026,3,12,16,13.0,-25,10.0,1023.0,NE,3.13,0,0
36762,2026,3,12,17,13.0,-25,10.0,1023.0,cv,0.89,0,0
36763,2026,3,12,18,15.0,-24,9.0,1023.0,SE,1.79,0,0
36764,2026,3,12,19,20.0,-23,7.0,1024.0,SE,2.68,0,0
36765,2026,3,12,20,41.0,-23,6.0,1024.0,SE,3.57,0,0
36766,2026,3,12,21,35.0,-18,3.0,1025.0,cv,0.89,0,0
36767,2026,3,12,22,52.0,-20,2.0,1025.0,NW,1.79,0,0
36768,2026,3,12,23,66.0,-22,4.0,1026.0,NW,3.58,0,0
36769,2026,3,13,0,36.0,-22,2.0,1026.0,NW,6.71,0,0
36770,2026,3,13,1,18.0,-23,2.0,1026.0,NW,8.5,0,0
36771,2026,3,13,2,20.0,-22,1.0,1026.0,NW,10.29,0,0
36772,2026,3,13,3,20.0,-22,0.0,1025.0,NW,12.08,0,0
36773,2026,3,13,4,14.0,-19,0.0,1025.0,cv,0.89,0,0
36774,2026,3,13,5,15.0,-15,-2.0,1025.0,cv,1.78,0,0
36775,2026,3,13,6,18.0,-19,-1.0,1025.0,NW,0.89,0,0
36776,2026,3,13,7,21.0,-15,-2.0,1025.0,cv,0.89,0,0
36777,2026,3,13,8,32.0,-19,3.0,1025.0,NW,1.79,0,0
36778,2026,3,13,9,21.0,-23,6.0,1025.0,NW,3.58,0,0
36779,2026,3,13,10,19.0,-23,8.0,1024.0,cv,0.89,0,0
36780,2026,3,13,11,12.0,-25,9.0,1023.0,NW,3.13,0,0
36781,2026,3,13,12,15.0,-24,11.0,1022.0,cv,1.79,0,0
36782,2026,3,13,13,16.0,-25,12.0,1020.0,cv,4.92,0,0
36783,2026,3,13,14,14.0,-23,12.0,1019.0,SE,3.13,0,0
36784,2026,3,13,15,18.0,-23,12.0,1018.0,SE,8.05,0,0
36785,2026,3,13,16,20.0,-22,13.0,1017.0,SE,13.86,0,0
36786,2026,3,13,17,19.0,-21,12.0,1017.0,SE,18.78,0,0
36787,2026,3,13,18,28.0,-21,11.0,1017.0,SE,24.59,0,0
36788,2026,3,13,19,32.0,-20,11.0,1017.0,SE,29.51,0,0
36789,2026,3,13,20,40.0,-19,10.0,1017.0,SE,34.43,0,0
36790,2026,3,13,21,39.0,-18,10.0,1018.0,cv,0.89,0,0
36791,2026,3,13,22,22.0,-18,8.0,1019.0,NW,4.92,0,0
36792,2026,3,13,23,37.0,-26,10.0,1019.0,NW,12.97,0,0
36793,2026,3,14,0,24.0,-25,10.0,1019.0,NW,20.12,0,0
36794,2026,3,14,1,19.0,-25,9.0,1020.0,NW,28.17,0,0
36795,2026,3,14,2,11.0,-24,9.0,1020.0,NW,33.98,0,0
36796,2026,3,14,3,13.0,-23,8.0,1020.0,NW,39.79,0,0
36797,2026,3,14,4,11.0,-24,7.0,1020.0,NW,46.94,0,0
36798,2026,3,14,5,10.0,-23,6.0,1020.0,NW,52.75,0,0
36799,2026,3,14,6,7.0,-24,6.0,1021.0,NW,57.67,0,0
36800,2026,3,14,7,12.0,-22,4.0,1022.0,NW,60.8,0,0
36801,2026,3,14,8,15.0,-22,9.0,1022.0,NW,63.93,0,0
36802,2026,3,14,9,12.0,-23,11.0,1022.0,NW,67.06,0,0
36803,2026,3,14,10,16.0,-23,12.0,1022.0,NW,71.08,0,0
36804,2026,3,14,11,7.0,-23,12.0,1021.0,NW,72.87,0,0
36805,2026,3,14,12,12.0,-22,13.0,1020.0,cv,3.13,0,0
36806,2026,3,14,13,19.0,-23,14.0,1019.0,cv,7.15,0,0
36807,2026,3,14,14,22.0,-22,15.0,1017.0,SE,4.02,0,0
36808,2026,3,14,15,22.0,-22,16.0,1016.0,SE,8.94,0,0
36809,2026,3,14,16,16.0,-21,17.0,1015.0,SE,14.75,0,0
36810,2026,3,14,17,20.0,-20,16.0,1014.0,SE,20.56,0,0
36811,2026,3,14,18,30.0,-20,15.0,1014.0,SE,26.37,0,0
36812,2026,3,14,19,32.0,-18,12.0,1014.0,SE,30.39,0,0
36813,2026,3,14,20,38.0,-16,12.0,1014.0,SE,35.31,0,0
36814,2026,3,14,21,52.0,-17,11.0,1014.0,SE,39.33,0,0
36815,2026,3,14,22,63.0,-15,11.0,1013.0,SE,41.12,0,0
36816,2026,3,14,23,66.0,-14,11.0,1013.0,SE,45.14,0,0
36817,2026,3,15,0,72.0,-13,8.0,1012.0,SE,46.93,0,0
36818,2026,3,15,1,63.0,-11,7.0,1012.0,SE,48.72,0,0
36819,2026,3,15,2,69.0,-12,2.0,1012.0,NE,0.89,0,0
36820,2026,3,15,3,78.0,-12,3.0,1011.0,cv,0.89,0,0
36821,2026,3,15,4,85.0,-12,1.0,1011.0,NW,1.79,0,0
36822,2026,3,15,5,82.0,-9,1.0,1010.0,NE,0.89,0,0
36823,2026,3,15,6,87.0,-9,1.0,1011.0,NW,0.89,0,0
36824,2026,3,15,7,93.0,-7,1.0,1011.0,NE,0.89,0,0
36825,2026,3,15,8,116.0,-10,6.0,1011.0,cv,0.45,0,0
36826,2026,3,15,9,99.0,-12,8.0,1012.0,cv,1.34,0,0
36827,2026,3,15,10,88.0,-11,11.0,1012.0,cv,2.23,0,0
36828,2026,3,15,11,91.0,-13,12.0,1011.0,cv,3.12,0,0
36829,2026,3,15,12,109.0,-12,15.0,1011.0,SE,1.79,0,0
36830,2026,3,15,13,110.0,-12,17.0,1010.0,cv,1.79,0,0
36831,2026,3,15,14,109.0,-14,20.0,1009.0,SE,1.79,0,0
36832,2026,3,15,15,123.0,-14,21.0,1008.0,SE,4.92,0,0
36833,2026,3,15,16,136.0,-13,22.0,1008.0,SE,8.05,0,0
36834,2026,3,15,17,119.0,-12,20.0,1009.0,SE,11.18,0,0
36835,2026,3,15,18,116.0,-11,19.0,1009.0,SE,12.97,0,0
36836,2026,3,15,19,101.0,-8,16.0,1010.0,SE,16.1,0,0
36837,2026,3,15,20,131.0,-8,14.0,1011.0,SE,17.89,0,0
36838,2026,3,15,21,168.0,-7,13.0,1011.0,SE,19.68,0,0
36839,2026,3,15,22,189.0,-6,14.0,1013.0,SE,23.7,0,0
36840,2026,3,15,23,183.0,-4,12.0,1013.0,SE,27.72,0,0
36841,2026,3,16,0,205.0,-7,11.0,1014.0,SE,30.85,0,0
36842,2026,3,16,1,188.0,-9,10.0,1015.0,SE,32.64,0,0
36843,2026,3,16,2,148.0,-10,8.0,1015.0,cv,0.89,0,0
36844,2026,3,16,3,137.0,-10,7.0,1015.0,cv,1.78,0,0
36845,2026,3,16,4,140.0,-9,6.0,1015.0,cv,2.67,0,0
36846,2026,3,16,5,141.0,-9,5.0,1016.0,cv,3.56,0,0
36847,2026,3,16,6,121.0,-11,7.0,1017.0,cv,4.45,0,0
36848,2026,3,16,7,109.0,-11,7.0,1017.0,SE,1.79,0,0
36849,2026,3,16,8,83.0,-9,10.0,1018.0,cv,0.45,0,0
36850,2026,3,16,9,78.0,-11,12.0,1019.0,NW,3.13,0,0
36851,2026,3,16,10,77.0,-12,13.0,1018.0,SE,1.79,0,0
36852,2026,3,16,11,79.0,-13,14.0,1018.0,SE,5.81,0,0
36853,2026,3,16,12,73.0,-14,16.0,1018.0,cv,3.13,0,0
36854,2026,3,16,13,75.0,-12,16.0,1016.0,SE,4.02,0,0
36855,2026,3,16,14,91.0,-11,17.0,1015.0,SE,8.04,0,0
36856,2026,3,16,15,104.0,-9,17.0,1013.0,SE,12.96,0,0
36857,2026,3,16,16,116.0,-8,17.0,1012.0,SE,16.98,0,0
36858,2026,3,16,17,121.0,-8,16.0,1012.0,SE,21.0,0,0
36859,2026,3,16,18,137.0,-7,15.0,1012.0,SE,25.02,0,0
36860,2026,3,16,19,151.0,-6,13.0,1012.0,SE,28.15,0,0
36861,2026,3,16,20,159.0,-6,12.0,1013.0,SE,31.28,0,0
36862,2026,3,16,21,157.0,-5,11.0,1013.0,SE,34.41,0,0
36863,2026,3,16,22,151.0,-5,10.0,1013.0,SE,37.54,0,0
36864,2026,3,16,23,150.0,-5,9.0,1012.0,cv,0.89,0,0
36865,2026,3,17,0,149.0,-5,8.0,1012.0,SE,0.89,0,0
36866,2026,3,17,1,141.0,-4,6.0,1011.0,cv,0.45,0,0
36867,2026,3,17,2,144.0,-4,4.0,1011.0,NW,1.79,0,0
36868,2026,3,17,3,148.0,-4,6.0,1010.0,cv,0.89,0,0
36869,2026,3,17,4,144.0,-4,5.0,1010.0,cv,1.78,0,0
36870,2026,3,17,5,150.0,-4,4.0,1010.0,NE,0.89,0,0
36871,2026,3,17,6,152.0,-4,4.0,1010.0,NW,1.79,0,0
36872,2026,3,17,7,155.0,-4,5.0,1011.0,NW,3.58,0,0
36873,2026,3,17,8,165.0,-4,8.0,1011.0,NW,6.71,0,0
36874,2026,3,17,9,181.0,-5,10.0,1012.0,NW,9.84,0,0
36875,2026,3,17,10,191.0,-5,12.0,1011.0,NW,12.97,0,0
36876,2026,3,17,11,124.0,-10,16.0,1012.0,NW,20.12,0,0
36877,2026,3,17,12,36.0,-11,19.0,1011.0,NW,27.27,0,0
36878,2026,3,17,13,40.0,-10,19.0,1011.0,NW,35.32,0,0
36879,2026,3,17,14,49.0,-10,20.0,1010.0,NW,44.26,0,0
36880,2026,3,17,15,30.0,-10,21.0,1010.0,NW,54.09,0,0
36881,2026,3,17,16,27.0,-11,21.0,1010.0,NW,63.92,0,0
36882,2026,3,17,17,27.0,-11,20.0,1011.0,NW,73.75,0,0
36883,2026,3,17,18,22.0,-10,18.0,1012.0,NW,84.93,0,0
36884,2026,3,17,19,24.0,-11,18.0,1014.0,NW,93.87,0,0
36885,2026,3,17,20,21.0,-11,17.0,1016.0,NW,101.02,0,0
36886,2026,3,17,21,26.0,-10,16.0,1017.0,NW,106.83,0,0
36887,2026,3,17,22,17.0,-11,15.0,1018.0,NW,112.64,0,0
36888,2026,3,17,23,23.0,-11,15.0,1018.0,NW,119.79,0,0
36889,2026,3,18,0,23.0,-11,12.0,1019.0,NW,123.81,0,0
36890,2026,3,18,1,21.0,-10,10.0,1019.0,NW,129.62,0,0
36891,2026,3,18,2,21.0,-13,13.0,1020.0,NE,5.81,0,0
36892,2026,3,18,3,17.0,-12,11.0,1021.0,NE,9.83,0,0
36893,2026,3,18,4,15.0,-12,11.0,1021.0,NE,12.96,0,0
36894,2026,3,18,5,13.0,-12,9.0,1022.0,cv,0.89,0,0
36895,2026,3,18,6,17.0,-12,8.0,1022.0,NE,3.13,0,0
36896,2026,3,18,7,14.0,-10,6.0,1023.0,NE,6.26,0,0
36897,2026,3,18,8,20.0,-12,13.0,1024.0,NE,10.28,0,0
36898,2026,3,18,9,18.0,-12,14.0,1024.0,NE,14.3,0,0
36899,2026,3,18,10,16.0,-12,15.0,1024.0,SE,3.13,0,0
36900,2026,3,18,11,27.0,-8,15.0,1024.0,SE,8.94,0,0
36901,2026,3,18,12,52.0,-7,15.0,1024.0,SE,13.86,0,0
36902,2026,3,18,13,67.0,-7,15.0,1023.0,SE,18.78,0,0
36903,2026,3,18,14,76.0,-6,15.0,1022.0,SE,24.59,0,0
36904,2026,3,18,15,79.0,-7,14.0,1022.0,SE,31.74,0,0
36905,2026,3,18,16,76.0,-6,14.0,1021.0,SE,37.55,0,0
36906,2026,3,18,17,66.0,-6,13.0,1021.0,SE,44.7,0,0
36907,2026,3,18,18,60.0,-7,12.0,1021.0,SE,50.51,0,0
36908,2026,3,18,19,66.0,-8,11.0,1021.0,SE,55.43,0,0
36909,2026,3,18,20,61.0,-9,10.0,1022.0,SE,59.45,0,0
36910,2026,3,18,21,57.0,-10,9.0,1022.0,SE,62.58,0,0
36911,2026,3,18,22,47.0,-12,9.0,1022.0,SE,66.6,0,0
36912,2026,3,18,23,30.0,-12,7.0,1022.0,SE,68.39,0,0
36913,2026,3,19,0,34.0,-11,7.0,1022.0,SE,70.18,0,0
36914,2026,3,19,1,29.0,-10,7.0,1021.0,SE,73.31,0,0
36915,2026,3,19,2,47.0,-8,6.0,1021.0,SE,75.1,0,0
36916,2026,3,19,3,72.0,-8,5.0,1021.0,SE,76.89,0,0
36917,2026,3,19,4,73.0,-7,5.0,1021.0,NE,1.79,0,0
36918,2026,3,19,5,70.0,-8,6.0,1021.0,SE,1.79,0,0
36919,2026,3,19,6,78.0,-7,6.0,1022.0,SE,2.68,0,0
36920,2026,3,19,7,90.0,-7,6.0,1022.0,SE,3.57,0,0
36921,2026,3,19,8,92.0,-7,7.0,1022.0,cv,0.89,0,0
36922,2026,3,19,9,94.0,-7,8.0,1022.0,cv,1.78,0,0
36923,2026,3,19,10,96.0,-7,9.0,1022.0,cv,3.57,0,0
36924,2026,3,19,11,77.0,-8,9.0,1022.0,NW,3.13,0,0
36925,2026,3,19,12,79.0,-9,10.0,1022.0,NW,6.26,0,0
36926,2026,3,19,13,79.0,-6,10.0,1023.0,NW,11.18,0,0
36927,2026,3,19,14,74.0,-3,12.0,1022.0,NW,16.1,0,0
36928,2026,3,19,15,76.0,-4,13.0,1022.0,NE,3.13,0,0
36929,2026,3,19,16,66.0,-4,12.0,1022.0,NE,6.26,0,0
36930,2026,3,19,17,44.0,-4,12.0,1021.0,SE,1.79,0,0
36931,2026,3,19,18,48.0,-4,11.0,1022.0,NW,1.79,0,0
36932,2026,3,19,19,52.0,-4,11.0,1023.0,NW,4.92,0,0
36933,2026,3,19,20,20.0,-4,11.0,1024.0,NW,8.94,0,0
36934,2026,3,19,21,15.0,-15,10.0,1026.0,NW,16.09,0,0
36935,2026,3,19,22,13.0,-18,10.0,1027.0,NW,23.24,0,0
36936,2026,3,19,23,14.0,-18,8.0,1028.0,NW,28.16,0,0
36937,2026,3,20,0,10.0,-17,6.0,1029.0,NW,32.18,0,0
36938,2026,3,20,1,7.0,-17,8.0,1029.0,NW,35.31,0,0
36939,2026,3,20,2,5.0,-17,7.0,1028.0,NW,41.12,0,0
36940,2026,3,20,3,6.0,-16,6.0,1028.0,NW,45.14,0,0
36941,2026,3,20,4,7.0,-16,8.0,1028.0,NW,50.06,0,0
36942,2026,3,20,5,10.0,-16,7.0,1028.0,NW,54.98,0,0
36943,2026,3,20,6,9.0,-16,7.0,1028.0,NW,59.9,0,0
36944,2026,3,20,7,11.0,-15,8.0,1028.0,NW,64.82,0,0
36945,2026,3,20,8,9.0,-16,12.0,1029.0,NW,70.63,0,0
36946,2026,3,20,9,11.0,-16,12.0,1029.0,NW,76.44,0,0
36947,2026,3,20,10,13.0,-16,14.0,1029.0,NW,83.59,0,0
36948,2026,3,20,11,11.0,-17,15.0,1028.0,NW,87.61,0,0
36949,2026,3,20,12,17.0,-17,16.0,1027.0,NW,90.74,0,0
36950,2026,3,20,13,14.0,-17,16.0,1026.0,NE,3.13,0,0
36951,2026,3,20,14,13.0,-17,18.0,1024.0,cv,0.89,0,0
36952,2026,3,20,15,9.0,-17,18.0,1024.0,cv,2.68,0,0
36953,2026,3,20,16,7.0,-17,18.0,1023.0,SE,3.13,0,0
36954,2026,3,20,17,9.0,-17,18.0,1023.0,cv,0.89,0,0
36955,2026,3,20,18,11.0,-17,16.0,1023.0,SE,1.79,0,0
36956,2026,3,20,19,12.0,-17,15.0,1023.0,cv,0.89,0,0
36957,2026,3,20,20,18.0,-14,12.0,1024.0,cv,1.78,0,0
36958,2026,3,20,21,11.0,-15,10.0,1024.0,NW,1.79,0,0
36959,2026,3,20,22,11.0,-11,7.0,1024.0,NE,1.79,0,0
36960,2026,3,20,23,7.0,-13,8.0,1024.0,cv,0.89,0,0
36961,2026,3,21,0,6.0,-16,12.0,1024.0,NW,4.02,0,0
36962,2026,3,21,1,5.0,-16,13.0,1024.0,NW,8.94,0,0
36963,2026,3,21,2,7.0,-17,12.0,1023.0,NW,13.86,0,0
36964,2026,3,21,3,12.0,-17,10.0,1023.0,NW,17.88,0,0
36965,2026,3,21,4,13.0,-15,8.0,1023.0,NW,19.67,0,0
36966,2026,3,21,5,17.0,-15,4.0,1023.0,NW,22.8,0,0
36967,2026,3,21,6,16.0,-12,5.0,1023.0,SE,1.79,0,0
36968,2026,3,21,7,26.0,-11,5.0,1024.0,cv,0.89,0,0
36969,2026,3,21,8,18.0,-12,10.0,1024.0,cv,1.78,0,0
36970,2026,3,21,9,19.0,-14,14.0,1024.0,cv,2.67,0,0
36971,2026,3,21,10,21.0,-15,16.0,1023.0,cv,3.56,0,0
36972,2026,3,21,11,24.0,-14,18.0,1022.0,SE,3.13,0,0
36973,2026,3,21,12,20.0,-17,20.0,1020.0,SE,6.26,0,0
36974,2026,3,21,13,22.0,-20,21.0,1019.0,NW,4.92,0,0
36975,2026,3,21,14,18.0,-18,22.0,1018.0,cv,1.79,0,0
36976,2026,3,21,15,19.0,-18,22.0,1017.0,SE,4.02,0,0
36977,2026,3,21,16,,-18,22.0,1016.0,SE,8.94,0,0
36978,2026,3,21,17,28.0,-16,21.0,1016.0,SE,14.75,0,0
36979,2026,3,21,18,36.0,-16,19.0,1016.0,SE,18.77,0,0
36980,2026,3,21,19,40.0,-14,16.0,1016.0,SE,22.79,0,0
36981,2026,3,21,20,49.0,-14,14.0,1016.0,SE,25.92,0,0
36982,2026,3,21,21,54.0,-12,15.0,1016.0,SE,29.05,0,0
36983,2026,3,21,22,55.0,-12,18.0,1016.0,SE,36.2,0,0
36984,2026,3,21,23,67.0,-11,17.0,1015.0,SE,41.12,0,0
36985,2026,3,22,0,71.0,-12,16.0,1015.0,SE,42.91,0,0
36986,2026,3,22,1,76.0,-10,9.0,1015.0,cv,0.89,0,0
36987,2026,3,22,2,72.0,-10,7.0,1015.0,NW,3.13,0,0
36988,2026,3,22,3,75.0,-10,5.0,1015.0,NW,4.92,0,0
36989,2026,3,22,4,93.0,-5,5.0,1015.0,NW,6.71,0,0
36990,2026,3,22,5,89.0,-7,5.0,1015.0,NW,7.6,0,0
36991,2026,3,22,6,98.0,-6,3.0,1016.0,NW,8.49,0,0
36992,2026,3,22,7,97.0,-8,5.0,1016.0,NW,10.28,0,0
36993,2026,3,22,8,109.0,-11,11.0,1017.0,NW,12.07,0,0
36994,2026,3,22,9,89.0,-13,14.0,1017.0,cv,1.79,0,0
36995,2026,3,22,10,66.0,-17,18.0,1018.0,NE,4.92,0,0
36996,2026,3,22,11,72.0,-18,21.0,1018.0,NW,5.81,0,0
36997,2026,3,22,12,37.0,-20,22.0,1017.0,NE,4.92,0,0
36998,2026,3,22,13,21.0,-21,23.0,1017.0,NW,4.92,0,0
36999,2026,3,22,14,17.0,-22,23.0,1016.0,NE,5.81,0,0
37000,2026,3,22,15,17.0,-22,23.0,1017.0,NE,11.62,0,0
37001,2026,3,22,16,11.0,-19,22.0,1017.0,NE,17.43,0,0
37002,2026,3,22,17,16.0,-22,22.0,1017.0,NE,22.35,0,0
37003,2026,3,22,18,11.0,-21,21.0,1018.0,NE,27.27,0,0
37004,2026,3,22,19,17.0,-16,17.0,1019.0,SE,0.89,0,0
37005,2026,3,22,20,31.0,-14,17.0,1021.0,SE,4.02,0,0
37006,2026,3,22,21,61.0,-11,16.0,1022.0,SE,9.83,0,0
37007,2026,3,22,22,151.0,-8,13.0,1023.0,SE,13.85,0,0
37008,2026,3,22,23,163.0,-10,12.0,1024.0,SE,15.64,0,0
37009,2026,3,23,0,98.0,-9,8.0,1025.0,NE,1.79,0,0
37010,2026,3,23,1,96.0,-10,8.0,1026.0,cv,0.89,0,0
37011,2026,3,23,2,119.0,-7,7.0,1026.0,cv,1.78,0,0
37012,2026,3,23,3,125.0,-7,6.0,1026.0,NE,0.89,0,0
37013,2026,3,23,4,136.0,-7,7.0,1025.0,cv,0.89,0,0
37014,2026,3,23,5,147.0,-4,5.0,1026.0,cv,1.78,0,0
37015,2026,3,23,6,150.0,-5,5.0,1026.0,SE,0.89,0,0
37016,2026,3,23,7,150.0,-4,5.0,1026.0,NW,1.79,0,0
37017,2026,3,23,8,173.0,-5,9.0,1027.0,NE,1.79,0,0
37018,2026,3,23,9,184.0,-4,13.0,1027.0,cv,0.89,0,0
37019,2026,3,23,10,191.0,-3,15.0,1027.0,cv,1.78,0,0
37020,2026,3,23,11,166.0,-5,17.0,1026.0,SE,1.79,0,0
37021,2026,3,23,12,128.0,-8,18.0,1025.0,SE,4.92,0,0
37022,2026,3,23,13,141.0,-8,19.0,1023.0,SE,8.94,0,0
37023,2026,3,23,14,141.0,-7,19.0,1022.0,SE,12.96,0,0
37024,2026,3,23,15,145.0,-6,19.0,1021.0,SE,16.98,0,0
37025,2026,3,23,16,156.0,-5,19.0,1020.0,SE,21.0,0,0
37026,2026,3,23,17,160.0,-4,18.0,1019.0,SE,25.92,0,0
37027,2026,3,23,18,165.0,-3,17.0,1019.0,SE,29.94,0,0
37028,2026,3,23,19,155.0,-2,15.0,1019.0,SE,33.07,0,0
37029,2026,3,23,20,118.0,-2,14.0,1019.0,SE,36.2,0,0
37030,2026,3,23,21,152.0,-1,14.0,1020.0,SE,40.22,0,0
37031,2026,3,23,22,214.0,-1,12.0,1020.0,SE,43.35,0,0
37032,2026,3,23,23,249.0,0,11.0,1019.0,SE,46.48,0,0
37033,2026,3,24,0,247.0,-1,10.0,1019.0,cv,0.89,0,0
37034,2026,3,24,1,248.0,-2,6.0,1018.0,NE,0.89,0,0
37035,2026,3,24,2,253.0,-1,7.0,1018.0,SE,0.89,0,0
37036,2026,3,24,3,261.0,-1,6.0,1017.0,NW,1.79,0,0
37037,2026,3,24,4,257.0,0,6.0,1017.0,SE,0.89,0,0
37038,2026,3,24,5,262.0,-1,4.0,1016.0,NE,0.89,0,0
37039,2026,3,24,6,270.0,1,6.0,1016.0,SE,0.89,0,0
37040,2026,3,24,7,262.0,0,5.0,1016.0,NE,0.89,0,0
37041,2026,3,24,8,260.0,1,8.0,1016.0,SE,0.89,0,0
37042,2026,3,24,9,271.0,1,11.0,1016.0,cv,0.89,0,0
37043,2026,3,24,10,281.0,1,13.0,1016.0,cv,1.78,0,0
37044,2026,3,24,11,280.0,1,15.0,1015.0,cv,2.67,0,0
37045,2026,3,24,12,270.0,0,16.0,1014.0,cv,4.46,0,0
37046,2026,3,24,13,277.0,0,19.0,1013.0,cv,6.25,0,0
37047,2026,3,24,14,249.0,0,20.0,1012.0,cv,9.38,0,0
37048,2026,3,24,15,242.0,0,21.0,1011.0,cv,13.4,0,0
37049,2026,3,24,16,192.0,0,21.0,1010.0,SE,4.02,0,0
37050,2026,3,24,17,167.0,0,21.0,1009.0,SE,8.04,0,0
37051,2026,3,24,18,168.0,-1,20.0,1010.0,SE,9.83,0,0
37052,2026,3,24,19,184.0,0,19.0,1010.0,SE,12.96,0,0
37053,2026,3,24,20,199.0,0,18.0,1011.0,SE,16.98,0,0
37054,2026,3,24,21,225.0,2,14.0,1011.0,SE,17.87,0,0
37055,2026,3,24,22,252.0,2,12.0,1011.0,SE,18.76,0,0
37056,2026,3,24,23,277.0,3,11.0,1011.0,cv,0.45,0,0
37057,2026,3,25,0,290.0,2,10.0,1011.0,NE,0.89,0,0
37058,2026,3,25,1,299.0,2,10.0,1012.0,NW,1.79,0,0
37059,2026,3,25,2,326.0,1,8.0,1011.0,NE,0.89,0,0
37060,2026,3,25,3,324.0,1,8.0,1011.0,NW,0.89,0,0
37061,2026,3,25,4,320.0,0,7.0,1011.0,NW,1.78,0,0
37062,2026,3,25,5,279.0,0,7.0,1011.0,NW,3.57,0,0
37063,2026,3,25,6,250.0,0,6.0,1011.0,NW,6.7,0,0
37064,2026,3,25,7,228.0,0,8.0,1012.0,NW,8.49,0,0
37065,2026,3,25,8,232.0,0,12.0,1012.0,NW,11.62,0,0
37066,2026,3,25,9,233.0,-1,15.0,1012.0,NW,14.75,0,0
37067,2026,3,25,10,239.0,-1,17.0,1012.0,cv,0.89,0,0
37068,2026,3,25,11,235.0,-1,19.0,1012.0,cv,1.78,0,0
37069,2026,3,25,12,226.0,1,20.0,1011.0,SE,1.79,0,0
37070,2026,3,25,13,223.0,1,21.0,1010.0,cv,1.79,0,0
37071,2026,3,25,14,229.0,0,22.0,1009.0,cv,3.58,0,0
37072,2026,3,25,15,206.0,1,23.0,1008.0,SE,3.13,0,0
37073,2026,3,25,16,189.0,0,23.0,1007.0,SE,7.15,0,0
37074,2026,3,25,17,188.0,1,22.0,1007.0,SE,11.17,0,0
37075,2026,3,25,18,163.0,2,21.0,1007.0,SE,14.3,0,0
37076,2026,3,25,19,165.0,3,18.0,1008.0,SE,15.19,0,0
37077,2026,3,25,20,152.0,4,16.0,1009.0,SE,16.08,0,0
37078,2026,3,25,21,147.0,5,14.0,1009.0,SE,16.97,0,0
37079,2026,3,25,22,157.0,4,14.0,1009.0,cv,0.89,0,0
37080,2026,3,25,23,181.0,4,12.0,1010.0,SE,0.89,0,0
37081,2026,3,26,0,190.0,4,12.0,1010.0,SE,1.78,0,0
37082,2026,3,26,1,201.0,4,11.0,1010.0,NE,0.89,0,0
37083,2026,3,26,2,226.0,3,10.0,1010.0,NE,1.78,0,0
37084,2026,3,26,3,248.0,4,11.0,1009.0,cv,0.89,0,0
37085,2026,3,26,4,269.0,4,10.0,1010.0,cv,1.78,0,0
37086,2026,3,26,5,275.0,4,9.0,1010.0,cv,2.67,0,0
37087,2026,3,26,6,311.0,5,9.0,1011.0,cv,3.56,0,0
37088,2026,3,26,7,300.0,5,9.0,1012.0,cv,4.45,0,0
37089,2026,3,26,8,317.0,7,11.0,1012.0,cv,5.34,0,0
37090,2026,3,26,9,330.0,7,13.0,1013.0,cv,6.23,0,0
37091,2026,3,26,10,346.0,7,15.0,1013.0,cv,7.12,0,0
37092,2026,3,26,11,350.0,8,18.0,1012.0,cv,8.01,0,0
37093,2026,3,26,12,331.0,8,19.0,1011.0,SE,1.79,0,0
37094,2026,3,26,13,327.0,7,21.0,1010.0,SE,3.58,0,0
37095,2026,3,26,14,327.0,6,22.0,1009.0,cv,1.79,0,0
37096,2026,3,26,15,286.0,6,23.0,1008.0,SE,1.79,0,0
37097,2026,3,26,16,246.0,6,24.0,1007.0,SE,5.81,0,0
37098,2026,3,26,17,269.0,6,23.0,1007.0,SE,9.83,0,0
37099,2026,3,26,18,309.0,7,22.0,1008.0,SE,13.85,0,0
37100,2026,3,26,19,336.0,8,20.0,1009.0,SE,15.64,0,0
37101,2026,3,26,20,360.0,8,18.0,1009.0,SE,16.53,0,0
37102,2026,3,26,21,387.0,8,15.0,1010.0,cv,0.89,0,0
37103,2026,3,26,22,399.0,7,14.0,1011.0,cv,1.34,0,0
37104,2026,3,26,23,414.0,7,13.0,1011.0,NE,0.89,0,0
37105,2026,3,27,0,465.0,7,12.0,1011.0,NE,1.78,0,0
37106,2026,3,27,1,436.0,7,12.0,1011.0,NW,0.89,0,0
37107,2026,3,27,2,435.0,7,11.0,1011.0,SE,0.89,0,0
37108,2026,3,27,3,426.0,7,11.0,1011.0,cv,0.45,0,0
37109,2026,3,27,4,413.0,6,10.0,1011.0,SE,0.89,0,0
37110,2026,3,27,5,358.0,6,10.0,1012.0,NE,0.89,0,0
37111,2026,3,27,6,389.0,7,12.0,1012.0,NE,1.78,0,0
37112,2026,3,27,7,349.0,8,12.0,1013.0,cv,0.45,0,0
37113,2026,3,27,8,340.0,8,14.0,1014.0,cv,1.34,0,0
37114,2026,3,27,9,336.0,9,16.0,1014.0,SE,3.13,0,0
37115,2026,3,27,10,369.0,8,16.0,1014.0,SE,7.15,0,0
37116,2026,3,27,11,403.0,8,15.0,1014.0,SE,11.17,0,0
37117,2026,3,27,12,444.0,5,15.0,1014.0,SE,15.19,0,0
37118,2026,3,27,13,306.0,1,15.0,1013.0,SE,19.21,0,0
37119,2026,3,27,14,115.0,0,15.0,1011.0,SE,23.23,0,0
37120,2026,3,27,15,90.0,0,15.0,1011.0,SE,25.02,0,0
37121,2026,3,27,16,82.0,0,15.0,1010.0,NE,0.89,0,0
37122,2026,3,27,17,85.0,0,15.0,1010.0,cv,0.89,0,0
37123,2026,3,27,18,95.0,1,15.0,1009.0,NW,3.13,0,0
37124,2026,3,27,19,96.0,3,14.0,1009.0,NW,6.26,0,0
37125,2026,3,27,20,107.0,3,13.0,1009.0,NW,8.05,0,0
37126,2026,3,27,21,111.0,3,13.0,1009.0,NW,9.84,0,0
37127,2026,3,27,22,125.0,3,13.0,1009.0,cv,0.89,0,0
37128,2026,3,27,23,123.0,2,13.0,1009.0,NW,1.79,0,0
37129,2026,3,28,0,145.0,2,13.0,1008.0,cv,0.89,0,0
37130,2026,3,28,1,153.0,4,12.0,1008.0,cv,1.78,0,0
37131,2026,3,28,2,159.0,4,13.0,1008.0,NW,1.79,0,0
37132,2026,3,28,3,154.0,4,12.0,1007.0,cv,0.89,0,0
37133,2026,3,28,4,191.0,5,12.0,1007.0,NW,0.89,0,0
37134,2026,3,28,5,195.0,5,13.0,1008.0,NW,1.78,0,0
37135,2026,3,28,6,194.0,7,11.0,1008.0,NW,3.57,0,1
37136,2026,3,28,7,193.0,8,12.0,1008.0,NW,7.59,0,2
37137,2026,3,28,8,175.0,9,13.0,1008.0,NE,3.13,0,3
37138,2026,3,28,9,194.0,8,15.0,1009.0,NW,4.02,0,4
37139,2026,3,28,10,165.0,9,16.0,1008.0,NW,8.94,0,0
37140,2026,3,28,11,138.0,8,17.0,1008.0,NW,12.96,0,0
37141,2026,3,28,12,100.0,6,19.0,1008.0,NE,4.02,0,0
37142,2026,3,28,13,83.0,5,22.0,1007.0,NE,8.04,0,0
37143,2026,3,28,14,53.0,4,23.0,1006.0,cv,1.79,0,0
37144,2026,3,28,15,52.0,4,22.0,1006.0,SE,4.02,0,0
37145,2026,3,28,16,60.0,5,22.0,1006.0,SE,8.04,0,0
37146,2026,3,28,17,100.0,6,21.0,1006.0,SE,12.06,0,0
37147,2026,3,28,18,142.0,6,19.0,1006.0,SE,15.19,0,0
37148,2026,3,28,19,140.0,7,17.0,1007.0,SE,18.32,0,0
37149,2026,3,28,20,148.0,7,16.0,1008.0,SE,21.45,0,0
37150,2026,3,28,21,183.0,7,15.0,1010.0,SE,23.24,0,0
37151,2026,3,28,22,217.0,8,14.0,1011.0,NE,0.89,0,0
37152,2026,3,28,23,224.0,8,13.0,1011.0,SE,0.89,0,0
37153,2026,3,29,0,222.0,8,12.0,1011.0,SE,1.78,0,0
37154,2026,3,29,1,219.0,8,12.0,1011.0,cv,0.89,0,0
37155,2026,3,29,2,65.0,6,9.0,1011.0,NW,4.92,0,0
37156,2026,3,29,3,22.0,6,9.0,1011.0,cv,0.89,0,0
37157,2026,3,29,4,16.0,4,8.0,1012.0,NW,1.79,0,0
37158,2026,3,29,5,16.0,4,9.0,1012.0,NW,6.71,0,0
37159,2026,3,29,6,28.0,2,11.0,1013.0,NW,7.6,0,0
37160,2026,3,29,7,32.0,3,12.0,1014.0,NW,11.62,0,0
37161,2026,3,29,8,25.0,1,15.0,1015.0,NW,14.75,0,0
37162,2026,3,29,9,25.0,0,18.0,1015.0,NW,19.67,0,0
37163,2026,3,29,10,22.0,0,18.0,1015.0,NE,4.92,0,0
37164,2026,3,29,11,18.0,-1,20.0,1015.0,cv,3.13,0,0
37165,2026,3,29,12,23.0,-1,21.0,1014.0,NW,4.92,0,0
37166,2026,3,29,13,23.0,-1,21.0,1013.0,cv,1.79,0,0
37167,2026,3,29,14,25.0,-2,22.0,1012.0,cv,4.92,0,0
37168,2026,3,29,15,18.0,-3,23.0,1011.0,cv,6.71,0,0
37169,2026,3,29,16,23.0,-3,23.0,1011.0,NE,1.79,0,0
37170,2026,3,29,17,25.0,-2,22.0,1011.0,cv,0.89,0,0
37171,2026,3,29,18,26.0,-1,20.0,1011.0,SE,1.79,0,0
37172,2026,3,29,19,27.0,0,18.0,1012.0,SE,3.58,0,0
37173,2026,3,29,20,36.0,-2,19.0,1013.0,SE,7.6,0,0
37174,2026,3,29,21,47.0,-1,19.0,1013.0,SE,11.62,0,0
37175,2026,3,29,22,59.0,-1,16.0,1014.0,cv,0.89,0,0
37176,2026,3,29,23,50.0,-1,15.0,1014.0,SE,1.79,0,0
37177,2026,3,30,0,61.0,2,13.0,1014.0,cv,0.89,0,0
37178,2026,3,30,1,58.0,3,11.0,1015.0,cv,1.78,0,0
37179,2026,3,30,2,66.0,1,9.0,1015.0,NW,1.79,0,0
37180,2026,3,30,3,63.0,1,10.0,1014.0,cv,0.45,0,0
37181,2026,3,30,4,51.0,1,10.0,1014.0,NW,1.79,0,0
37182,2026,3,30,5,39.0,0,8.0,1015.0,NW,4.92,0,0
37183,2026,3,30,6,42.0,1,8.0,1015.0,NW,6.71,0,0
37184,2026,3,30,7,44.0,1,10.0,1016.0,NE,3.13,0,0
37185,2026,3,30,8,44.0,-1,15.0,1016.0,NW,3.13,0,0
37186,2026,3,30,9,35.0,-4,18.0,1017.0,NW,6.26,0,0
37187,2026,3,30,10,30.0,-4,20.0,1017.0,NW,9.39,0,0
37188,2026,3,30,11,34.0,-7,21.0,1017.0,NW,12.52,0,0
37189,2026,3,30,12,21.0,-9,24.0,1016.0,cv,1.79,0,0
37190,2026,3,30,13,14.0,-10,25.0,1015.0,cv,3.58,0,0
37191,2026,3,30,14,11.0,-11,26.0,1014.0,cv,6.71,0,0
37192,2026,3,30,15,9.0,-9,26.0,1013.0,cv,8.5,0,0
37193,2026,3,30,16,12.0,-9,26.0,1013.0,SE,3.13,0,0
37194,2026,3,30,17,13.0,-10,25.0,1013.0,SE,4.92,0,0
37195,2026,3,30,18,18.0,-11,24.0,1014.0,SE,8.94,0,0
37196,2026,3,30,19,21.0,-10,23.0,1014.0,SE,12.07,0,0
37197,2026,3,30,20,24.0,-9,21.0,1015.0,SE,16.09,0,0
37198,2026,3,30,21,27.0,-10,22.0,1016.0,SE,20.11,0,0
37199,2026,3,30,22,39.0,-8,19.0,1016.0,SE,21.9,0,0
37200,2026,3,30,23,44.0,-5,19.0,1016.0,SE,25.03,0,0
37201,2026,3,31,0,64.0,-3,18.0,1016.0,SE,28.16,0,0
37202,2026,3,31,1,106.0,-1,17.0,1016.0,SE,31.29,0,0
37203,2026,3,31,2,137.0,-1,17.0,1015.0,SE,35.31,0,0
37204,2026,3,31,3,165.0,-1,16.0,1015.0,SE,37.1,0,0
37205,2026,3,31,4,153.0,-1,15.0,1015.0,SE,40.23,0,0
37206,2026,3,31,5,116.0,1,15.0,1015.0,SE,43.36,0,0
37207,2026,3,31,6,127.0,2,14.0,1016.0,SE,45.15,0,0
37208,2026,3,31,7,147.0,3,14.0,1016.0,SE,46.94,0,0
37209,2026,3,31,8,180.0,4,15.0,1017.0,cv,0.89,0,0
37210,2026,3,31,9,199.0,4,16.0,1017.0,cv,1.78,0,0
37211,2026,3,31,10,209.0,5,17.0,1017.0,cv,2.67,0,0
37212,2026,3,31,11,235.0,5,18.0,1017.0,SE,1.79,0,0
37213,2026,3,31,12,254.0,5,18.0,1016.0,SE,4.92,0,0
37214,2026,3,31,13,250.0,5,20.0,1015.0,SE,6.71,0,0
37215,2026,3,31,14,235.0,3,22.0,1015.0,cv,0.89,0,0
37216,2026,3,31,15,210.0,2,22.0,1014.0,cv,1.78,0,0
37217,2026,3,31,16,127.0,1,22.0,1013.0,NW,4.02,0,0
37218,2026,3,31,17,72.0,0,21.0,1013.0,NW,11.17,0,0
37219,2026,3,31,18,27.0,0,21.0,1013.0,NW,15.19,0,0
37220,2026,3,31,19,70.0,7,17.0,1014.0,SE,4.92,0,1
37221,2026,3,31,20,113.0,7,16.0,1014.0,SE,8.94,0,0
37222,2026,3,31,21,118.0,8,14.0,1015.0,SE,10.73,0,0
37223,2026,3,31,22,143.0,7,14.0,1015.0,SE,13.86,0,0
37224,2026,3,31,23,175.0,8,13.0,1015.0,SE,16.99,0,0
37225,2026,4,1,0,159.0,7,12.0,1015.0,cv,0.89,0,0
37226,2026,4,1,1,161.0,7,10.0,1015.0,cv,1.78,0,0
37227,2026,4,1,2,174.0,6,9.0,1015.0,cv,2.23,0,0
37228,2026,4,1,3,177.0,6,9.0,1015.0,cv,3.12,0,0
37229,2026,4,1,4,174.0,5,8.0,1014.0,cv,3.57,0,0
37230,2026,4,1,5,180.0,5,7.0,1014.0,cv,4.02,0,0
37231,2026,4,1,6,196.0,3,6.0,1015.0,NW,0.89,0,0
37232,2026,4,1,7,214.0,6,8.0,1015.0,NW,1.78,0,0
37233,2026,4,1,8,220.0,9,11.0,1015.0,NW,3.57,0,0
37234,2026,4,1,9,216.0,7,15.0,1015.0,NE,1.79,0,0
37235,2026,4,1,10,199.0,6,17.0,1014.0,cv,1.79,0,0
37236,2026,4,1,11,168.0,5,20.0,1014.0,cv,2.68,0,0
37237,2026,4,1,12,121.0,3,21.0,1013.0,cv,3.57,0,0
37238,2026,4,1,13,124.0,0,23.0,1011.0,SE,3.13,0,0
37239,2026,4,1,14,94.0,-4,24.0,1010.0,cv,3.13,0,0
37240,2026,4,1,15,63.0,-5,24.0,1009.0,SE,4.92,0,0
37241,2026,4,1,16,52.0,-6,24.0,1009.0,SE,10.73,0,0
37242,2026,4,1,17,64.0,-6,24.0,1008.0,SE,16.54,0,0
37243,2026,4,1,18,48.0,-5,22.0,1008.0,SE,20.56,0,0
37244,2026,4,1,19,69.0,-4,22.0,1009.0,SE,24.58,0,0
37245,2026,4,1,20,65.0,-2,19.0,1009.0,SE,28.6,0,0
37246,2026,4,1,21,83.0,0,18.0,1010.0,cv,0.89,0,0
37247,2026,4,1,22,90.0,3,15.0,1009.0,cv,1.78,0,0
37248,2026,4,1,23,80.0,3,15.0,1010.0,NE,0.89,0,0
37249,2026,4,2,0,95.0,3,15.0,1010.0,cv,0.89,0,0
37250,2026,4,2,1,99.0,4,14.0,1010.0,cv,1.78,0,0
37251,2026,4,2,2,103.0,4,13.0,1010.0,SE,0.89,0,0
37252,2026,4,2,3,119.0,4,12.0,1010.0,NE,1.79,0,0
37253,2026,4,2,4,121.0,3,10.0,1010.0,cv,0.89,0,0
37254,2026,4,2,5,113.0,4,11.0,1010.0,cv,1.78,0,0
37255,2026,4,2,6,124.0,3,9.0,1011.0,NE,1.79,0,0
37256,2026,4,2,7,138.0,5,10.0,1012.0,NE,2.68,0,0
37257,2026,4,2,8,160.0,5,15.0,1013.0,NE,4.47,0,0
37258,2026,4,2,9,163.0,4,17.0,1014.0,NE,6.26,0,0
37259,2026,4,2,10,119.0,-1,20.0,1014.0,NE,11.18,0,0
37260,2026,4,2,11,80.0,0,22.0,1015.0,NE,16.1,0,0
37261,2026,4,2,12,84.0,-2,23.0,1015.0,NE,21.02,0,0
37262,2026,4,2,13,76.0,-2,23.0,1015.0,NE,25.94,0,0
37263,2026,4,2,14,98.0,0,23.0,1014.0,SE,3.13,0,0
37264,2026,4,2,15,105.0,-3,23.0,1014.0,SE,8.94,0,0
37265,2026,4,2,16,86.0,-1,21.0,1015.0,SE,16.09,0,0
37266,2026,4,2,17,132.0,0,20.0,1016.0,SE,21.9,0,0
37267,2026,4,2,18,116.0,-1,18.0,1017.0,SE,25.92,0,0
37268,2026,4,2,19,105.0,-1,16.0,1018.0,SE,29.94,0,0
37269,2026,4,2,20,97.0,-2,15.0,1020.0,SE,31.73,0,0
37270,2026,4,2,21,87.0,0,14.0,1021.0,SE,33.52,0,0
37271,2026,4,2,22,72.0,1,14.0,1022.0,SE,36.65,0,0
37272,2026,4,2,23,70.0,-1,13.0,1022.0,SE,40.67,0,0
37273,2026,4,3,0,64.0,-1,13.0,1023.0,SE,44.69,0,0
37274,2026,4,3,1,55.0,-2,12.0,1023.0,SE,47.82,0,0
37275,2026,4,3,2,58.0,-1,11.0,1024.0,cv,0.89,0,0
37276,2026,4,3,3,52.0,-1,10.0,1024.0,NE,3.13,0,0
37277,2026,4,3,4,52.0,-2,10.0,1025.0,cv,0.89,0,0
37278,2026,4,3,5,53.0,-16,11.0,1025.0,NE,4.02,0,0
37279,2026,4,3,6,12.0,-16,7.0,1026.0,NW,1.79,0,0
37280,2026,4,3,7,15.0,-16,11.0,1026.0,NW,5.81,0,0
37281,2026,4,3,8,9.0,-16,14.0,1025.0,NW,12.96,0,0
37282,2026,4,3,9,6.0,-17,16.0,1025.0,NW,21.9,0,0
37283,2026,4,3,10,9.0,-19,18.0,1025.0,NW,33.08,0,0
37284,2026,4,3,11,14.0,-20,19.0,1024.0,NW,42.91,0,0
37285,2026,4,3,12,14.0,-24,20.0,1023.0,NW,50.96,0,0
37286,2026,4,3,13,11.0,-27,20.0,1023.0,NW,58.11,0,0
37287,2026,4,3,14,12.0,-28,19.0,1022.0,NE,5.81,0,0
37288,2026,4,3,15,14.0,-28,18.0,1022.0,NE,12.96,0,0
37289,2026,4,3,16,9.0,-29,17.0,1021.0,NE,20.11,0,0
37290,2026,4,3,17,7.0,-29,17.0,1021.0,NE,24.13,0,0
37291,2026,4,3,18,7.0,-30,16.0,1021.0,NE,28.15,0,0
37292,2026,4,3,19,19.0,-28,14.0,1021.0,SE,1.79,0,0
37293,2026,4,3,20,18.0,-21,12.0,1022.0,SE,3.58,0,0
37294,2026,4,3,21,22.0,-18,11.0,1022.0,SE,5.37,0,0
37295,2026,4,3,22,20.0,-20,11.0,1022.0,cv,0.89,0,0
37296,2026,4,3,23,33.0,-9,10.0,1022.0,SE,7.15,0,0
37297,2026,4,4,0,40.0,-8,8.0,1022.0,SE,10.28,0,0
37298,2026,4,4,1,35.0,-9,8.0,1021.0,SE,14.3,0,0
37299,2026,4,4,2,28.0,-9,7.0,1020.0,SE,17.43,0,0
37300,2026,4,4,3,29.0,-8,7.0,1019.0,SE,19.22,0,0
37301,2026,4,4,4,32.0,-6,6.0,1018.0,SE,21.01,0,0
37302,2026,4,4,5,36.0,-4,5.0,1016.0,SE,22.8,0,0
37303,2026,4,4,6,37.0,-5,4.0,1015.0,NE,1.79,0,0
37304,2026,4,4,7,42.0,-5,6.0,1015.0,NE,3.58,0,0
37305,2026,4,4,8,59.0,-6,9.0,1014.0,cv,0.89,0,0
37306,2026,4,4,9,60.0,-7,11.0,1014.0,cv,2.68,0,0
37307,2026,4,4,10,53.0,-7,13.0,1013.0,NW,1.79,0,0
37308,2026,4,4,11,55.0,-8,16.0,1012.0,SE,1.79,0,0
37309,2026,4,4,12,41.0,-6,20.0,1011.0,SE,3.58,0,0
37310,2026,4,4,13,31.0,-10,23.0,1009.0,NE,3.13,0,0
37311,2026,4,4,14,29.0,-12,25.0,1009.0,NE,7.15,0,0
37312,2026,4,4,15,24.0,-12,25.0,1008.0,NE,11.17,0,0
37313,2026,4,4,16,13.0,-17,25.0,1009.0,NW,7.15,0,0
37314,2026,4,4,17,11.0,-15,22.0,1010.0,NE,7.15,0,0
37315,2026,4,4,18,16.0,-21,20.0,1012.0,NE,14.3,0,0
37316,2026,4,4,19,14.0,-18,18.0,1014.0,NE,21.45,0,0
37317,2026,4,4,20,20.0,-19,17.0,1017.0,NE,26.37,0,0
37318,2026,4,4,21,14.0,-18,14.0,1018.0,NE,28.16,0,0
37319,2026,4,4,22,31.0,-7,12.0,1020.0,SE,4.02,0,0
37320,2026,4,4,23,31.0,-6,12.0,1021.0,SE,8.04,0,0
37321,2026,4,5,0,34.0,-7,11.0,1022.0,cv,1.79,0,0
37322,2026,4,5,1,33.0,-6,9.0,1022.0,SE,4.02,0,0
37323,2026,4,5,2,34.0,-5,8.0,1023.0,SE,5.81,0,0
37324,2026,4,5,3,28.0,-5,8.0,1023.0,cv,0.89,0,0
37325,2026,4,5,4,32.0,-5,7.0,1023.0,cv,1.78,0,0
37326,2026,4,5,5,37.0,-5,4.0,1024.0,cv,2.67,0,0
37327,2026,4,5,6,36.0,-6,5.0,1024.0,cv,3.56,0,0
37328,2026,4,5,7,49.0,-5,8.0,1025.0,cv,4.45,0,0
37329,2026,4,5,8,16.0,-9,13.0,1025.0,NW,1.79,0,0
37330,2026,4,5,9,8.0,-16,14.0,1025.0,NW,6.71,0,0
37331,2026,4,5,10,6.0,-18,15.0,1025.0,NW,11.63,0,0
37332,2026,4,5,11,11.0,-18,16.0,1024.0,NW,16.55,0,0
37333,2026,4,5,12,8.0,-18,16.0,1023.0,NW,21.47,0,0
37334,2026,4,5,13,4.0,-17,18.0,1022.0,cv,1.79,0,0
37335,2026,4,5,14,6.0,-18,18.0,1021.0,NE,3.13,0,0
37336,2026,4,5,15,14.0,-16,19.0,1020.0,cv,3.13,0,0
37337,2026,4,5,16,10.0,-18,19.0,1019.0,SE,3.13,0,0
37338,2026,4,5,17,10.0,-16,19.0,1018.0,SE,7.15,0,0
37339,2026,4,5,18,25.0,-16,18.0,1018.0,SE,10.28,0,0
37340,2026,4,5,19,30.0,-12,17.0,1019.0,SE,15.2,0,0
37341,2026,4,5,20,37.0,-9,16.0,1020.0,SE,20.12,0,0
37342,2026,4,5,21,48.0,-8,15.0,1020.0,SE,24.14,0,0
37343,2026,4,5,22,48.0,-7,15.0,1020.0,SE,27.27,0,0
37344,2026,4,5,23,49.0,-5,11.0,1021.0,cv,0.45,0,0
37345,2026,4,6,0,57.0,-4,9.0,1021.0,cv,0.9,0,0
37346,2026,4,6,1,58.0,-2,8.0,1021.0,SE,0.89,0,0
37347,2026,4,6,2,64.0,-5,5.0,1020.0,NW,1.79,0,0
37348,2026,4,6,3,65.0,-2,5.0,1020.0,cv,0.89,0,0
37349,2026,4,6,4,61.0,-3,3.0,1020.0,NW,1.79,0,0
37350,2026,4,6,5,61.0,-2,4.0,1020.0,cv,0.89,0,0
37351,2026,4,6,6,71.0,-3,3.0,1021.0,SE,0.89,0,0
37352,2026,4,6,7,102.0,-1,7.0,1021.0,NE,0.89,0,0
37353,2026,4,6,8,91.0,-7,11.0,1021.0,cv,0.89,0,0
37354,2026,4,6,9,84.0,-10,15.0,1021.0,NW,1.79,0,0
37355,2026,4,6,10,51.0,-13,18.0,1020.0,cv,0.89,0,0
37356,2026,4,6,11,27.0,-14,21.0,1019.0,cv,4.02,0,0
37357,2026,4,6,12,39.0,-18,23.0,1018.0,SE,4.02,0,0
37358,2026,4,6,13,33.0,-16,24.0,1017.0,SE,9.83,0,0
37359,2026,4,6,14,32.0,-15,25.0,1015.0,SE,15.64,0,0
37360,2026,4,6,15,41.0,-15,25.0,1014.0,SE,21.45,0,0
37361,2026,4,6,16,40.0,-15,25.0,1013.0,SE,27.26,0,0
37362,2026,4,6,17,45.0,-12,24.0,1013.0,SE,34.41,0,0
37363,2026,4,6,18,45.0,-11,22.0,1013.0,SE,40.22,0,0
37364,2026,4,6,19,59.0,-8,21.0,1013.0,SE,44.24,0,0
37365,2026,4,6,20,59.0,-10,20.0,1014.0,SE,49.16,0,0
37366,2026,4,6,21,82.0,-7,20.0,1014.0,SE,54.97,0,0
37367,2026,4,6,22,58.0,-5,19.0,1014.0,SE,60.78,0,0
37368,2026,4,6,23,65.0,-5,18.0,1014.0,SE,64.8,0,0
37369,2026,4,7,0,54.0,-3,14.0,1014.0,cv,0.89,0,0
37370,2026,4,7,1,55.0,-2,12.0,1014.0,SE,0.89,0,0
37371,2026,4,7,2,63.0,-2,11.0,1014.0,SE,2.68,0,0
37372,2026,4,7,3,70.0,-2,11.0,1013.0,cv,0.89,0,0
37373,2026,4,7,4,74.0,-2,8.0,1014.0,NE,0.89,0,0
37374,2026,4,7,5,80.0,0,8.0,1014.0,NE,1.78,0,0
37375,2026,4,7,6,87.0,0,8.0,1014.0,NE,2.67,0,0
37376,2026,4,7,7,93.0,1,10.0,1014.0,SE,1.79,0,0
37377,2026,4,7,8,105.0,1,13.0,1014.0,cv,0.89,0,0
37378,2026,4,7,9,92.0,1,16.0,1015.0,cv,1.78,0,0
37379,2026,4,7,10,103.0,0,18.0,1015.0,cv,2.67,0,0
37380,2026,4,7,11,97.0,-1,20.0,1014.0,cv,3.56,0,0
37381,2026,4,7,12,110.0,-1,21.0,1013.0,SE,1.79,0,0
37382,2026,4,7,13,92.0,-3,23.0,1013.0,cv,0.89,0,0
37383,2026,4,7,14,93.0,-3,24.0,1012.0,cv,4.02,0,0
37384,2026,4,7,15,97.0,-5,25.0,1011.0,SE,3.13,0,0
37385,2026,4,7,16,95.0,-5,25.0,1011.0,SE,7.15,0,0
37386,2026,4,7,17,88.0,-4,24.0,1011.0,SE,11.17,0,0
37387,2026,4,7,18,98.0,-4,22.0,1011.0,SE,14.3,0,0
37388,2026,4,7,19,105.0,-2,19.0,1011.0,SE,16.09,0,0
37389,2026,4,7,20,111.0,1,17.0,1012.0,SE,17.88,0,0
37390,2026,4,7,21,123.0,1,16.0,1013.0,cv,0.89,0,0
37391,2026,4,7,22,147.0,2,14.0,1013.0,NE,0.89,0,0
37392,2026,4,7,23,155.0,2,16.0,1014.0,SE,3.13,0,0
37393,2026,4,8,0,166.0,3,14.0,1014.0,SE,6.26,0,0
37394,2026,4,8,1,194.0,4,13.0,1014.0,SE,8.05,0,0
37395,2026,4,8,2,191.0,4,12.0,1015.0,SE,8.94,0,0
37396,2026,4,8,3,180.0,3,10.0,1015.0,NE,0.89,0,0
37397,2026,4,8,4,187.0,4,10.0,1015.0,cv,0.45,0,0
37398,2026,4,8,5,195.0,4,8.0,1015.0,NE,0.89,0,0
37399,2026,4,8,6,174.0,4,8.0,1015.0,SE,0.89,0,0
37400,2026,4,8,7,171.0,4,9.0,1016.0,NE,0.89,0,0
37401,2026,4,8,8,181.0,4,13.0,1016.0,cv,0.89,0,0
37402,2026,4,8,9,193.0,4,16.0,1016.0,cv,1.78,0,0
37403,2026,4,8,10,196.0,3,18.0,1016.0,cv,2.67,0,0
37404,2026,4,8,11,199.0,4,20.0,1015.0,SE,1.79,0,0
37405,2026,4,8,12,206.0,4,22.0,1014.0,cv,3.13,0,0
37406,2026,4,8,13,175.0,3,23.0,1013.0,SE,3.13,0,0
37407,2026,4,8,14,158.0,0,25.0,1012.0,SE,7.15,0,0
37408,2026,4,8,15,152.0,-2,25.0,1011.0,SE,11.17,0,0
37409,2026,4,8,16,158.0,-1,25.0,1010.0,SE,16.09,0,0
37410,2026,4,8,17,139.0,0,25.0,1010.0,SE,21.01,0,0
37411,2026,4,8,18,138.0,-1,23.0,1010.0,SE,25.03,0,0
37412,2026,4,8,19,151.0,2,21.0,1010.0,SE,28.16,0,0
37413,2026,4,8,20,146.0,3,21.0,1011.0,SE,29.95,0,0
37414,2026,4,8,21,139.0,3,20.0,1011.0,SE,31.74,0,0
37415,2026,4,8,22,136.0,3,19.0,1011.0,SE,34.87,0,0
37416,2026,4,8,23,138.0,4,18.0,1011.0,SE,38.0,0,0
37417,2026,4,9,0,136.0,4,18.0,1010.0,SE,42.02,0,0
37418,2026,4,9,1,136.0,5,17.0,1010.0,SE,45.15,0,0
37419,2026,4,9,2,140.0,6,16.0,1010.0,SE,48.28,0,0
37420,2026,4,9,3,145.0,7,16.0,1009.0,SE,50.07,0,0
37421,2026,4,9,4,147.0,7,15.0,1009.0,SE,51.86,0,0
37422,2026,4,9,5,151.0,7,14.0,1009.0,SE,53.65,0,0
37423,2026,4,9,6,153.0,7,13.0,1010.0,cv,0.89,0,0
37424,2026,4,9,7,196.0,8,14.0,1010.0,cv,1.78,0,0
37425,2026,4,9,8,182.0,9,16.0,1010.0,cv,2.67,0,0
37426,2026,4,9,9,162.0,8,19.0,1010.0,NE,1.79,0,0
37427,2026,4,9,10,164.0,7,22.0,1009.0,SE,3.13,0,0
37428,2026,4,9,11,133.0,2,26.0,1009.0,SE,7.15,0,0
37429,2026,4,9,12,62.0,-7,28.0,1008.0,NW,4.92,0,0
37430,2026,4,9,13,60.0,-9,30.0,1008.0,NW,12.07,0,0
37431,2026,4,9,14,49.0,-6,30.0,1008.0,NE,4.92,0,0
37432,2026,4,9,15,62.0,-7,29.0,1008.0,NE,12.07,0,0
37433,2026,4,9,16,56.0,-8,28.0,1009.0,NE,19.22,0,0
37434,2026,4,9,17,65.0,-8,27.0,1010.0,NE,26.37,0,0
37435,2026,4,9,18,73.0,-8,26.0,1011.0,NE,30.39,0,0
37436,2026,4,9,19,80.0,-1,24.0,1013.0,SE,7.15,0,0
37437,2026,4,9,20,580.0,-3,22.0,1015.0,SE,12.96,0,0
37438,2026,4,9,21,217.0,-6,21.0,1016.0,SE,17.88,0,0
37439,2026,4,9,22,159.0,-4,19.0,1018.0,SE,19.67,0,0
37440,2026,4,9,23,181.0,-5,19.0,1019.0,SE,24.59,0,0
37441,2026,4,10,0,165.0,1,16.0,1020.0,SE,27.72,0,0
37442,2026,4,10,1,175.0,1,15.0,1021.0,SE,30.85,0,0
37443,2026,4,10,2,112.0,1,14.0,1021.0,SE,32.64,0,0
37444,2026,4,10,3,101.0,1,14.0,1021.0,cv,0.89,0,0
37445,2026,4,10,4,111.0,1,14.0,1022.0,SE,1.79,0,0
37446,2026,4,10,5,102.0,2,13.0,1021.0,SE,2.68,0,0
37447,2026,4,10,6,106.0,1,14.0,1022.0,SE,6.7,0,0
37448,2026,4,10,7,95.0,0,14.0,1023.0,SE,10.72,0,0
37449,2026,4,10,8,101.0,0,15.0,1023.0,SE,12.51,0,0
37450,2026,4,10,9,88.0,-2,16.0,1024.0,SE,15.64,0,0
37451,2026,4,10,10,125.0,-3,17.0,1024.0,SE,18.77,0,0
37452,2026,4,10,11,93.0,-3,17.0,1024.0,SE,20.56,0,0
37453,2026,4,10,12,71.0,-4,17.0,1023.0,SE,22.35,0,0
37454,2026,4,10,13,74.0,-4,18.0,1023.0,SE,25.48,0,0
37455,2026,4,10,14,68.0,-5,18.0,1022.0,cv,3.13,0,0
37456,2026,4,10,15,,-7,18.0,1021.0,SE,3.13,0,0
37457,2026,4,10,16,51.0,-9,18.0,1020.0,SE,6.26,0,0
37458,2026,4,10,17,62.0,-8,17.0,1020.0,SE,9.39,0,0
37459,2026,4,10,18,64.0,-7,17.0,1020.0,SE,12.52,0,0
37460,2026,4,10,19,66.0,-6,15.0,1020.0,SE,13.41,0,0
37461,2026,4,10,20,63.0,-1,14.0,1020.0,cv,0.89,0,0
37462,2026,4,10,21,65.0,-2,15.0,1021.0,cv,1.78,0,0
37463,2026,4,10,22,72.0,0,14.0,1021.0,cv,2.67,0,0
37464,2026,4,10,23,67.0,-3,15.0,1021.0,SE,1.79,0,1
37465,2026,4,11,0,51.0,-1,14.0,1021.0,SE,3.58,0,2
37466,2026,4,11,1,67.0,-2,14.0,1020.0,SE,5.37,0,3
37467,2026,4,11,2,64.0,-3,14.0,1020.0,SE,8.5,0,0
37468,2026,4,11,3,71.0,-2,13.0,1021.0,SE,10.29,0,0
37469,2026,4,11,4,76.0,-1,13.0,1020.0,SE,12.08,0,0
37470,2026,4,11,5,69.0,-3,13.0,1020.0,SE,15.21,0,0
37471,2026,4,11,6,69.0,-4,13.0,1020.0,SE,18.34,0,0
37472,2026,4,11,7,76.0,-4,13.0,1020.0,cv,0.89,0,0
37473,2026,4,11,8,48.0,-1,13.0,1021.0,NE,1.79,0,0
37474,2026,4,11,9,46.0,-1,13.0,1021.0,NE,3.58,0,0
37475,2026,4,11,10,47.0,-1,14.0,1021.0,cv,0.89,0,0
37476,2026,4,11,11,41.0,-2,14.0,1021.0,cv,1.78,0,0
37477,2026,4,11,12,40.0,-4,16.0,1020.0,SE,1.79,0,0
37478,2026,4,11,13,43.0,-5,17.0,1019.0,NW,1.79,0,0
37479,2026,4,11,14,36.0,-5,17.0,1018.0,cv,1.79,0,0
37480,2026,4,11,15,41.0,-6,18.0,1017.0,SE,3.13,0,0
37481,2026,4,11,16,39.0,-6,17.0,1017.0,SE,4.92,0,0
37482,2026,4,11,17,52.0,-6,17.0,1016.0,SE,8.05,0,0
37483,2026,4,11,18,59.0,-6,16.0,1016.0,SE,9.84,0,0
37484,2026,4,11,19,60.0,-5,15.0,1016.0,SE,11.63,0,0
37485,2026,4,11,20,68.0,-4,14.0,1017.0,SE,13.42,0,0
37486,2026,4,11,21,83.0,-3,13.0,1017.0,SE,15.21,0,0
37487,2026,4,11,22,103.0,-3,13.0,1018.0,SE,17.0,0,0
37488,2026,4,11,23,98.0,-2,13.0,1018.0,SE,18.79,0,0
37489,2026,4,12,0,78.0,-2,12.0,1017.0,SE,20.58,0,0
37490,2026,4,12,1,82.0,-1,10.0,1017.0,cv,0.89,0,0
37491,2026,4,12,2,88.0,0,8.0,1017.0,cv,1.78,0,0
37492,2026,4,12,3,96.0,-1,8.0,1017.0,NE,0.89,0,0
37493,2026,4,12,4,118.0,-1,7.0,1016.0,NE,1.78,0,0
37494,2026,4,12,5,128.0,1,7.0,1016.0,cv,0.45,0,0
37495,2026,4,12,6,143.0,0,6.0,1017.0,NW,0.89,0,0
37496,2026,4,12,7,158.0,2,9.0,1017.0,NE,0.89,0,0
37497,2026,4,12,8,143.0,-1,12.0,1017.0,NE,2.68,0,0
37498,2026,4,12,9,190.0,-2,15.0,1017.0,NW,1.79,0,0
37499,2026,4,12,10,151.0,-3,17.0,1018.0,cv,0.89,0,0
37500,2026,4,12,11,187.0,-4,19.0,1017.0,cv,2.68,0,0
37501,2026,4,12,12,114.0,-4,20.0,1016.0,SE,3.13,0,0
37502,2026,4,12,13,88.0,-7,21.0,1015.0,SE,7.15,0,0
37503,2026,4,12,14,78.0,-6,21.0,1015.0,SE,11.17,0,0
37504,2026,4,12,15,75.0,-6,21.0,1014.0,SE,14.3,0,0
37505,2026,4,12,16,89.0,-5,21.0,1013.0,SE,18.32,0,0
37506,2026,4,12,17,91.0,-5,21.0,1014.0,SE,22.34,0,0
37507,2026,4,12,18,109.0,-4,20.0,1014.0,cv,0.89,0,0
37508,2026,4,12,19,119.0,-2,18.0,1014.0,SE,3.13,0,0
37509,2026,4,12,20,119.0,-2,17.0,1015.0,SE,6.26,0,0
37510,2026,4,12,21,110.0,-2,16.0,1016.0,SE,9.39,0,0
37511,2026,4,12,22,120.0,-2,15.0,1016.0,SE,12.52,0,0
37512,2026,4,12,23,155.0,0,13.0,1017.0,SE,14.31,0,0
37513,2026,4,13,0,120.0,1,12.0,1017.0,SE,16.1,0,0
37514,2026,4,13,1,128.0,1,12.0,1017.0,SE,17.89,0,0
37515,2026,4,13,2,131.0,2,11.0,1017.0,cv,0.89,0,0
37516,2026,4,13,3,142.0,2,10.0,1017.0,cv,1.78,0,0
37517,2026,4,13,4,144.0,2,9.0,1017.0,NE,1.79,0,0
37518,2026,4,13,5,150.0,1,8.0,1017.0,NE,2.68,0,0
37519,2026,4,13,6,151.0,2,8.0,1017.0,SE,0.89,0,0
37520,2026,4,13,7,149.0,4,9.0,1018.0,NE,0.89,0,0
37521,2026,4,13,8,157.0,5,12.0,1019.0,SE,1.79,0,0
37522,2026,4,13,9,173.0,5,15.0,1019.0,cv,0.89,0,0
37523,2026,4,13,10,182.0,5,17.0,1019.0,cv,1.78,0,0
37524,2026,4,13,11,188.0,4,19.0,1019.0,SE,1.79,0,0
37525,2026,4,13,12,175.0,3,21.0,1018.0,SE,5.81,0,0
37526,2026,4,13,13,167.0,2,22.0,1017.0,SE,9.83,0,0
37527,2026,4,13,14,162.0,2,23.0,1016.0,SE,13.85,0,0
37528,2026,4,13,15,157.0,2,24.0,1015.0,SE,17.87,0,0
37529,2026,4,13,16,147.0,2,24.0,1015.0,SE,21.89,0,0
37530,2026,4,13,17,157.0,3,23.0,1014.0,SE,25.91,0,0
37531,2026,4,13,18,159.0,4,22.0,1015.0,SE,29.04,0,0
37532,2026,4,13,19,134.0,4,20.0,1015.0,SE,30.83,0,0
37533,2026,4,13,20,136.0,5,19.0,1016.0,SE,33.96,0,0
37534,2026,4,13,21,158.0,5,18.0,1017.0,SE,37.98,0,0
37535,2026,4,13,22,186.0,7,16.0,1017.0,SE,39.77,0,0
37536,2026,4,13,23,231.0,7,16.0,1017.0,SE,41.56,0,0
37537,2026,4,14,0,254.0,8,15.0,1017.0,SE,43.35,0,0
37538,2026,4,14,1,249.0,7,14.0,1017.0,SE,45.14,0,0
37539,2026,4,14,2,262.0,7,13.0,1017.0,cv,0.89,0,0
37540,2026,4,14,3,282.0,7,13.0,1017.0,SE,1.79,0,0
37541,2026,4,14,4,280.0,7,11.0,1017.0,NE,0.89,0,0
37542,2026,4,14,5,268.0,7,11.0,1017.0,NE,1.78,0,0
37543,2026,4,14,6,255.0,6,10.0,1018.0,SE,0.89,0,0
37544,2026,4,14,7,247.0,7,12.0,1018.0,cv,0.89,0,0
37545,2026,4,14,8,244.0,7,14.0,1018.0,SE,1.79,0,0
37546,2026,4,14,9,270.0,8,16.0,1018.0,cv,0.89,0,0
37547,2026,4,14,10,280.0,8,18.0,1018.0,cv,1.78,0,0
37548,2026,4,14,11,274.0,9,20.0,1018.0,SE,1.79,0,0
37549,2026,4,14,12,280.0,9,22.0,1017.0,SE,3.58,0,0
37550,2026,4,14,13,266.0,8,24.0,1016.0,SE,7.6,0,0
37551,2026,4,14,14,239.0,8,25.0,1015.0,cv,3.13,0,0
37552,2026,4,14,15,225.0,8,25.0,1014.0,SE,4.02,0,0
37553,2026,4,14,16,,9,26.0,1013.0,SE,7.15,0,0
37554,2026,4,14,17,,9,25.0,1013.0,SE,10.28,0,0
37555,2026,4,14,18,224.0,10,24.0,1013.0,SE,14.3,0,0
37556,2026,4,14,19,246.0,10,24.0,1013.0,SE,17.43,0,0
37557,2026,4,14,20,252.0,10,22.0,1014.0,SE,19.22,0,0
37558,2026,4,14,21,274.0,11,20.0,1014.0,SE,21.01,0,0
37559,2026,4,14,22,187.0,10,19.0,1015.0,SE,24.14,0,0
37560,2026,4,14,23,80.0,7,20.0,1015.0,SE,27.27,0,0
37561,2026,4,15,0,56.0,8,17.0,1016.0,cv,0.89,0,0
37562,2026,4,15,1,55.0,8,16.0,1016.0,SE,3.13,0,0
37563,2026,4,15,2,55.0,7,18.0,1016.0,SE,4.92,0,0
37564,2026,4,15,3,57.0,7,16.0,1016.0,SE,8.05,0,0
37565,2026,4,15,4,67.0,8,15.0,1017.0,SE,9.84,0,0
37566,2026,4,15,5,69.0,8,17.0,1017.0,SE,12.97,0,0
37567,2026,4,15,6,78.0,8,15.0,1018.0,SE,14.76,0,0
37568,2026,4,15,7,83.0,9,15.0,1019.0,cv,0.89,0,0
37569,2026,4,15,8,105.0,9,18.0,1020.0,SE,1.79,0,0
37570,2026,4,15,9,112.0,9,20.0,1021.0,SE,5.81,0,0
37571,2026,4,15,10,104.0,7,21.0,1021.0,SE,9.83,0,0
37572,2026,4,15,11,103.0,9,23.0,1021.0,SE,14.75,0,0
37573,2026,4,15,12,93.0,10,22.0,1020.0,SE,21.9,0,0
37574,2026,4,15,13,106.0,1,21.0,1020.0,SE,27.71,0,0
37575,2026,4,15,14,53.0,-2,20.0,1019.0,SE,33.52,0,0
37576,2026,4,15,15,54.0,-4,20.0,1019.0,SE,39.33,0,0
37577,2026,4,15,16,48.0,-3,21.0,1018.0,SE,44.25,0,0
37578,2026,4,15,17,38.0,-2,20.0,1018.0,SE,48.27,0,0
37579,2026,4,15,18,40.0,-3,18.0,1018.0,SE,51.4,0,0
37580,2026,4,15,19,34.0,-5,18.0,1018.0,SE,54.53,0,0
37581,2026,4,15,20,47.0,-6,17.0,1019.0,SE,58.55,0,0
37582,2026,4,15,21,54.0,-5,16.0,1019.0,SE,61.68,0,0
37583,2026,4,15,22,65.0,-5,16.0,1019.0,SE,64.81,0,0
37584,2026,4,15,23,41.0,-2,15.0,1019.0,cv,0.89,0,0
37585,2026,4,16,0,39.0,-1,14.0,1018.0,SE,0.89,0,0
37586,2026,4,16,1,35.0,0,14.0,1018.0,NE,0.89,0,0
37587,2026,4,16,2,51.0,0,13.0,1017.0,cv,0.89,0,0
37588,2026,4,16,3,54.0,-2,14.0,1017.0,cv,1.78,0,0
37589,2026,4,16,4,69.0,-1,13.0,1016.0,cv,2.23,0,0
37590,2026,4,16,5,59.0,2,13.0,1016.0,SE,0.89,0,0
37591,2026,4,16,6,51.0,1,12.0,1015.0,cv,0.89,0,0
37592,2026,4,16,7,45.0,2,13.0,1016.0,cv,1.78,0,0
37593,2026,4,16,8,44.0,2,15.0,1016.0,SE,0.89,0,0
37594,2026,4,16,9,52.0,0,16.0,1016.0,SE,1.78,0,0
37595,2026,4,16,10,52.0,-6,18.0,1016.0,cv,0.89,0,0
37596,2026,4,16,11,47.0,-9,18.0,1015.0,SE,1.79,0,0
37597,2026,4,16,12,51.0,-6,19.0,1014.0,cv,0.89,0,0
37598,2026,4,16,13,85.0,-8,21.0,1014.0,cv,1.78,0,0
37599,2026,4,16,14,80.0,-7,21.0,1013.0,cv,3.57,0,0
37600,2026,4,16,15,62.0,-7,21.0,1012.0,cv,4.46,0,0
37601,2026,4,16,16,57.0,-9,20.0,1011.0,SE,1.79,0,0
37602,2026,4,16,17,56.0,-5,20.0,1011.0,SE,3.58,0,0
37603,2026,4,16,18,67.0,-7,20.0,1011.0,SE,5.37,0,0
37604,2026,4,16,19,96.0,-6,19.0,1010.0,SE,6.26,0,0
37605,2026,4,16,20,91.0,-6,18.0,1011.0,SE,7.15,0,0
37606,2026,4,16,21,84.0,-4,16.0,1011.0,SE,8.94,0,0
37607,2026,4,16,22,101.0,-2,15.0,1011.0,cv,0.89,0,0
37608,2026,4,16,23,134.0,-2,16.0,1011.0,cv,1.78,0,0
37609,2026,4,17,0,127.0,-2,15.0,1011.0,SE,0.89,0,0
37610,2026,4,17,1,123.0,1,15.0,1010.0,SE,2.68,0,0
37611,2026,4,17,2,112.0,-1,15.0,1010.0,SE,4.47,0,0
37612,2026,4,17,3,109.0,0,15.0,1010.0,SE,6.26,0,0
37613,2026,4,17,4,145.0,0,14.0,1010.0,SE,8.05,0,1
37614,2026,4,17,5,124.0,4,12.0,1011.0,cv,0.89,0,2
37615,2026,4,17,6,107.0,6,11.0,1011.0,cv,1.78,0,3
37616,2026,4,17,7,109.0,7,11.0,1012.0,NE,1.79,0,4
37617,2026,4,17,8,110.0,7,11.0,1013.0,cv,0.89,0,5
37618,2026,4,17,9,116.0,7,12.0,1013.0,NE,3.13,0,6
37619,2026,4,17,10,105.0,8,12.0,1014.0,NW,3.13,0,7
37620,2026,4,17,11,93.0,8,12.0,1014.0,NW,6.26,0,0
37621,2026,4,17,12,106.0,8,13.0,1014.0,NW,9.39,0,0
37622,2026,4,17,13,103.0,8,15.0,1013.0,NE,3.13,0,0
37623,2026,4,17,14,102.0,7,17.0,1012.0,cv,1.79,0,0
37624,2026,4,17,15,101.0,9,17.0,1012.0,NW,1.79,0,0
37625,2026,4,17,16,101.0,9,17.0,1012.0,SE,3.13,0,0
37626,2026,4,17,17,117.0,9,17.0,1012.0,SE,4.92,0,0
37627,2026,4,17,18,131.0,10,16.0,1013.0,SE,6.71,0,0
37628,2026,4,17,19,128.0,10,16.0,1013.0,SE,8.5,0,0
37629,2026,4,17,20,127.0,10,16.0,1014.0,SE,10.29,0,0
37630,2026,4,17,21,141.0,10,16.0,1015.0,SE,12.08,0,0
37631,2026,4,17,22,137.0,10,15.0,1016.0,SE,15.21,0,0
37632,2026,4,17,23,151.0,10,15.0,1017.0,SE,17.0,0,0
37633,2026,4,18,0,152.0,10,14.0,1017.0,SE,18.79,0,0
37634,2026,4,18,1,148.0,11,14.0,1017.0,SE,20.58,0,0
37635,2026,4,18,2,151.0,11,13.0,1017.0,SE,21.47,0,0
37636,2026,4,18,3,156.0,11,13.0,1017.0,SE,23.26,0,0
37637,2026,4,18,4,143.0,11,13.0,1017.0,cv,0.89,0,0
37638,2026,4,18,5,141.0,11,13.0,1018.0,NE,0.89,0,0
37639,2026,4,18,6,140.0,11,12.0,1019.0,NE,1.78,0,0
37640,2026,4,18,7,150.0,12,13.0,1019.0,cv,0.89,0,0
37641,2026,4,18,8,162.0,12,14.0,1020.0,cv,1.78,0,0
37642,2026,4,18,9,171.0,11,17.0,1020.0,cv,2.67,0,0
37643,2026,4,18,10,179.0,11,18.0,1020.0,cv,3.56,0,0
37644,2026,4,18,11,193.0,11,20.0,1021.0,cv,5.35,0,0
37645,2026,4,18,12,170.0,12,20.0,1020.0,SE,3.13,0,0
37646,2026,4,18,13,167.0,11,20.0,1019.0,SE,6.26,0,0
37647,2026,4,18,14,158.0,11,20.0,1019.0,SE,9.39,0,0
37648,2026,4,18,15,158.0,11,20.0,1018.0,SE,12.52,0,0
37649,2026,4,18,16,176.0,11,20.0,1018.0,SE,16.54,0,0
37650,2026,4,18,17,162.0,11,19.0,1018.0,SE,20.56,0,0
37651,2026,4,18,18,153.0,11,18.0,1018.0,SE,25.48,0,0
37652,2026,4,18,19,129.0,5,16.0,1019.0,SE,31.29,0,0
37653,2026,4,18,20,92.0,5,15.0,1021.0,SE,34.42,0,0
37654,2026,4,18,21,83.0,4,14.0,1022.0,SE,37.55,0,0
37655,2026,4,18,22,74.0,3,14.0,1022.0,SE,41.57,0,0
37656,2026,4,18,23,86.0,2,14.0,1023.0,SE,44.7,0,0
37657,2026,4,19,0,83.0,3,13.0,1023.0,SE,46.49,0,0
37658,2026,4,19,1,84.0,5,12.0,1023.0,cv,0.89,0,0
37659,2026,4,19,2,84.0,3,12.0,1022.0,cv,1.78,0,0
37660,2026,4,19,3,77.0,4,12.0,1022.0,cv,2.67,0,0
37661,2026,4,19,4,75.0,4,12.0,1021.0,cv,3.56,0,0
37662,2026,4,19,5,64.0,6,12.0,1021.0,SE,0.89,0,0
37663,2026,4,19,6,59.0,5,12.0,1022.0,SE,1.78,0,0
37664,2026,4,19,7,59.0,4,13.0,1022.0,SE,3.57,0,0
37665,2026,4,19,8,72.0,4,13.0,1022.0,SE,5.36,0,0
37666,2026,4,19,9,69.0,4,14.0,1022.0,SE,7.15,0,0
37667,2026,4,19,10,69.0,4,14.0,1022.0,SE,8.94,0,1
37668,2026,4,19,11,56.0,-1,15.0,1022.0,SE,13.86,0,2
37669,2026,4,19,12,44.0,-2,14.0,1022.0,SE,16.99,0,3
37670,2026,4,19,13,48.0,1,14.0,1022.0,SE,18.78,0,4
37671,2026,4,19,14,40.0,3,14.0,1021.0,SE,23.7,0,0
37672,2026,4,19,15,46.0,4,13.0,1020.0,SE,28.62,0,1
37673,2026,4,19,16,55.0,4,14.0,1019.0,SE,34.43,0,2
37674,2026,4,19,17,57.0,3,14.0,1019.0,SE,38.45,0,0
37675,2026,4,19,18,52.0,3,14.0,1018.0,SE,42.47,0,0
37676,2026,4,19,19,55.0,4,12.0,1018.0,SE,45.6,0,0
37677,2026,4,19,20,59.0,4,11.0,1018.0,SE,48.73,0,0
37678,2026,4,19,21,67.0,5,11.0,1019.0,SE,50.52,0,0
37679,2026,4,19,22,72.0,5,9.0,1019.0,cv,0.89,0,0
37680,2026,4,19,23,78.0,5,9.0,1019.0,SE,1.79,0,0
37681,2026,4,20,0,95.0,5,8.0,1019.0,cv,0.89,0,0
37682,2026,4,20,1,105.0,6,8.0,1019.0,NE,0.89,0,0
37683,2026,4,20,2,112.0,5,8.0,1018.0,NE,1.78,0,0
37684,2026,4,20,3,128.0,5,7.0,1018.0,cv,0.89,0,0
37685,2026,4,20,4,127.0,5,7.0,1018.0,cv,1.78,0,0
37686,2026,4,20,5,128.0,3,5.0,1018.0,NW,1.79,0,0
37687,2026,4,20,6,121.0,4,6.0,1018.0,NW,4.92,0,0
37688,2026,4,20,7,84.0,5,9.0,1018.0,NW,8.94,0,0
37689,2026,4,20,8,87.0,5,13.0,1018.0,NW,12.07,0,0
37690,2026,4,20,9,64.0,4,15.0,1018.0,NW,15.2,0,0
37691,2026,4,20,10,52.0,2,16.0,1018.0,NW,16.99,0,0
37692,2026,4,20,11,30.0,0,17.0,1018.0,NW,20.12,0,0
37693,2026,4,20,12,23.0,-1,19.0,1017.0,NW,21.91,0,0
37694,2026,4,20,13,22.0,-2,20.0,1016.0,SE,3.13,0,0
37695,2026,4,20,14,17.0,-1,22.0,1015.0,cv,3.13,0,0
37696,2026,4,20,15,22.0,-2,22.0,1014.0,NW,4.92,0,0
37697,2026,4,20,16,33.0,-2,22.0,1013.0,SE,4.02,0,0
37698,2026,4,20,17,43.0,-1,22.0,1013.0,SE,8.94,0,0
37699,2026,4,20,18,49.0,2,20.0,1013.0,SE,13.86,0,0
37700,2026,4,20,19,56.0,2,19.0,1013.0,SE,17.88,0,0
37701,2026,4,20,20,59.0,3,19.0,1014.0,SE,21.9,0,0
37702,2026,4,20,21,69.0,4,19.0,1015.0,SE,25.92,0,0
37703,2026,4,20,22,59.0,5,18.0,1015.0,SE,29.94,0,0
37704,2026,4,20,23,72.0,5,14.0,1016.0,NE,1.79,0,0
37705,2026,4,21,0,76.0,3,11.0,1016.0,NW,1.79,0,0
37706,2026,4,21,1,90.0,5,10.0,1016.0,cv,0.45,0,0
37707,2026,4,21,2,91.0,4,9.0,1016.0,NW,1.79,0,0
37708,2026,4,21,3,90.0,3,11.0,1016.0,NW,2.68,0,0
37709,2026,4,21,4,91.0,2,9.0,1016.0,NW,4.47,0,0
37710,2026,4,21,5,66.0,2,10.0,1016.0,NW,6.26,0,0
37711,2026,4,21,6,46.0,2,10.0,1017.0,NW,8.05,0,0
37712,2026,4,21,7,49.0,3,12.0,1018.0,cv,0.89,0,0
37713,2026,4,21,8,48.0,2,15.0,1018.0,cv,1.78,0,0
37714,2026,4,21,9,45.0,0,18.0,1018.0,NE,1.79,0,0
37715,2026,4,21,10,44.0,-2,21.0,1018.0,cv,1.79,0,0
37716,2026,4,21,11,39.0,-5,22.0,1018.0,NE,1.79,0,0
37717,2026,4,21,12,23.0,-5,24.0,1017.0,SE,1.79,0,0
37718,2026,4,21,13,26.0,-3,25.0,1016.0,cv,1.79,0,0
37719,2026,4,21,14,24.0,-2,25.0,1015.0,SE,4.92,0,0
37720,2026,4,21,15,25.0,-2,25.0,1013.0,SE,8.94,0,0
37721,2026,4,21,16,30.0,-2,25.0,1013.0,SE,14.75,0,0
37722,2026,4,21,17,44.0,-2,24.0,1013.0,SE,22.8,0,0
37723,2026,4,21,18,30.0,-2,23.0,1013.0,SE,27.72,0,0
37724,2026,4,21,19,32.0,-1,20.0,1014.0,SE,30.85,0,0
37725,2026,4,21,20,36.0,0,21.0,1014.0,SE,34.87,0,0
37726,2026,4,21,21,43.0,1,18.0,1015.0,cv,0.89,0,0
37727,2026,4,21,22,66.0,2,21.0,1015.0,NW,3.13,0,0
37728,2026,4,21,23,68.0,4,14.0,1015.0,cv,0.89,0,0
37729,2026,4,22,0,73.0,4,12.0,1016.0,SE,1.79,0,0
37730,2026,4,22,1,90.0,4,12.0,1016.0,SE,3.58,0,0
37731,2026,4,22,2,106.0,3,10.0,1016.0,NW,1.79,0,0
37732,2026,4,22,3,102.0,4,9.0,1016.0,NW,2.68,0,0
37733,2026,4,22,4,66.0,3,8.0,1016.0,NW,3.57,0,0
37734,2026,4,22,5,65.0,3,8.0,1015.0,NW,5.36,0,0
37735,2026,4,22,6,52.0,1,9.0,1016.0,NW,7.15,0,0
37736,2026,4,22,7,68.0,3,12.0,1016.0,NW,8.94,0,0
37737,2026,4,22,8,104.0,0,17.0,1016.0,NW,12.07,0,0
37738,2026,4,22,9,84.0,1,21.0,1016.0,NW,13.86,0,0
37739,2026,4,22,10,42.0,0,23.0,1015.0,NW,15.65,0,0
37740,2026,4,22,11,36.0,0,24.0,1015.0,cv,1.79,0,0
37741,2026,4,22,12,56.0,0,26.0,1014.0,cv,3.58,0,0
37742,2026,4,22,13,51.0,0,27.0,1013.0,SE,4.92,0,0
37743,2026,4,22,14,170.0,0,27.0,1011.0,SE,9.84,0,0
37744,2026,4,22,15,87.0,0,27.0,1010.0,SE,13.86,0,0
37745,2026,4,22,16,55.0,2,27.0,1009.0,SE,19.67,0,0
37746,2026,4,22,17,107.0,3,26.0,1009.0,SE,24.59,0,0
37747,2026,4,22,18,105.0,4,25.0,1009.0,SE,30.4,0,0
37748,2026,4,22,19,66.0,4,24.0,1009.0,SE,35.32,0,0
37749,2026,4,22,20,73.0,6,23.0,1010.0,SE,40.24,0,0
37750,2026,4,22,21,76.0,6,21.0,1011.0,SE,43.37,0,0
37751,2026,4,22,22,60.0,5,21.0,1011.0,SE,46.5,0,0
37752,2026,4,22,23,64.0,7,19.0,1011.0,SE,48.29,0,0
37753,2026,4,23,0,73.0,8,19.0,1011.0,SE,52.31,0,0
37754,2026,4,23,1,81.0,9,18.0,1011.0,SE,56.33,0,0
37755,2026,4,23,2,88.0,9,17.0,1011.0,SE,60.35,0,0
37756,2026,4,23,3,98.0,10,17.0,1010.0,SE,64.37,0,0
37757,2026,4,23,4,99.0,10,16.0,1011.0,SE,66.16,0,0
37758,2026,4,23,5,99.0,10,15.0,1011.0,SE,67.95,0,0
37759,2026,4,23,6,108.0,11,15.0,1011.0,SE,71.08,0,0
37760,2026,4,23,7,129.0,12,16.0,1012.0,SE,72.87,0,0
37761,2026,4,23,8,136.0,12,18.0,1012.0,SE,76.0,0,0
37762,2026,4,23,9,151.0,12,19.0,1012.0,SE,79.13,0,0
37763,2026,4,23,10,162.0,13,20.0,1012.0,SE,82.26,0,0
37764,2026,4,23,11,164.0,13,22.0,1011.0,SE,85.39,0,0
37765,2026,4,23,12,174.0,13,23.0,1010.0,SE,89.41,0,0
37766,2026,4,23,13,185.0,13,23.0,1010.0,SE,94.33,0,0
37767,2026,4,23,14,168.0,13,24.0,1009.0,SE,98.35,0,0
37768,2026,4,23,15,154.0,12,25.0,1008.0,SE,103.27,0,0
37769,2026,4,23,16,143.0,10,26.0,1007.0,SE,110.42,0,0
37770,2026,4,23,17,139.0,11,24.0,1007.0,SE,115.34,0,0
37771,2026,4,23,18,126.0,11,24.0,1007.0,SE,119.36,0,0
37772,2026,4,23,19,98.0,13,23.0,1009.0,SE,126.51,0,1
37773,2026,4,23,20,101.0,10,20.0,1009.0,cv,3.13,0,2
37774,2026,4,23,21,71.0,10,20.0,1011.0,SE,3.13,0,0
37775,2026,4,23,22,73.0,9,19.0,1011.0,SE,6.26,0,0
37776,2026,4,23,23,80.0,9,18.0,1012.0,SE,9.39,0,0
37777,2026,4,24,0,82.0,11,19.0,1012.0,SE,12.52,0,0
37778,2026,4,24,1,76.0,11,18.0,1013.0,SE,15.65,0,0
37779,2026,4,24,2,84.0,10,17.0,1013.0,SE,18.78,0,0
37780,2026,4,24,3,89.0,11,16.0,1013.0,SE,21.91,0,0
37781,2026,4,24,4,91.0,11,16.0,1013.0,SE,22.8,0,0
37782,2026,4,24,5,96.0,11,16.0,1013.0,SE,24.59,0,0
37783,2026,4,24,6,107.0,11,16.0,1013.0,SE,27.72,0,0
37784,2026,4,24,7,109.0,11,16.0,1014.0,SE,30.85,0,0
37785,2026,4,24,8,112.0,11,17.0,1015.0,SE,33.98,0,0
37786,2026,4,24,9,119.0,11,18.0,1015.0,SE,37.11,0,0
37787,2026,4,24,10,122.0,11,19.0,1016.0,SE,38.9,0,0
37788,2026,4,24,11,125.0,11,20.0,1016.0,cv,0.89,0,0
37789,2026,4,24,12,121.0,12,21.0,1015.0,cv,2.68,0,0
37790,2026,4,24,13,128.0,13,22.0,1015.0,SE,3.13,0,0
37791,2026,4,24,14,135.0,13,24.0,1014.0,SE,6.26,0,0
37792,2026,4,24,15,136.0,13,25.0,1013.0,SE,10.28,0,0
37793,2026,4,24,16,121.0,12,25.0,1012.0,SE,14.3,0,0
37794,2026,4,24,17,117.0,12,25.0,1012.0,SE,19.22,0,0
37795,2026,4,24,18,105.0,11,24.0,1013.0,SE,24.14,0,0
37796,2026,4,24,19,100.0,12,23.0,1014.0,SE,27.27,0,0
37797,2026,4,24,20,117.0,12,21.0,1015.0,SE,29.06,0,0
37798,2026,4,24,21,118.0,13,19.0,1015.0,cv,0.89,0,0
37799,2026,4,24,22,121.0,11,19.0,1016.0,SE,3.13,0,0
37800,2026,4,24,23,140.0,10,19.0,1016.0,SE,6.26,0,0
37801,2026,4,25,0,139.0,9,18.0,1016.0,SE,8.05,0,0
37802,2026,4,25,1,136.0,9,16.0,1016.0,cv,0.89,0,0
37803,2026,4,25,2,143.0,9,16.0,1016.0,SE,1.79,0,0
37804,2026,4,25,3,155.0,9,15.0,1016.0,cv,0.89,0,0
37805,2026,4,25,4,141.0,9,14.0,1016.0,SE,0.89,0,0
37806,2026,4,25,5,110.0,9,13.0,1016.0,SE,1.78,0,0
37807,2026,4,25,6,118.0,9,13.0,1017.0,NE,1.79,0,0
37808,2026,4,25,7,124.0,10,16.0,1017.0,SE,1.79,0,0
37809,2026,4,25,8,135.0,10,18.0,1017.0,SE,4.92,0,0
37810,2026,4,25,9,156.0,10,20.0,1018.0,SE,8.05,0,0
37811,2026,4,25,10,163.0,10,22.0,1018.0,cv,0.89,0,0
37812,2026,4,25,11,167.0,11,23.0,1018.0,cv,2.68,0,0
37813,2026,4,25,12,169.0,11,24.0,1017.0,cv,3.57,0,0
37814,2026,4,25,13,177.0,10,25.0,1016.0,cv,6.7,0,0
37815,2026,4,25,14,131.0,10,26.0,1016.0,SE,3.13,0,0
37816,2026,4,25,15,102.0,8,27.0,1015.0,SE,7.15,0,0
37817,2026,4,25,16,90.0,7,26.0,1014.0,SE,11.17,0,0
37818,2026,4,25,17,96.0,7,25.0,1014.0,NW,5.81,0,0
37819,2026,4,25,18,112.0,6,23.0,1015.0,NW,10.73,0,0
37820,2026,4,25,19,101.0,8,20.0,1016.0,NW,14.75,0,1
37821,2026,4,25,20,101.0,6,20.0,1016.0,NW,21.9,0,0
37822,2026,4,25,21,104.0,7,19.0,1017.0,NW,29.95,0,0
37823,2026,4,25,22,92.0,11,15.0,1019.0,NW,41.13,0,1
37824,2026,4,25,23,55.0,11,13.0,1019.0,NW,48.28,0,2
37825,2026,4,26,0,27.0,11,13.0,1019.0,NW,53.2,0,3
37826,2026,4,26,1,30.0,11,12.0,1020.0,NE,1.79,0,4
37827,2026,4,26,2,27.0,9,11.0,1019.0,NW,3.13,0,5
37828,2026,4,26,3,21.0,10,12.0,1019.0,NW,8.05,0,6
37829,2026,4,26,4,25.0,8,11.0,1019.0,NW,12.97,0,7
37830,2026,4,26,5,23.0,8,11.0,1020.0,NW,17.89,0,0
37831,2026,4,26,6,28.0,7,12.0,1020.0,NE,4.02,0,0
37832,2026,4,26,7,29.0,8,12.0,1021.0,NW,3.13,0,0
37833,2026,4,26,8,31.0,8,13.0,1021.0,NW,6.26,0,0
37834,2026,4,26,9,38.0,8,16.0,1022.0,NE,3.13,0,0
37835,2026,4,26,10,39.0,5,18.0,1021.0,NE,6.26,0,0
37836,2026,4,26,11,61.0,4,20.0,1021.0,NW,3.13,0,0
37837,2026,4,26,12,42.0,1,20.0,1021.0,NW,6.26,0,0
37838,2026,4,26,13,47.0,1,22.0,1020.0,cv,1.79,0,0
37839,2026,4,26,14,52.0,2,22.0,1020.0,cv,2.68,0,0
37840,2026,4,26,15,47.0,3,22.0,1019.0,SE,1.79,0,0
37841,2026,4,26,16,42.0,3,22.0,1019.0,SE,3.58,0,0
37842,2026,4,26,17,48.0,9,20.0,1018.0,SE,7.6,0,0
37843,2026,4,26,18,52.0,9,18.0,1019.0,SE,11.62,0,0
37844,2026,4,26,19,48.0,8,17.0,1019.0,SE,15.64,0,0
37845,2026,4,26,20,59.0,8,16.0,1020.0,SE,18.77,0,0
37846,2026,4,26,21,48.0,9,15.0,1021.0,SE,21.9,0,0
37847,2026,4,26,22,35.0,9,14.0,1021.0,SE,23.69,0,0
37848,2026,4,26,23,41.0,10,13.0,1021.0,cv,0.89,0,0
37849,2026,4,27,0,36.0,10,13.0,1021.0,SE,0.89,0,0
37850,2026,4,27,1,41.0,10,12.0,1021.0,NE,0.89,0,0
37851,2026,4,27,2,49.0,10,11.0,1021.0,SE,0.89,0,0
37852,2026,4,27,3,59.0,10,11.0,1021.0,cv,0.89,0,0
37853,2026,4,27,4,72.0,9,10.0,1020.0,NW,1.79,0,0
37854,2026,4,27,5,80.0,9,10.0,1020.0,NW,4.92,0,0
37855,2026,4,27,6,58.0,9,10.0,1021.0,NW,8.94,0,0
37856,2026,4,27,7,46.0,10,12.0,1021.0,NW,12.96,0,0
37857,2026,4,27,8,54.0,8,16.0,1021.0,NW,17.88,0,0
37858,2026,4,27,9,43.0,4,20.0,1021.0,NW,25.03,0,0
37859,2026,4,27,10,35.0,1,21.0,1021.0,NE,7.15,0,0
37860,2026,4,27,11,39.0,1,23.0,1021.0,NE,12.96,0,0
37861,2026,4,27,12,20.0,1,23.0,1021.0,NE,17.88,0,0
37862,2026,4,27,13,78.0,0,23.0,1020.0,NE,21.9,0,0
37863,2026,4,27,14,72.0,-2,24.0,1019.0,NW,1.79,0,0
37864,2026,4,27,15,84.0,0,24.0,1018.0,SE,1.79,0,0
37865,2026,4,27,16,55.0,-1,24.0,1018.0,cv,1.79,0,0
37866,2026,4,27,17,77.0,4,23.0,1018.0,SE,4.92,0,0
37867,2026,4,27,18,135.0,4,22.0,1018.0,SE,8.05,0,0
37868,2026,4,27,19,76.0,4,21.0,1019.0,SE,12.97,0,0
37869,2026,4,27,20,75.0,5,20.0,1020.0,SE,16.99,0,0
37870,2026,4,27,21,98.0,7,19.0,1020.0,SE,21.01,0,0
37871,2026,4,27,22,116.0,9,17.0,1021.0,SE,24.14,0,0
37872,2026,4,27,23,106.0,9,16.0,1022.0,SE,28.16,0,0
37873,2026,4,28,0,48.0,7,15.0,1022.0,SE,31.29,0,0
37874,2026,4,28,1,37.0,7,14.0,1022.0,cv,0.89,0,0
37875,2026,4,28,2,39.0,8,12.0,1022.0,NE,0.89,0,0
37876,2026,4,28,3,38.0,8,12.0,1022.0,cv,0.89,0,0
37877,2026,4,28,4,64.0,8,12.0,1021.0,cv,1.34,0,0
37878,2026,4,28,5,73.0,8,11.0,1021.0,cv,1.79,0,0
37879,2026,4,28,6,73.0,8,10.0,1022.0,NW,3.13,0,0
37880,2026,4,28,7,80.0,9,13.0,1022.0,NW,7.15,0,0
37881,2026,4,28,8,86.0,9,17.0,1022.0,NW,11.17,0,0
37882,2026,4,28,9,106.0,8,20.0,1021.0,NW,15.19,0,0
37883,2026,4,28,10,132.0,7,21.0,1021.0,NE,3.13,0,0
37884,2026,4,28,11,101.0,5,23.0,1020.0,cv,0.89,0,0
37885,2026,4,28,12,68.0,-2,24.0,1019.0,SE,3.13,0,0
37886,2026,4,28,13,51.0,0,25.0,1018.0,cv,3.13,0,0
37887,2026,4,28,14,47.0,1,25.0,1017.0,cv,6.26,0,0
37888,2026,4,28,15,41.0,0,26.0,1016.0,SE,3.13,0,0
37889,2026,4,28,16,42.0,0,26.0,1015.0,NW,3.13,0,0
37890,2026,4,28,17,49.0,0,25.0,1015.0,SE,3.13,0,0
37891,2026,4,28,18,58.0,2,24.0,1015.0,SE,8.94,0,0
37892,2026,4,28,19,63.0,3,22.0,1015.0,SE,13.86,0,0
37893,2026,4,28,20,67.0,3,20.0,1015.0,SE,17.88,0,0
37894,2026,4,28,21,72.0,5,19.0,1016.0,cv,0.89,0,0
37895,2026,4,28,22,105.0,7,16.0,1016.0,cv,1.78,0,0
37896,2026,4,28,23,86.0,8,15.0,1016.0,SE,0.89,0,0
37897,2026,4,29,0,81.0,8,14.0,1016.0,SE,2.68,0,0
37898,2026,4,29,1,92.0,6,15.0,1016.0,SE,4.47,0,0
37899,2026,4,29,2,93.0,6,14.0,1016.0,SE,6.26,0,0
37900,2026,4,29,3,105.0,5,14.0,1016.0,SE,8.05,0,0
37901,2026,4,29,4,94.0,5,12.0,1016.0,NE,0.89,0,0
37902,2026,4,29,5,91.0,5,11.0,1016.0,cv,0.45,0,0
37903,2026,4,29,6,83.0,7,11.0,1016.0,NE,0.89,0,0
37904,2026,4,29,7,96.0,7,15.0,1016.0,cv,0.89,0,0
37905,2026,4,29,8,113.0,4,17.0,1016.0,cv,1.78,0,0
37906,2026,4,29,9,121.0,4,19.0,1016.0,cv,2.67,0,0
37907,2026,4,29,10,136.0,5,21.0,1015.0,cv,3.56,0,0
37908,2026,4,29,11,132.0,4,22.0,1015.0,SE,1.79,0,0
37909,2026,4,29,12,133.0,5,23.0,1014.0,cv,1.79,0,0
37910,2026,4,29,13,136.0,6,25.0,1012.0,SE,1.79,0,0
37911,2026,4,29,14,111.0,5,26.0,1011.0,SE,4.92,0,0
37912,2026,4,29,15,106.0,4,27.0,1010.0,SE,8.05,0,0
37913,2026,4,29,16,104.0,4,27.0,1009.0,SE,12.97,0,0
37914,2026,4,29,17,98.0,3,26.0,1009.0,SE,16.99,0,0
37915,2026,4,29,18,99.0,5,25.0,1009.0,SE,21.91,0,0
37916,2026,4,29,19,90.0,6,24.0,1009.0,SE,25.93,0,0
37917,2026,4,29,20,95.0,7,23.0,1010.0,SE,29.95,0,0
37918,2026,4,29,21,105.0,8,22.0,1010.0,SE,33.08,0,0
37919,2026,4,29,22,99.0,8,21.0,1010.0,SE,34.87,0,0
37920,2026,4,29,23,102.0,8,19.0,1011.0,SE,36.66,0,0
37921,2026,4,30,0,103.0,9,18.0,1011.0,SE,38.45,0,0
37922,2026,4,30,1,89.0,9,17.0,1010.0,SE,40.24,0,0
37923,2026,4,30,2,89.0,10,16.0,1010.0,SE,41.13,0,0
37924,2026,4,30,3,94.0,9,14.0,1010.0,cv,0.89,0,0
37925,2026,4,30,4,97.0,9,13.0,1010.0,NE,0.89,0,0
37926,2026,4,30,5,100.0,9,13.0,1010.0,NE,1.78,0,0
37927,2026,4,30,6,111.0,9,12.0,1010.0,NE,2.67,0,0
37928,2026,4,30,7,115.0,10,15.0,1010.0,NE,3.56,0,0
37929,2026,4,30,8,146.0,10,18.0,1011.0,cv,0.89,0,0
37930,2026,4,30,9,156.0,11,20.0,1011.0,SE,1.79,0,0
37931,2026,4,30,10,221.0,11,22.0,1011.0,cv,0.89,0,0
37932,2026,4,30,11,170.0,11,24.0,1010.0,SE,3.13,0,0
37933,2026,4,30,12,135.0,10,26.0,1009.0,cv,3.13,0,0
37934,2026,4,30,13,98.0,9,27.0,1008.0,SE,4.02,0,0
37935,2026,4,30,14,86.0,9,28.0,1008.0,SE,8.04,0,0
37936,2026,4,30,15,81.0,9,28.0,1007.0,SE,12.96,0,0
37937,2026,4,30,16,79.0,9,28.0,1006.0,SE,17.88,0,0
37938,2026,4,30,17,153.0,9,28.0,1006.0,SE,21.9,0,0
37939,2026,4,30,18,119.0,8,26.0,1006.0,SE,26.82,0,0
37940,2026,4,30,19,94.0,9,25.0,1006.0,SE,29.95,0,0
37941,2026,4,30,20,91.0,10,22.0,1007.0,SE,33.08,0,0
37942,2026,4,30,21,90.0,10,23.0,1008.0,SE,37.1,0,0
37943,2026,4,30,22,90.0,10,22.0,1008.0,SE,41.12,0,0
37944,2026,4,30,23,87.0,11,22.0,1008.0,SE,45.14,0,0
37945,2026,5,1,0,94.0,11,20.0,1008.0,SE,48.27,0,0
37946,2026,5,1,1,97.0,11,19.0,1008.0,SE,51.4,0,0
37947,2026,5,1,2,107.0,12,18.0,1008.0,SE,54.53,0,0
37948,2026,5,1,3,112.0,13,17.0,1008.0,SE,56.32,0,0
37949,2026,5,1,4,152.0,12,16.0,1007.0,SE,58.11,0,0
37950,2026,5,1,5,129.0,12,15.0,1008.0,SE,59.9,0,0
37951,2026,5,1,6,135.0,13,16.0,1008.0,SE,61.69,0,0
37952,2026,5,1,7,135.0,14,18.0,1009.0,SE,63.48,0,0
37953,2026,5,1,8,150.0,14,20.0,1009.0,SE,66.61,0,0
37954,2026,5,1,9,162.0,14,21.0,1009.0,SE,68.4,0,0
37955,2026,5,1,10,155.0,15,23.0,1009.0,cv,0.89,0,0
37956,2026,5,1,11,143.0,15,25.0,1008.0,SE,4.92,0,0
37957,2026,5,1,12,144.0,15,26.0,1007.0,SE,9.84,0,0
37958,2026,5,1,13,158.0,15,26.0,1006.0,SE,13.86,0,0
37959,2026,5,1,14,202.0,14,27.0,1005.0,SE,18.78,0,0
37960,2026,5,1,15,143.0,13,27.0,1005.0,SE,23.7,0,0
37961,2026,5,1,16,147.0,12,28.0,1004.0,SE,30.85,0,0
37962,2026,5,1,17,136.0,6,24.0,1006.0,NW,8.94,0,0
37963,2026,5,1,18,130.0,4,22.0,1006.0,NW,16.09,0,1
37964,2026,5,1,19,68.0,8,20.0,1007.0,NW,21.9,0,0
37965,2026,5,1,20,113.0,4,19.0,1009.0,NW,33.97,0,0
37966,2026,5,1,21,54.0,4,18.0,1010.0,NW,43.8,0,0
37967,2026,5,1,22,51.0,4,15.0,1012.0,NW,57.66,0,1
37968,2026,5,1,23,48.0,1,15.0,1012.0,NW,67.49,0,0
37969,2026,5,2,0,47.0,1,15.0,1013.0,NW,76.43,0,0
37970,2026,5,2,1,44.0,0,14.0,1012.0,NW,87.61,0,0
37971,2026,5,2,2,34.0,0,14.0,1012.0,NW,97.44,0,0
37972,2026,5,2,3,28.0,-1,13.0,1012.0,NW,107.27,0,0
37973,2026,5,2,4,34.0,-1,13.0,1012.0,NW,116.21,0,0
37974,2026,5,2,5,34.0,-2,13.0,1013.0,NW,126.04,0,0
37975,2026,5,2,6,25.0,-2,13.0,1014.0,NW,134.09,0,0
37976,2026,5,2,7,26.0,-3,14.0,1015.0,NW,145.27,0,0
37977,2026,5,2,8,39.0,-5,15.0,1016.0,NW,156.45,0,0
37978,2026,5,2,9,52.0,-6,17.0,1017.0,NW,164.5,0,0
37979,2026,5,2,10,54.0,-7,19.0,1018.0,NW,171.65,0,0
37980,2026,5,2,11,50.0,-8,20.0,1018.0,NW,175.67,0,0
37981,2026,5,2,12,50.0,-9,21.0,1017.0,NW,180.59,0,0
37982,2026,5,2,13,60.0,-6,23.0,1015.0,NW,187.74,0,0
37983,2026,5,2,14,59.0,-6,24.0,1015.0,NW,192.66,0,0
37984,2026,5,2,15,49.0,-6,22.0,1015.0,NW,198.47,0,0
37985,2026,5,2,16,37.0,-1,22.0,1015.0,NW,207.41,0,0
37986,2026,5,2,17,32.0,0,21.0,1016.0,NW,216.35,0,0
37987,2026,5,2,18,24.0,1,18.0,1017.0,NW,226.18,0,0
37988,2026,5,2,19,17.0,2,17.0,1017.0,NW,231.99,0,0
37989,2026,5,2,20,21.0,2,15.0,1018.0,cv,0.89,0,0
37990,2026,5,2,21,27.0,1,17.0,1018.0,NW,1.79,0,0
37991,2026,5,2,22,27.0,1,17.0,1018.0,SE,4.02,0,0
37992,2026,5,2,23,42.0,3,13.0,1018.0,cv,0.89,0,0
37993,2026,5,3,0,42.0,5,11.0,1018.0,cv,1.78,0,0
37994,2026,5,3,1,55.0,6,10.0,1017.0,SE,0.89,0,0
37995,2026,5,3,2,48.0,4,9.0,1016.0,NE,1.79,0,0
37996,2026,5,3,3,40.0,4,9.0,1016.0,NE,2.68,0,0
37997,2026,5,3,4,42.0,5,9.0,1015.0,cv,0.89,0,0
37998,2026,5,3,5,39.0,4,7.0,1015.0,NE,0.89,0,0
37999,2026,5,3,6,64.0,5,8.0,1014.0,cv,0.89,0,0
38000,2026,5,3,7,88.0,6,12.0,1014.0,cv,1.78,0,0
38001,2026,5,3,8,104.0,6,14.0,1014.0,cv,2.67,0,0
38002,2026,5,3,9,122.0,4,17.0,1012.0,cv,4.46,0,0
38003,2026,5,3,10,167.0,3,20.0,1011.0,SE,3.13,0,0
38004,2026,5,3,11,116.0,4,22.0,1010.0,SE,8.05,0,0
38005,2026,5,3,12,121.0,1,24.0,1007.0,SE,16.1,0,0
38006,2026,5,3,13,113.0,-1,23.0,1006.0,SE,25.04,0,0
38007,2026,5,3,14,90.0,2,23.0,1008.0,NW,8.05,0,0
38008,2026,5,3,15,59.0,0,23.0,1008.0,NW,16.1,0,0
38009,2026,5,3,16,66.0,-5,23.0,1008.0,NW,28.17,0,0
38010,2026,5,3,17,95.0,-8,23.0,1008.0,NW,38.0,0,0
38011,2026,5,3,18,104.0,-10,20.0,1010.0,NW,53.2,0,0
38012,2026,5,3,19,117.0,-10,19.0,1012.0,NW,65.27,0,0
38013,2026,5,3,20,96.0,-7,17.0,1014.0,NW,76.45,0,0
38014,2026,5,3,21,50.0,-7,16.0,1016.0,NW,88.52,0,0
38015,2026,5,3,22,50.0,-8,14.0,1016.0,NW,99.7,0,0
38016,2026,5,3,23,48.0,-5,13.0,1017.0,NW,109.53,0,0
38017,2026,5,4,0,52.0,-5,12.0,1017.0,NW,123.39,0,0
38018,2026,5,4,1,39.0,-6,11.0,1018.0,NW,133.22,0,0
38019,2026,5,4,2,35.0,-6,11.0,1018.0,NW,142.16,0,0
38020,2026,5,4,3,50.0,-7,10.0,1018.0,NW,149.31,0,0
38021,2026,5,4,4,38.0,-7,10.0,1017.0,NW,155.12,0,0
38022,2026,5,4,5,41.0,-6,10.0,1017.0,NW,163.17,0,0
38023,2026,5,4,6,46.0,-6,10.0,1018.0,NW,168.98,0,0
38024,2026,5,4,7,51.0,-7,11.0,1018.0,NW,174.79,0,0
38025,2026,5,4,8,51.0,-9,13.0,1017.0,NW,183.73,0,0
38026,2026,5,4,9,59.0,-12,15.0,1017.0,NW,193.56,0,0
38027,2026,5,4,10,57.0,-14,17.0,1017.0,NW,205.63,0,0
38028,2026,5,4,11,56.0,-13,18.0,1017.0,NW,217.7,0,0
38029,2026,5,4,12,46.0,-14,19.0,1016.0,NW,230.66,0,0
38030,2026,5,4,13,50.0,-12,18.0,1016.0,NW,242.73,0,0
38031,2026,5,4,14,52.0,-12,17.0,1016.0,NW,255.69,0,0
38032,2026,5,4,15,49.0,-12,18.0,1017.0,NW,268.65,0,0
38033,2026,5,4,16,43.0,-13,18.0,1017.0,NW,281.61,0,0
38034,2026,5,4,17,43.0,-11,19.0,1017.0,NW,289.66,0,0
38035,2026,5,4,18,32.0,-12,16.0,1017.0,NW,299.49,0,0
38036,2026,5,4,19,26.0,-12,16.0,1017.0,NW,305.3,0,0
38037,2026,5,4,20,31.0,-10,14.0,1018.0,NW,310.22,0,0
38038,2026,5,4,21,32.0,-8,11.0,1019.0,NE,1.79,0,0
38039,2026,5,4,22,46.0,-8,14.0,1019.0,cv,1.79,0,0
38040,2026,5,4,23,98.0,-9,14.0,1019.0,SE,3.13,0,0
38041,2026,5,5,0,67.0,-2,8.0,1018.0,cv,0.89,0,0
38042,2026,5,5,1,82.0,-5,8.0,1018.0,cv,1.34,0,0
38043,2026,5,5,2,65.0,-2,7.0,1018.0,cv,1.79,0,0
38044,2026,5,5,3,85.0,-3,6.0,1018.0,NW,1.79,0,0
38045,2026,5,5,4,63.0,-5,7.0,1018.0,cv,0.45,0,0
38046,2026,5,5,5,48.0,-4,6.0,1019.0,NE,3.13,0,0
38047,2026,5,5,6,36.0,-2,8.0,1020.0,NW,3.13,0,0
38048,2026,5,5,7,44.0,-4,11.0,1020.0,NW,6.26,0,0
38049,2026,5,5,8,49.0,-7,14.0,1020.0,NW,11.18,0,0
38050,2026,5,5,9,35.0,-9,16.0,1020.0,NW,15.2,0,0
38051,2026,5,5,10,39.0,-10,16.0,1020.0,NE,3.13,0,0
38052,2026,5,5,11,52.0,-11,16.0,1020.0,cv,1.79,0,0
38053,2026,5,5,12,31.0,-10,18.0,1018.0,cv,3.58,0,0
38054,2026,5,5,13,39.0,-9,19.0,1017.0,cv,5.37,0,0
38055,2026,5,5,14,36.0,-9,21.0,1016.0,NW,4.92,0,0
38056,2026,5,5,15,33.0,-9,21.0,1015.0,NW,8.94,0,0
38057,2026,5,5,16,33.0,-8,19.0,1014.0,SE,5.81,0,0
38058,2026,5,5,17,38.0,-8,20.0,1014.0,SE,10.73,0,0
38059,2026,5,5,18,32.0,-7,19.0,1014.0,SE,16.54,0,0
38060,2026,5,5,19,39.0,-6,18.0,1014.0,SE,20.56,0,0
38061,2026,5,5,20,38.0,-4,15.0,1015.0,SE,22.35,0,0
38062,2026,5,5,21,34.0,-4,14.0,1015.0,SE,25.48,0,0
38063,2026,5,5,22,50.0,-3,14.0,1015.0,SE,28.61,0,0
38064,2026,5,5,23,59.0,0,12.0,1015.0,cv,0.89,0,0
38065,2026,5,6,0,59.0,-1,11.0,1015.0,SE,1.79,0,0
38066,2026,5,6,1,56.0,0,11.0,1014.0,SE,4.92,0,0
38067,2026,5,6,2,63.0,1,10.0,1014.0,SE,6.71,0,0
38068,2026,5,6,3,72.0,0,10.0,1013.0,SE,8.5,0,0
38069,2026,5,6,4,71.0,1,11.0,1013.0,cv,0.89,0,0
38070,2026,5,6,5,75.0,1,10.0,1012.0,cv,1.78,0,0
38071,2026,5,6,6,71.0,0,9.0,1012.0,cv,2.67,0,0
38072,2026,5,6,7,61.0,0,13.0,1012.0,NW,1.79,0,0
38073,2026,5,6,8,93.0,2,15.0,1011.0,NW,4.92,0,0
38074,2026,5,6,9,97.0,3,16.0,1011.0,SE,1.79,0,0
38075,2026,5,6,10,110.0,4,17.0,1010.0,SE,4.92,0,0
38076,2026,5,6,11,95.0,3,19.0,1009.0,cv,0.89,0,0
38077,2026,5,6,12,103.0,4,19.0,1008.0,SE,1.79,0,0
38078,2026,5,6,13,123.0,5,21.0,1007.0,cv,1.79,0,0
38079,2026,5,6,14,138.0,4,21.0,1006.0,SE,3.13,0,0
38080,2026,5,6,15,111.0,5,21.0,1005.0,SE,7.15,0,0
38081,2026,5,6,16,110.0,6,20.0,1005.0,SE,10.28,0,0
38082,2026,5,6,17,108.0,6,20.0,1004.0,SE,12.07,0,0
38083,2026,5,6,18,106.0,6,19.0,1003.0,cv,0.89,0,0
38084,2026,5,6,19,108.0,7,18.0,1004.0,cv,1.78,0,0
38085,2026,5,6,20,120.0,8,17.0,1004.0,NE,1.79,0,0
38086,2026,5,6,21,154.0,8,17.0,1004.0,SE,1.79,0,0
38087,2026,5,6,22,134.0,7,17.0,1004.0,cv,0.89,0,0
38088,2026,5,6,23,133.0,8,16.0,1003.0,SE,3.13,0,1
38089,2026,5,7,0,124.0,8,15.0,1004.0,cv,0.89,0,0
38090,2026,5,7,1,126.0,8,13.0,1003.0,cv,1.78,0,0
38091,2026,5,7,2,127.0,8,12.0,1003.0,cv,2.23,0,0
38092,2026,5,7,3,132.0,9,12.0,1002.0,NE,0.89,0,0
38093,2026,5,7,4,132.0,8,11.0,1003.0,NE,1.78,0,0
38094,2026,5,7,5,135.0,8,11.0,1003.0,NW,1.79,0,0
38095,2026,5,7,6,159.0,8,12.0,1004.0,cv,0.89,0,0
38096,2026,5,7,7,151.0,8,14.0,1005.0,NW,1.79,0,0
38097,2026,5,7,8,148.0,8,18.0,1006.0,NW,4.92,0,0
38098,2026,5,7,9,140.0,4,21.0,1006.0,NW,9.84,0,0
38099,2026,5,7,10,105.0,3,22.0,1006.0,NW,13.86,0,0
38100,2026,5,7,11,85.0,-1,23.0,1007.0,NW,21.01,0,0
38101,2026,5,7,12,84.0,-3,24.0,1007.0,NW,25.03,0,0
38102,2026,5,7,13,114.0,-4,26.0,1006.0,NW,32.18,0,0
38103,2026,5,7,14,112.0,-6,27.0,1006.0,NW,43.36,0,0
38104,2026,5,7,15,111.0,-6,27.0,1005.0,NW,52.3,0,0
38105,2026,5,7,16,36.0,-7,26.0,1005.0,NW,61.24,0,0
38106,2026,5,7,17,12.0,-6,26.0,1006.0,NW,68.39,0,0
38107,2026,5,7,18,12.0,-6,24.0,1007.0,NW,72.41,0,0
38108,2026,5,7,19,15.0,-4,21.0,1008.0,NE,3.13,0,0
38109,2026,5,7,20,23.0,-2,20.0,1009.0,NE,7.15,0,0
38110,2026,5,7,21,24.0,-3,18.0,1011.0,SE,1.79,0,0
38111,2026,5,7,22,16.0,-2,17.0,1012.0,SE,3.58,0,0
38112,2026,5,7,23,63.0,8,14.0,1013.0,SE,4.47,0,0
38113,2026,5,8,0,84.0,9,12.0,1014.0,cv,0.89,0,0
38114,2026,5,8,1,93.0,9,14.0,1014.0,SE,3.13,0,0
38115,2026,5,8,2,109.0,10,13.0,1015.0,SE,4.92,0,0
38116,2026,5,8,3,128.0,9,12.0,1015.0,SE,5.81,0,0
38117,2026,5,8,4,125.0,9,10.0,1015.0,SE,6.7,0,0
38118,2026,5,8,5,125.0,9,10.0,1015.0,NE,0.89,0,0
38119,2026,5,8,6,126.0,9,11.0,1016.0,NE,1.78,0,0
38120,2026,5,8,7,136.0,11,13.0,1016.0,cv,0.89,0,0
38121,2026,5,8,8,147.0,11,16.0,1016.0,cv,1.78,0,0
38122,2026,5,8,9,95.0,10,18.0,1016.0,NE,1.79,0,0
38123,2026,5,8,10,72.0,10,20.0,1016.0,cv,0.89,0,0
38124,2026,5,8,11,64.0,9,20.0,1016.0,cv,2.68,0,0
38125,2026,5,8,12,61.0,7,22.0,1014.0,SE,4.02,0,0
38126,2026,5,8,13,58.0,5,22.0,1013.0,SE,8.04,0,0
38127,2026,5,8,14,65.0,5,23.0,1013.0,SE,12.06,0,0
38128,2026,5,8,15,62.0,5,23.0,1012.0,SE,17.87,0,0
38129,2026,5,8,16,79.0,5,23.0,1012.0,SE,23.68,0,0
38130,2026,5,8,17,74.0,5,22.0,1011.0,SE,27.7,0,0
38131,2026,5,8,18,67.0,5,21.0,1011.0,SE,32.62,0,0
38132,2026,5,8,19,80.0,5,20.0,1012.0,SE,37.54,0,0
38133,2026,5,8,20,68.0,4,19.0,1012.0,SE,41.56,0,0
38134,2026,5,8,21,63.0,5,18.0,1013.0,SE,45.58,0,0
38135,2026,5,8,22,55.0,5,18.0,1014.0,SE,48.71,0,0
38136,2026,5,8,23,70.0,6,18.0,1015.0,SE,51.84,0,0
38137,2026,5,9,0,84.0,6,17.0,1014.0,SE,54.97,0,0
38138,2026,5,9,1,65.0,6,17.0,1014.0,SE,56.76,0,0
38139,2026,5,9,2,65.0,6,17.0,1015.0,cv,0.89,0,0
38140,2026,5,9,3,70.0,7,16.0,1015.0,NE,0.89,0,0
38141,2026,5,9,4,70.0,6,16.0,1015.0,cv,0.89,0,0
38142,2026,5,9,5,75.0,5,16.0,1014.0,cv,1.78,0,0
38143,2026,5,9,6,90.0,6,16.0,1014.0,cv,2.67,0,0
38144,2026,5,9,7,91.0,5,17.0,1015.0,cv,3.56,0,0
38145,2026,5,9,8,87.0,4,17.0,1015.0,SE,4.92,0,0
38146,2026,5,9,9,80.0,6,17.0,1015.0,SE,8.94,0,0
38147,2026,5,9,10,83.0,7,17.0,1016.0,SE,12.96,0,0
38148,2026,5,9,11,79.0,7,17.0,1016.0,SE,17.88,0,0
38149,2026,5,9,12,69.0,7,17.0,1016.0,SE,22.8,0,0
38150,2026,5,9,13,70.0,7,18.0,1015.0,SE,27.72,0,0
38151,2026,5,9,14,72.0,7,19.0,1015.0,SE,31.74,0,0
38152,2026,5,9,15,74.0,7,19.0,1014.0,SE,33.53,0,0
38153,2026,5,9,16,71.0,4,21.0,1013.0,SE,36.66,0,0
38154,2026,5,9,17,48.0,3,21.0,1013.0,SE,41.58,0,0
38155,2026,5,9,18,43.0,4,20.0,1013.0,SE,46.5,0,0
38156,2026,5,9,19,45.0,4,19.0,1014.0,SE,51.42,0,0
38157,2026,5,9,20,47.0,4,18.0,1015.0,SE,57.23,0,0
38158,2026,5,9,21,56.0,5,18.0,1015.0,SE,62.15,0,0
38159,2026,5,9,22,59.0,5,17.0,1015.0,SE,66.17,0,0
38160,2026,5,9,23,59.0,5,17.0,1016.0,SE,67.96,0,0
38161,2026,5,10,0,55.0,5,17.0,1016.0,SE,71.09,0,0
38162,2026,5,10,1,50.0,5,16.0,1016.0,cv,0.89,0,0
38163,2026,5,10,2,46.0,5,16.0,1016.0,SE,1.79,0,0
38164,2026,5,10,3,40.0,5,16.0,1015.0,SE,4.92,0,0
38165,2026,5,10,4,46.0,5,15.0,1016.0,SE,8.05,0,0
38166,2026,5,10,5,47.0,5,14.0,1016.0,cv,0.89,0,0
38167,2026,5,10,6,50.0,6,14.0,1016.0,cv,1.78,0,0
38168,2026,5,10,7,46.0,7,15.0,1017.0,cv,2.67,0,0
38169,2026,5,10,8,47.0,6,16.0,1017.0,SE,1.79,0,0
38170,2026,5,10,9,55.0,7,17.0,1017.0,SE,6.71,0,0
38171,2026,5,10,10,51.0,7,17.0,1017.0,SE,9.84,0,0
38172,2026,5,10,11,63.0,7,17.0,1017.0,SE,12.97,0,0
38173,2026,5,10,12,62.0,7,18.0,1017.0,NE,4.02,0,0
38174,2026,5,10,13,64.0,8,19.0,1016.0,SE,1.79,0,0
38175,2026,5,10,14,63.0,7,19.0,1016.0,SE,3.58,0,0
38176,2026,5,10,15,63.0,7,20.0,1015.0,NE,1.79,0,0
38177,2026,5,10,16,59.0,7,20.0,1015.0,NE,3.58,0,0
38178,2026,5,10,17,70.0,6,20.0,1015.0,NE,5.37,0,0
38179,2026,5,10,18,71.0,8,19.0,1014.0,SE,1.79,0,0
38180,2026,5,10,19,69.0,5,19.0,1014.0,SE,4.92,0,0
38181,2026,5,10,20,65.0,3,19.0,1015.0,SE,6.71,0,0
38182,2026,5,10,21,54.0,1,19.0,1016.0,SE,10.73,0,0
38183,2026,5,10,22,40.0,3,17.0,1016.0,SE,14.75,0,1
38184,2026,5,10,23,42.0,6,14.0,1017.0,SE,16.54,0,2
38185,2026,5,11,0,42.0,9,12.0,1016.0,NE,1.79,0,3
38186,2026,5,11,1,48.0,9,11.0,1015.0,NE,4.92,0,4
38187,2026,5,11,2,51.0,9,10.0,1014.0,NW,4.92,0,5
38188,2026,5,11,3,57.0,9,10.0,1012.0,NW,8.94,0,6
38189,2026,5,11,4,49.0,9,10.0,1011.0,NE,5.81,0,7
38190,2026,5,11,5,46.0,9,11.0,1011.0,NE,10.73,0,8
38191,2026,5,11,6,40.0,10,11.0,1010.0,NE,15.65,0,9
38192,2026,5,11,7,39.0,10,11.0,1009.0,NE,19.67,0,10
38193,2026,5,11,8,33.0,10,11.0,1009.0,NE,23.69,0,11
38194,2026,5,11,9,26.0,10,11.0,1009.0,NE,27.71,0,12
38195,2026,5,11,10,34.0,10,11.0,1008.0,NE,32.63,0,13
38196,2026,5,11,11,22.0,10,12.0,1007.0,NW,4.92,0,14
38197,2026,5,11,12,22.0,10,12.0,1006.0,NW,9.84,0,15
38198,2026,5,11,13,21.0,10,12.0,1005.0,NW,14.76,0,16
38199,2026,5,11,14,16.0,10,13.0,1004.0,NW,19.68,0,17
38200,2026,5,11,15,17.0,10,13.0,1003.0,NW,23.7,0,18
38201,2026,5,11,16,8.0,10,14.0,1002.0,NW,26.83,0,19
38202,2026,5,11,17,17.0,9,14.0,1002.0,NW,30.85,0,0
38203,2026,5,11,18,15.0,9,14.0,1001.0,NW,33.98,0,1
38204,2026,5,11,19,20.0,9,14.0,1001.0,SE,1.79,0,2
38205,2026,5,11,20,22.0,10,13.0,1001.0,SE,4.92,0,3
38206,2026,5,11,21,30.0,10,13.0,1002.0,SE,8.05,0,0
38207,2026,5,11,22,28.0,10,13.0,1002.0,SE,11.18,0,0
38208,2026,5,11,23,35.0,10,13.0,1001.0,SE,12.97,0,0
38209,2026,5,12,0,40.0,10,12.0,1001.0,cv,0.89,0,0
38210,2026,5,12,1,46.0,10,11.0,1000.0,SE,0.89,0,0
38211,2026,5,12,2,45.0,10,11.0,1000.0,SE,2.68,0,0
38212,2026,5,12,3,47.0,10,11.0,1000.0,cv,0.89,0,0
38213,2026,5,12,4,47.0,9,10.0,1000.0,cv,1.34,0,0
38214,2026,5,12,5,57.0,8,9.0,1000.0,NW,0.89,0,0
38215,2026,5,12,6,65.0,10,11.0,1001.0,NW,2.68,0,0
38216,2026,5,12,7,72.0,12,13.0,1002.0,NW,4.47,0,0
38217,2026,5,12,8,75.0,12,16.0,1002.0,cv,0.89,0,0
38218,2026,5,12,9,82.0,11,19.0,1002.0,cv,1.78,0,0
38219,2026,5,12,10,53.0,10,23.0,1002.0,NW,1.79,0,0
38220,2026,5,12,11,21.0,5,26.0,1002.0,NW,6.71,0,0
38221,2026,5,12,12,23.0,3,28.0,1001.0,NW,12.52,0,0
38222,2026,5,12,13,23.0,6,29.0,1000.0,SE,8.05,0,0
38223,2026,5,12,14,23.0,5,29.0,1000.0,SE,15.2,0,0
38224,2026,5,12,15,23.0,6,30.0,999.0,SE,23.25,0,0
38225,2026,5,12,16,30.0,7,29.0,999.0,SE,31.3,0,0
38226,2026,5,12,17,29.0,9,29.0,999.0,SE,37.11,0,0
38227,2026,5,12,18,40.0,9,28.0,998.0,SE,44.26,0,0
38228,2026,5,12,19,52.0,10,27.0,999.0,SE,50.07,0,0
38229,2026,5,12,20,64.0,11,26.0,999.0,SE,55.88,0,0
38230,2026,5,12,21,65.0,12,25.0,1000.0,SE,60.8,0,0
38231,2026,5,12,22,58.0,11,25.0,1000.0,SE,66.61,0,0
38232,2026,5,12,23,54.0,9,24.0,1001.0,SE,70.63,0,0
38233,2026,5,13,0,42.0,7,23.0,1000.0,SE,73.76,0,0
38234,2026,5,13,1,43.0,9,19.0,1000.0,SE,75.55,0,0
38235,2026,5,13,2,40.0,10,16.0,1000.0,cv,0.89,0,0
38236,2026,5,13,3,50.0,9,13.0,1000.0,NW,0.89,0,0
38237,2026,5,13,4,47.0,10,13.0,1000.0,cv,0.45,0,0
38238,2026,5,13,5,57.0,11,12.0,1000.0,cv,1.34,0,0
38239,2026,5,13,6,80.0,12,13.0,1001.0,NW,0.89,0,0
38240,2026,5,13,7,108.0,14,16.0,1001.0,NW,1.78,0,0
38241,2026,5,13,8,106.0,12,19.0,1001.0,NE,1.79,0,0
38242,2026,5,13,9,98.0,12,21.0,1001.0,SE,1.79,0,0
38243,2026,5,13,10,112.0,12,22.0,1001.0,SE,3.58,0,0
38244,2026,5,13,11,104.0,12,25.0,1000.0,cv,0.89,0,0
38245,2026,5,13,12,86.0,12,26.0,1000.0,NE,1.79,0,0
38246,2026,5,13,13,82.0,10,29.0,999.0,NW,3.13,0,0
38247,2026,5,13,14,52.0,8,30.0,999.0,NW,8.05,0,0
38248,2026,5,13,15,42.0,1,30.0,998.0,NW,16.99,0,0
38249,2026,5,13,16,45.0,-1,31.0,998.0,NW,29.06,0,0
38250,2026,5,13,17,34.0,0,30.0,997.0,NW,38.0,0,0
38251,2026,5,13,18,30.0,-2,29.0,997.0,NW,46.94,0,0
38252,2026,5,13,19,30.0,-2,28.0,998.0,NW,51.86,0,0
38253,2026,5,13,20,40.0,-3,27.0,1000.0,NW,57.67,0,0
38254,2026,5,13,21,36.0,-4,24.0,1001.0,NW,64.82,0,0
38255,2026,5,13,22,29.0,-5,22.0,1003.0,NW,71.97,0,0
38256,2026,5,13,23,25.0,-7,22.0,1003.0,NW,81.8,0,0
38257,2026,5,14,0,32.0,-5,20.0,1004.0,NW,91.63,0,0
38258,2026,5,14,1,38.0,-5,19.0,1004.0,NW,98.78,0,0
38259,2026,5,14,2,34.0,-4,18.0,1004.0,NW,106.83,0,0
38260,2026,5,14,3,32.0,-3,18.0,1005.0,NW,114.88,0,0
38261,2026,5,14,4,34.0,-2,18.0,1005.0,NW,126.95,0,0
38262,2026,5,14,5,29.0,-1,18.0,1006.0,NW,136.78,0,0
38263,2026,5,14,6,26.0,-1,18.0,1006.0,NW,144.83,0,0
38264,2026,5,14,7,23.0,-2,19.0,1007.0,NW,153.77,0,0
38265,2026,5,14,8,22.0,-2,19.0,1007.0,NW,164.95,0,0
38266,2026,5,14,9,17.0,-2,20.0,1007.0,NW,176.13,0,0
38267,2026,5,14,10,11.0,-1,21.0,1007.0,NW,187.31,0,0
38268,2026,5,14,11,20.0,-1,22.0,1007.0,NW,196.25,0,0
38269,2026,5,14,12,14.0,0,20.0,1007.0,NW,203.4,0,0
38270,2026,5,14,13,16.0,-1,22.0,1006.0,NW,210.55,0,0
38271,2026,5,14,14,14.0,-1,22.0,1006.0,NW,217.7,0,0
38272,2026,5,14,15,14.0,-1,22.0,1005.0,NW,223.51,0,0
38273,2026,5,14,16,18.0,-2,22.0,1004.0,cv,4.02,0,0
38274,2026,5,14,17,12.0,-3,22.0,1003.0,cv,4.91,0,0
38275,2026,5,14,18,19.0,-2,22.0,1003.0,SE,1.79,0,0
38276,2026,5,14,19,19.0,2,18.0,1003.0,cv,0.89,0,0
38277,2026,5,14,20,25.0,5,14.0,1004.0,cv,1.78,0,0
38278,2026,5,14,21,30.0,-1,19.0,1004.0,SE,4.02,0,0
38279,2026,5,14,22,25.0,-2,19.0,1004.0,SE,8.04,0,0
38280,2026,5,14,23,27.0,2,13.0,1003.0,cv,0.89,0,0
38281,2026,5,15,0,30.0,4,11.0,1003.0,cv,1.78,0,0
38282,2026,5,15,1,76.0,5,11.0,1002.0,cv,2.67,0,0
38283,2026,5,15,2,68.0,5,11.0,1001.0,NE,1.79,0,0
38284,2026,5,15,3,77.0,6,10.0,1001.0,cv,0.89,0,0
38285,2026,5,15,4,68.0,5,10.0,1001.0,cv,1.78,0,0
38286,2026,5,15,5,59.0,4,8.0,1001.0,NW,3.13,0,0
38287,2026,5,15,6,45.0,6,11.0,1002.0,NW,6.26,0,0
38288,2026,5,15,7,37.0,5,15.0,1002.0,NW,9.39,0,0
38289,2026,5,15,8,89.0,4,18.0,1002.0,NW,11.18,0,0
38290,2026,5,15,9,52.0,3,20.0,1002.0,NE,1.79,0,0
38291,2026,5,15,10,40.0,5,23.0,1001.0,NE,3.58,0,0
38292,2026,5,15,11,45.0,0,25.0,1001.0,NE,5.37,0,0
38293,2026,5,15,12,69.0,0,27.0,1000.0,SE,3.13,0,0
38294,2026,5,15,13,80.0,1,28.0,999.0,SE,7.15,0,0
38295,2026,5,15,14,96.0,2,29.0,999.0,SE,11.17,0,0
38296,2026,5,15,15,107.0,0,29.0,998.0,SE,16.98,0,0
38297,2026,5,15,16,111.0,1,28.0,997.0,SE,22.79,0,0
38298,2026,5,15,17,121.0,3,28.0,998.0,SE,25.92,0,0
38299,2026,5,15,18,109.0,5,27.0,997.0,SE,29.05,0,0
38300,2026,5,15,19,94.0,3,27.0,998.0,SE,33.07,0,0
38301,2026,5,15,20,95.0,4,26.0,999.0,SE,38.88,0,0
38302,2026,5,15,21,105.0,6,24.0,999.0,SE,42.01,0,0
38303,2026,5,15,22,94.0,7,22.0,1000.0,SE,45.14,0,0
38304,2026,5,15,23,121.0,6,21.0,1001.0,NE,4.02,0,0
38305,2026,5,16,0,203.0,4,21.0,1001.0,SE,1.79,0,0
38306,2026,5,16,1,84.0,5,19.0,1001.0,cv,0.89,0,0
38307,2026,5,16,2,96.0,6,18.0,1002.0,NW,4.02,0,0
38308,2026,5,16,3,83.0,7,16.0,1002.0,SE,0.89,0,0
38309,2026,5,16,4,85.0,8,14.0,1003.0,cv,0.89,0,0
38310,2026,5,16,5,93.0,7,14.0,1004.0,NE,1.79,0,0
38311,2026,5,16,6,89.0,9,16.0,1005.0,NW,3.13,0,0
38312,2026,5,16,7,75.0,5,22.0,1006.0,NW,6.26,0,0
38313,2026,5,16,8,57.0,3,23.0,1007.0,NE,4.02,0,0
38314,2026,5,16,9,271.0,2,25.0,1008.0,NE,11.17,0,0
38315,2026,5,16,10,50.0,4,26.0,1008.0,NE,15.19,0,0
38316,2026,5,16,11,74.0,4,27.0,1008.0,NE,19.21,0,0
38317,2026,5,16,12,56.0,3,27.0,1008.0,SE,4.02,0,0
38318,2026,5,16,13,48.0,1,30.0,1008.0,NW,4.02,0,0
38319,2026,5,16,14,60.0,2,29.0,1007.0,NE,3.13,0,0
38320,2026,5,16,15,49.0,1,29.0,1007.0,NE,4.92,0,0
38321,2026,5,16,16,45.0,2,29.0,1006.0,SE,3.13,0,0
38322,2026,5,16,17,42.0,3,29.0,1007.0,NE,1.79,0,0
38323,2026,5,16,18,38.0,1,28.0,1007.0,SE,3.13,0,0
38324,2026,5,16,19,43.0,5,26.0,1008.0,SE,7.15,0,0
38325,2026,5,16,20,47.0,6,25.0,1009.0,SE,12.07,0,0
38326,2026,5,16,21,63.0,5,23.0,1011.0,SE,19.22,0,0
38327,2026,5,16,22,71.0,4,22.0,1012.0,SE,24.14,0,0
38328,2026,5,16,23,105.0,6,20.0,1013.0,SE,25.93,0,0
38329,2026,5,17,0,74.0,6,18.0,1013.0,cv,0.89,0,0
38330,2026,5,17,1,71.0,6,18.0,1013.0,cv,1.78,0,0
38331,2026,5,17,2,80.0,5,18.0,1013.0,SE,1.79,0,0
38332,2026,5,17,3,79.0,6,16.0,1013.0,cv,0.45,0,0
38333,2026,5,17,4,76.0,7,15.0,1013.0,NE,0.89,0,0
38334,2026,5,17,5,69.0,8,15.0,1013.0,NE,1.78,0,0
38335,2026,5,17,6,68.0,8,15.0,1014.0,NE,2.67,0,0
38336,2026,5,17,7,94.0,9,18.0,1014.0,NW,1.79,0,0
38337,2026,5,17,8,96.0,7,21.0,1015.0,NW,4.92,0,0
38338,2026,5,17,9,98.0,5,22.0,1015.0,cv,0.89,0,0
38339,2026,5,17,10,98.0,6,23.0,1015.0,SE,1.79,0,0
38340,2026,5,17,11,109.0,7,25.0,1014.0,cv,1.79,0,0
38341,2026,5,17,12,95.0,5,26.0,1013.0,SE,4.02,0,0
38342,2026,5,17,13,87.0,5,28.0,1012.0,SE,9.83,0,0
38343,2026,5,17,14,90.0,5,28.0,1011.0,SE,15.64,0,0
38344,2026,5,17,15,69.0,5,28.0,1010.0,SE,21.45,0,0
38345,2026,5,17,16,54.0,5,28.0,1009.0,SE,28.6,0,0
38346,2026,5,17,17,52.0,5,28.0,1009.0,SE,35.75,0,0
38347,2026,5,17,18,48.0,5,27.0,1009.0,SE,39.77,0,0
38348,2026,5,17,19,40.0,5,25.0,1010.0,SE,43.79,0,0
38349,2026,5,17,20,41.0,5,24.0,1012.0,SE,45.58,0,0
38350,2026,5,17,21,21.0,7,22.0,1012.0,SE,47.37,0,1
38351,2026,5,17,22,28.0,7,21.0,1012.0,SE,49.16,0,0
38352,2026,5,17,23,28.0,6,21.0,1011.0,SE,52.29,0,0
38353,2026,5,18,0,34.0,6,20.0,1011.0,SE,54.08,0,0
38354,2026,5,18,1,58.0,7,18.0,1011.0,SE,55.87,0,0
38355,2026,5,18,2,64.0,7,17.0,1011.0,SE,57.66,0,0
38356,2026,5,18,3,68.0,7,15.0,1010.0,cv,0.89,0,0
38357,2026,5,18,4,70.0,8,14.0,1010.0,SE,0.89,0,0
38358,2026,5,18,5,68.0,8,13.0,1010.0,NE,0.89,0,0
38359,2026,5,18,6,77.0,8,16.0,1011.0,cv,0.89,0,0
38360,2026,5,18,7,84.0,8,18.0,1011.0,NE,0.89,0,0
38361,2026,5,18,8,89.0,9,21.0,1011.0,cv,0.89,0,0
38362,2026,5,18,9,103.0,8,22.0,1011.0,SE,1.79,0,0
38363,2026,5,18,10,99.0,8,25.0,1010.0,cv,0.89,0,0
38364,2026,5,18,11,100.0,9,26.0,1010.0,cv,1.78,0,0
38365,2026,5,18,12,132.0,9,27.0,1009.0,cv,2.67,0,0
38366,2026,5,18,13,198.0,10,29.0,1008.0,SE,4.02,0,0
38367,2026,5,18,14,119.0,10,30.0,1007.0,SE,8.94,0,0
38368,2026,5,18,15,137.0,10,30.0,1006.0,SE,14.75,0,0
38369,2026,5,18,16,77.0,10,30.0,1005.0,SE,20.56,0,0
38370,2026,5,18,17,93.0,11,30.0,1004.0,SE,27.71,0,0
38371,2026,5,18,18,124.0,12,29.0,1005.0,SE,32.63,0,0
38372,2026,5,18,19,146.0,14,28.0,1005.0,SE,37.55,0,0
38373,2026,5,18,20,143.0,13,28.0,1006.0,SE,41.57,0,0
38374,2026,5,18,21,115.0,13,27.0,1006.0,SE,44.7,0,0
38375,2026,5,18,22,107.0,13,26.0,1006.0,SE,49.62,0,1
38376,2026,5,18,23,99.0,13,25.0,1006.0,SE,51.41,0,0
38377,2026,5,19,0,100.0,13,24.0,1006.0,SE,53.2,0,0
38378,2026,5,19,1,103.0,14,20.0,1007.0,NE,4.92,0,0
38379,2026,5,19,2,75.0,14,20.0,1006.0,NW,4.02,0,1
38380,2026,5,19,3,61.0,15,18.0,1008.0,NW,8.94,0,3
38381,2026,5,19,4,83.0,16,17.0,1008.0,NE,3.13,0,5
38382,2026,5,19,5,90.0,16,17.0,1007.0,cv,0.89,0,0
38383,2026,5,19,6,70.0,16,17.0,1007.0,cv,2.68,0,1
38384,2026,5,19,7,75.0,17,18.0,1006.0,cv,4.47,0,0
38385,2026,5,19,8,83.0,16,19.0,1007.0,NW,1.79,0,0
38386,2026,5,19,9,79.0,17,21.0,1006.0,cv,0.89,0,0
38387,2026,5,19,10,95.0,16,22.0,1006.0,SE,1.79,0,0
38388,2026,5,19,11,134.0,16,24.0,1005.0,SE,4.92,0,0
38389,2026,5,19,12,161.0,16,24.0,1005.0,SE,8.05,0,0
38390,2026,5,19,13,151.0,16,25.0,1004.0,SE,11.18,0,0
38391,2026,5,19,14,147.0,16,26.0,1003.0,SE,12.97,0,0
38392,2026,5,19,15,143.0,15,28.0,1002.0,SE,16.99,0,0
38393,2026,5,19,16,132.0,15,28.0,1001.0,SE,21.01,0,0
38394,2026,5,19,17,119.0,14,28.0,1001.0,SE,25.03,0,0
38395,2026,5,19,18,102.0,14,28.0,1001.0,SE,26.82,0,0
38396,2026,5,19,19,97.0,16,26.0,1002.0,SE,28.61,0,0
38397,2026,5,19,20,104.0,16,23.0,1002.0,cv,0.89,0,0
38398,2026,5,19,21,123.0,16,23.0,1003.0,SE,1.79,0,0
38399,2026,5,19,22,141.0,16,22.0,1003.0,cv,0.89,0,0
38400,2026,5,19,23,167.0,16,21.0,1003.0,cv,1.78,0,0
38401,2026,5,20,0,174.0,16,21.0,1003.0,cv,2.67,0,0
38402,2026,5,20,1,196.0,16,20.0,1003.0,cv,3.56,0,0
38403,2026,5,20,2,215.0,16,20.0,1003.0,cv,4.01,0,0
38404,2026,5,20,3,214.0,16,19.0,1003.0,cv,4.9,0,0
38405,2026,5,20,4,197.0,15,18.0,1003.0,NW,1.79,0,0
38406,2026,5,20,5,168.0,14,20.0,1004.0,NE,4.92,0,0
38407,2026,5,20,6,122.0,12,20.0,1004.0,NE,8.94,0,0
38408,2026,5,20,7,66.0,10,22.0,1005.0,NE,13.86,0,0
38409,2026,5,20,8,36.0,8,23.0,1005.0,NE,18.78,0,0
38410,2026,5,20,9,20.0,8,25.0,1006.0,NE,23.7,0,0
38411,2026,5,20,10,17.0,8,26.0,1006.0,NE,28.62,0,0
38412,2026,5,20,11,,8,28.0,1005.0,NE,32.64,0,0
38413,2026,5,20,12,,9,29.0,1005.0,SE,3.13,0,0
38414,2026,5,20,13,18.0,7,30.0,1004.0,cv,0.89,0,0
38415,2026,5,20,14,14.0,6,31.0,1003.0,cv,2.68,0,0
38416,2026,5,20,15,16.0,8,31.0,1003.0,NE,1.79,0,0
38417,2026,5,20,16,18.0,8,32.0,1002.0,SE,1.79,0,0
38418,2026,5,20,17,20.0,9,31.0,1002.0,SE,4.92,0,0
38419,2026,5,20,18,22.0,7,31.0,1002.0,SE,8.94,0,0
38420,2026,5,20,19,22.0,8,28.0,1002.0,SE,12.07,0,0
38421,2026,5,20,20,45.0,15,26.0,1004.0,SE,16.99,0,0
38422,2026,5,20,21,121.0,13,23.0,1005.0,SE,21.91,0,0
38423,2026,5,20,22,122.0,12,22.0,1006.0,SE,26.83,0,0
38424,2026,5,20,23,114.0,10,21.0,1007.0,SE,28.62,0,0
38425,2026,5,21,0,106.0,11,20.0,1006.0,SE,31.75,0,0
38426,2026,5,21,1,62.0,12,19.0,1007.0,cv,0.89,0,0
38427,2026,5,21,2,84.0,12,19.0,1006.0,SE,1.79,0,0
38428,2026,5,21,3,79.0,11,18.0,1005.0,cv,0.89,0,0
38429,2026,5,21,4,80.0,12,17.0,1006.0,cv,1.78,0,0
38430,2026,5,21,5,85.0,12,16.0,1006.0,NE,0.89,0,0
38431,2026,5,21,6,81.0,13,17.0,1007.0,cv,0.89,0,0
38432,2026,5,21,7,79.0,13,19.0,1007.0,cv,1.78,0,0
38433,2026,5,21,8,80.0,12,22.0,1007.0,NW,3.13,0,0
38434,2026,5,21,9,79.0,13,23.0,1008.0,NW,6.26,0,0
38435,2026,5,21,10,85.0,13,24.0,1007.0,cv,0.89,0,0
38436,2026,5,21,11,85.0,13,26.0,1006.0,cv,2.68,0,0
38437,2026,5,21,12,81.0,13,27.0,1006.0,cv,4.47,0,0
38438,2026,5,21,13,90.0,14,29.0,1005.0,cv,6.26,0,0
38439,2026,5,21,14,97.0,13,30.0,1004.0,SE,3.13,0,0
38440,2026,5,21,15,103.0,14,30.0,1003.0,SE,6.26,0,0
38441,2026,5,21,16,115.0,15,31.0,1003.0,SE,10.28,0,0
38442,2026,5,21,17,117.0,15,31.0,1003.0,SE,16.09,0,0
38443,2026,5,21,18,130.0,15,30.0,1003.0,SE,19.22,0,0
38444,2026,5,21,19,132.0,17,28.0,1003.0,SE,21.01,0,0
38445,2026,5,21,20,136.0,16,27.0,1004.0,SE,22.8,0,0
38446,2026,5,21,21,150.0,16,26.0,1005.0,SE,24.59,0,0
38447,2026,5,21,22,128.0,16,25.0,1005.0,SE,26.38,0,0
38448,2026,5,21,23,144.0,16,24.0,1005.0,SE,28.17,0,0
38449,2026,5,22,0,146.0,16,23.0,1005.0,SE,31.3,0,0
38450,2026,5,22,1,152.0,15,23.0,1005.0,SE,33.09,0,0
38451,2026,5,22,2,165.0,15,22.0,1005.0,SE,34.88,0,0
38452,2026,5,22,3,178.0,15,20.0,1005.0,cv,0.89,0,0
38453,2026,5,22,4,196.0,16,20.0,1005.0,SE,3.13,0,0
38454,2026,5,22,5,215.0,16,19.0,1005.0,cv,0.89,0,0
38455,2026,5,22,6,242.0,17,20.0,1006.0,SE,0.89,0,0
38456,2026,5,22,7,249.0,18,21.0,1007.0,cv,0.89,0,0
38457,2026,5,22,8,258.0,18,23.0,1007.0,SE,1.79,0,0
38458,2026,5,22,9,259.0,18,25.0,1008.0,cv,0.89,0,0
38459,2026,5,22,10,239.0,18,27.0,1007.0,SE,1.79,0,0
38460,2026,5,22,11,224.0,18,29.0,1007.0,SE,4.92,0,0
38461,2026,5,22,12,182.0,17,31.0,1007.0,SE,9.84,0,0
38462,2026,5,22,13,111.0,15,33.0,1006.0,SE,13.86,0,0
38463,2026,5,22,14,59.0,8,35.0,1006.0,SE,21.01,0,0
38464,2026,5,22,15,43.0,9,35.0,1005.0,SE,28.16,0,0
38465,2026,5,22,16,50.0,9,34.0,1005.0,SE,36.21,0,0
38466,2026,5,22,17,54.0,9,34.0,1005.0,SE,43.36,0,0
38467,2026,5,22,18,38.0,8,33.0,1005.0,SE,49.17,0,0
38468,2026,5,22,19,40.0,9,31.0,1006.0,SE,53.19,0,0
38469,2026,5,22,20,56.0,10,28.0,1006.0,SE,56.32,0,0
38470,2026,5,22,21,64.0,12,27.0,1007.0,SE,58.11,0,0
38471,2026,5,22,22,65.0,12,27.0,1008.0,SE,61.24,0,0
38472,2026,5,22,23,63.0,11,28.0,1008.0,SE,64.37,0,0
38473,2026,5,23,0,73.0,14,23.0,1009.0,SE,66.16,0,0
38474,2026,5,23,1,74.0,12,24.0,1009.0,SE,69.29,0,0
38475,2026,5,23,2,84.0,12,24.0,1010.0,SE,72.42,0,0
38476,2026,5,23,3,80.0,13,24.0,1010.0,SE,75.55,0,0
38477,2026,5,23,4,96.0,14,22.0,1010.0,SE,77.34,0,0
38478,2026,5,23,5,109.0,14,21.0,1010.0,NW,1.79,0,0
38479,2026,5,23,6,110.0,15,22.0,1010.0,SE,1.79,0,0
38480,2026,5,23,7,102.0,16,24.0,1011.0,cv,0.89,0,0
38481,2026,5,23,8,105.0,15,26.0,1011.0,SE,1.79,0,0
38482,2026,5,23,9,105.0,15,29.0,1011.0,SE,3.58,0,0
38483,2026,5,23,10,94.0,13,31.0,1011.0,SE,9.39,0,0
38484,2026,5,23,11,92.0,13,32.0,1011.0,SE,16.54,0,0
38485,2026,5,23,12,85.0,12,34.0,1010.0,SE,22.35,0,0
38486,2026,5,23,13,61.0,10,34.0,1010.0,SE,29.5,0,0
38487,2026,5,23,14,54.0,11,33.0,1010.0,SE,36.65,0,0
38488,2026,5,23,15,46.0,11,34.0,1009.0,SE,43.8,0,0
38489,2026,5,23,16,46.0,10,33.0,1008.0,SE,48.72,0,0
38490,2026,5,23,17,56.0,11,32.0,1008.0,SE,53.64,0,0
38491,2026,5,23,18,57.0,12,31.0,1008.0,SE,56.77,0,0
38492,2026,5,23,19,59.0,12,30.0,1009.0,SE,59.9,0,0
38493,2026,5,23,20,61.0,15,27.0,1009.0,cv,0.89,0,0
38494,2026,5,23,21,76.0,15,27.0,1009.0,SE,3.13,0,0
38495,2026,5,23,22,87.0,14,28.0,1009.0,SE,8.05,0,0
38496,2026,5,23,23,99.0,15,26.0,1009.0,SE,11.18,0,0
38497,2026,5,24,0,104.0,15,26.0,1008.0,SE,15.2,0,0
38498,2026,5,24,1,92.0,15,26.0,1008.0,SE,18.33,0,0
38499,2026,5,24,2,89.0,15,24.0,1008.0,NE,1.79,0,0
38500,2026,5,24,3,85.0,15,24.0,1008.0,SE,1.79,0,0
38501,2026,5,24,4,99.0,15,23.0,1007.0,SE,4.92,0,1
38502,2026,5,24,5,98.0,17,21.0,1008.0,SE,8.05,0,3
38503,2026,5,24,6,84.0,17,19.0,1008.0,SE,9.84,0,5
38504,2026,5,24,7,83.0,17,19.0,1008.0,SE,12.97,0,6
38505,2026,5,24,8,102.0,18,19.0,1008.0,SE,14.76,0,7
38506,2026,5,24,9,84.0,18,19.0,1008.0,SE,17.89,0,0
38507,2026,5,24,10,91.0,18,20.0,1008.0,SE,19.68,0,0
38508,2026,5,24,11,104.0,18,20.0,1008.0,SE,22.81,0,1
38509,2026,5,24,12,95.0,18,20.0,1008.0,SE,24.6,0,0
38510,2026,5,24,13,88.0,19,20.0,1008.0,SE,27.73,0,0
38511,2026,5,24,14,78.0,19,20.0,1007.0,SE,29.52,0,0
38512,2026,5,24,15,84.0,19,21.0,1007.0,NE,1.79,0,0
38513,2026,5,24,16,99.0,19,21.0,1007.0,SE,3.13,0,0
38514,2026,5,24,17,93.0,19,20.0,1007.0,SE,6.26,0,0
38515,2026,5,24,18,79.0,18,20.0,1007.0,SE,8.05,0,0
38516,2026,5,24,19,79.0,18,20.0,1008.0,SE,11.18,0,0
38517,2026,5,24,20,79.0,18,20.0,1008.0,SE,14.31,0,0
38518,2026,5,24,21,91.0,18,20.0,1009.0,SE,16.1,0,0
38519,2026,5,24,22,88.0,18,19.0,1009.0,SE,17.89,0,0
38520,2026,5,24,23,92.0,18,19.0,1009.0,SE,19.68,0,0
38521,2026,5,25,0,95.0,18,19.0,1009.0,SE,21.47,0,0
38522,2026,5,25,1,107.0,18,19.0,1008.0,cv,0.89,0,0
38523,2026,5,25,2,123.0,18,19.0,1008.0,SE,1.79,0,0
38524,2026,5,25,3,117.0,18,19.0,1008.0,SE,3.58,0,0
38525,2026,5,25,4,140.0,18,19.0,1007.0,SE,4.47,0,0
38526,2026,5,25,5,150.0,18,19.0,1007.0,cv,0.89,0,0
38527,2026,5,25,6,150.0,18,19.0,1007.0,cv,1.78,0,0
38528,2026,5,25,7,132.0,19,20.0,1008.0,NW,1.79,0,0
38529,2026,5,25,8,160.0,19,21.0,1008.0,cv,0.89,0,0
38530,2026,5,25,9,158.0,3,24.0,1007.0,NW,8.05,0,0
38531,2026,5,25,10,157.0,3,26.0,1007.0,NW,16.1,0,0
38532,2026,5,25,11,113.0,3,27.0,1007.0,NW,27.28,0,0
38533,2026,5,25,12,51.0,2,28.0,1006.0,NW,38.46,0,0
38534,2026,5,25,13,13.0,0,28.0,1005.0,NW,53.66,0,0
38535,2026,5,25,14,12.0,-1,28.0,1005.0,NW,66.62,0,0
38536,2026,5,25,15,7.0,-1,28.0,1005.0,NW,80.48,0,0
38537,2026,5,25,16,10.0,-1,28.0,1005.0,NW,92.55,0,0
38538,2026,5,25,17,8.0,-1,28.0,1005.0,NW,103.73,0,0
38539,2026,5,25,18,8.0,0,27.0,1005.0,NW,111.78,0,0
38540,2026,5,25,19,10.0,1,25.0,1004.0,NW,114.91,0,0
38541,2026,5,25,20,13.0,3,21.0,1005.0,cv,0.89,0,0
38542,2026,5,25,21,18.0,0,25.0,1005.0,SE,3.13,0,0
38543,2026,5,25,22,21.0,7,17.0,1006.0,cv,0.89,0,0
38544,2026,5,25,23,21.0,9,15.0,1006.0,cv,1.78,0,0
38545,2026,5,26,0,15.0,8,15.0,1006.0,SE,1.79,0,0
38546,2026,5,26,1,10.0,7,15.0,1005.0,cv,0.89,0,0
38547,2026,5,26,2,8.0,7,14.0,1005.0,SE,1.79,0,0
38548,2026,5,26,3,9.0,6,14.0,1004.0,cv,0.89,0,0
38549,2026,5,26,4,8.0,7,12.0,1004.0,cv,1.78,0,0
38550,2026,5,26,5,15.0,7,12.0,1004.0,cv,2.67,0,0
38551,2026,5,26,6,20.0,9,15.0,1004.0,cv,3.56,0,0
38552,2026,5,26,7,20.0,11,20.0,1003.0,cv,4.45,0,0
38553,2026,5,26,8,18.0,4,26.0,1003.0,cv,6.24,0,0
38554,2026,5,26,9,15.0,4,28.0,1002.0,SE,4.02,0,0
38555,2026,5,26,10,15.0,1,30.0,1001.0,SE,8.04,0,0
38556,2026,5,26,11,16.0,1,32.0,1000.0,SE,13.85,0,0
38557,2026,5,26,12,19.0,3,33.0,999.0,SE,18.77,0,0
38558,2026,5,26,13,23.0,3,34.0,998.0,SE,23.69,0,0
38559,2026,5,26,14,24.0,5,34.0,997.0,SE,31.74,0,0
38560,2026,5,26,15,26.0,5,33.0,995.0,SE,39.79,0,0
38561,2026,5,26,16,27.0,5,34.0,994.0,SE,48.73,0,0
38562,2026,5,26,17,27.0,5,33.0,993.0,SE,55.88,0,0
38563,2026,5,26,18,26.0,0,35.0,993.0,NW,7.15,0,0
38564,2026,5,26,19,23.0,1,34.0,993.0,SE,4.92,0,0
38565,2026,5,26,20,28.0,-2,34.0,994.0,NW,7.15,0,0
38566,2026,5,26,21,27.0,-2,33.0,995.0,SE,4.02,0,0
38567,2026,5,26,22,29.0,-1,32.0,995.0,SE,8.04,0,0
38568,2026,5,26,23,31.0,-1,31.0,995.0,NW,3.13,0,0
38569,2026,5,27,0,26.0,8,21.0,995.0,cv,0.89,0,0
38570,2026,5,27,1,26.0,0,26.0,994.0,NW,3.13,0,0
38571,2026,5,27,2,23.0,8,19.0,994.0,cv,0.89,0,0
38572,2026,5,27,3,39.0,9,18.0,994.0,cv,1.78,0,0
38573,2026,5,27,4,39.0,-2,27.0,994.0,NW,4.92,0,0
38574,2026,5,27,5,40.0,5,22.0,994.0,NW,8.05,0,0
38575,2026,5,27,6,40.0,10,21.0,994.0,cv,0.89,0,0
38576,2026,5,27,7,94.0,3,30.0,995.0,NW,5.81,0,0
38577,2026,5,27,8,102.0,5,30.0,995.0,NW,15.64,0,0
38578,2026,5,27,9,100.0,1,32.0,995.0,NW,28.6,0,0
38579,2026,5,27,10,26.0,-2,32.0,995.0,NW,43.8,0,0
38580,2026,5,27,11,19.0,2,31.0,995.0,NW,57.66,0,0
38581,2026,5,27,12,13.0,3,32.0,995.0,NW,67.49,0,0
38582,2026,5,27,13,17.0,5,31.0,995.0,NW,78.67,0,0
38583,2026,5,27,14,12.0,7,28.0,997.0,NW,94.76,0,0
38584,2026,5,27,15,16.0,10,26.0,997.0,NW,102.81,0,0
38585,2026,5,27,16,12.0,10,30.0,996.0,NW,109.96,0,0
38586,2026,5,27,17,13.0,9,30.0,995.0,NW,114.88,0,0
38587,2026,5,27,18,12.0,8,30.0,995.0,NW,118.9,0,0
38588,2026,5,27,19,14.0,1,31.0,997.0,NW,130.97,0,0
38589,2026,5,27,20,11.0,1,28.0,998.0,NW,136.78,0,0
38590,2026,5,27,21,8.0,5,23.0,1000.0,cv,0.89,0,0
38591,2026,5,27,22,17.0,4,21.0,1001.0,cv,1.34,0,0
38592,2026,5,27,23,13.0,5,20.0,1001.0,NW,3.13,0,0
38593,2026,5,28,0,12.0,6,19.0,1001.0,cv,0.89,0,0
38594,2026,5,28,1,13.0,3,22.0,1001.0,NW,3.13,0,0
38595,2026,5,28,2,19.0,6,19.0,1001.0,NE,3.13,0,0
38596,2026,5,28,3,27.0,6,20.0,1002.0,SE,1.79,0,0
38597,2026,5,28,4,27.0,9,15.0,1003.0,NE,0.89,0,0
38598,2026,5,28,5,38.0,9,15.0,1003.0,NE,1.78,0,0
38599,2026,5,28,6,44.0,12,18.0,1003.0,cv,0.89,0,0
38600,2026,5,28,7,44.0,11,23.0,1004.0,cv,1.78,0,0
38601,2026,5,28,8,43.0,10,25.0,1004.0,cv,2.67,0,0
38602,2026,5,28,9,49.0,9,27.0,1004.0,cv,3.56,0,0
38603,2026,5,28,10,35.0,9,29.0,1003.0,SE,1.79,0,0
38604,2026,5,28,11,18.0,7,33.0,1002.0,cv,1.79,0,0
38605,2026,5,28,12,15.0,4,35.0,1001.0,SE,4.02,0,0
38606,2026,5,28,13,21.0,5,36.0,1000.0,SE,8.04,0,0
38607,2026,5,28,14,29.0,5,37.0,999.0,SE,12.96,0,0
38608,2026,5,28,15,21.0,5,37.0,998.0,SE,21.01,0,0
38609,2026,5,28,16,34.0,5,37.0,997.0,SE,29.95,0,0
38610,2026,5,28,17,32.0,5,36.0,996.0,SE,38.89,0,0
38611,2026,5,28,18,24.0,4,35.0,996.0,SE,46.94,0,0
38612,2026,5,28,19,32.0,7,34.0,997.0,SE,55.88,0,0
38613,2026,5,28,20,32.0,9,31.0,998.0,SE,57.67,0,0
38614,2026,5,28,21,34.0,9,32.0,999.0,SE,62.59,0,0
38615,2026,5,28,22,39.0,9,31.0,998.0,SE,67.51,0,0
38616,2026,5,28,23,40.0,8,30.0,997.0,SE,72.43,0,0
38617,2026,5,29,0,44.0,12,23.0,997.0,SE,73.32,0,0
38618,2026,5,29,1,38.0,12,23.0,998.0,cv,0.89,0,0
38619,2026,5,29,2,38.0,13,22.0,997.0,cv,1.78,0,0
38620,2026,5,29,3,42.0,12,21.0,997.0,cv,2.67,0,0
38621,2026,5,29,4,44.0,13,20.0,997.0,cv,3.12,0,0
38622,2026,5,29,5,54.0,12,18.0,997.0,cv,4.01,0,0
38623,2026,5,29,6,62.0,14,21.0,997.0,cv,4.9,0,0
38624,2026,5,29,7,78.0,14,25.0,997.0,cv,5.79,0,0
38625,2026,5,29,8,77.0,12,27.0,998.0,cv,6.68,0,0
38626,2026,5,29,9,75.0,12,30.0,998.0,NE,3.13,0,0
38627,2026,5,29,10,67.0,11,33.0,998.0,NE,4.92,0,0
38628,2026,5,29,11,52.0,11,36.0,998.0,cv,1.79,0,0
38629,2026,5,29,12,41.0,10,37.0,998.0,cv,2.68,0,0
38630,2026,5,29,13,29.0,7,39.0,997.0,cv,3.57,0,0
38631,2026,5,29,14,21.0,7,41.0,997.0,cv,5.36,0,0
38632,2026,5,29,15,19.0,4,42.0,996.0,NW,5.81,0,0
38633,2026,5,29,16,8.0,4,39.0,996.0,NE,1.79,0,0
38634,2026,5,29,17,14.0,6,40.0,996.0,cv,0.89,0,0
38635,2026,5,29,18,30.0,8,38.0,997.0,SE,3.13,0,0
38636,2026,5,29,19,29.0,9,35.0,998.0,SE,6.26,0,0
38637,2026,5,29,20,38.0,10,32.0,999.0,cv,0.89,0,0
38638,2026,5,29,21,63.0,15,28.0,1000.0,cv,2.68,0,0
38639,2026,5,29,22,63.0,10,29.0,1001.0,SE,1.79,0,0
38640,2026,5,29,23,63.0,13,26.0,1002.0,NW,3.13,0,0
38641,2026,5,30,0,79.0,13,25.0,1002.0,cv,0.89,0,0
38642,2026,5,30,1,71.0,13,27.0,1003.0,SE,1.79,0,0
38643,2026,5,30,2,96.0,14,25.0,1003.0,NE,1.79,0,0
38644,2026,5,30,3,102.0,13,23.0,1003.0,NW,1.79,0,0
38645,2026,5,30,4,113.0,11,22.0,1004.0,NW,3.58,0,0
38646,2026,5,30,5,73.0,10,21.0,1005.0,NW,6.71,0,0
38647,2026,5,30,6,67.0,12,23.0,1006.0,NW,8.5,0,0
38648,2026,5,30,7,67.0,12,26.0,1006.0,NW,10.29,0,0
38649,2026,5,30,8,88.0,12,30.0,1007.0,cv,0.89,0,0
38650,2026,5,30,9,85.0,12,31.0,1007.0,SE,1.79,0,0
38651,2026,5,30,10,88.0,12,32.0,1007.0,SE,5.81,0,0
38652,2026,5,30,11,104.0,12,33.0,1007.0,SE,9.83,0,0
38653,2026,5,30,12,100.0,14,33.0,1007.0,SE,14.75,0,0
38654,2026,5,30,13,99.0,14,34.0,1006.0,SE,19.67,0,0
38655,2026,5,30,14,100.0,14,35.0,1005.0,SE,23.69,0,0
38656,2026,5,30,15,107.0,15,34.0,1005.0,SE,27.71,0,0
38657,2026,5,30,16,104.0,15,33.0,1005.0,SE,33.52,0,0
38658,2026,5,30,17,90.0,14,33.0,1005.0,SE,37.54,0,0
38659,2026,5,30,18,100.0,13,31.0,1005.0,SE,41.56,0,0
38660,2026,5,30,19,99.0,15,30.0,1006.0,SE,44.69,0,0
38661,2026,5,30,20,95.0,14,28.0,1006.0,SE,47.82,0,0
38662,2026,5,30,21,97.0,14,27.0,1007.0,SE,50.95,0,0
38663,2026,5,30,22,90.0,12,27.0,1008.0,SE,54.08,0,0
38664,2026,5,30,23,76.0,12,25.0,1008.0,SE,55.87,0,0
38665,2026,5,31,0,72.0,13,24.0,1008.0,SE,56.76,0,0
38666,2026,5,31,1,81.0,13,22.0,1008.0,SE,57.65,0,0
38667,2026,5,31,2,84.0,14,22.0,1008.0,cv,0.89,0,0
38668,2026,5,31,3,90.0,14,21.0,1008.0,cv,1.78,0,0
38669,2026,5,31,4,96.0,14,21.0,1008.0,cv,2.67,0,0
38670,2026,5,31,5,115.0,15,20.0,1008.0,SE,0.89,0,0
38671,2026,5,31,6,115.0,16,21.0,1008.0,SE,1.78,0,0
38672,2026,5,31,7,108.0,15,24.0,1008.0,cv,0.89,0,0
38673,2026,5,31,8,125.0,14,25.0,1009.0,cv,1.78,0,0
38674,2026,5,31,9,123.0,13,26.0,1009.0,cv,2.67,0,0
38675,2026,5,31,10,127.0,13,28.0,1008.0,NE,1.79,0,0
38676,2026,5,31,11,132.0,14,30.0,1008.0,SE,1.79,0,0
38677,2026,5,31,12,125.0,14,32.0,1007.0,cv,1.79,0,0
38678,2026,5,31,13,119.0,15,33.0,1007.0,SE,1.79,0,0
38679,2026,5,31,14,127.0,16,33.0,1006.0,cv,0.89,0,0
38680,2026,5,31,15,139.0,14,33.0,1005.0,SE,3.13,0,0
38681,2026,5,31,16,134.0,16,34.0,1005.0,SE,6.26,0,0
38682,2026,5,31,17,131.0,17,33.0,1005.0,SE,9.39,0,0
38683,2026,5,31,18,135.0,17,32.0,1005.0,SE,11.18,0,0
38684,2026,5,31,19,137.0,17,31.0,1005.0,SE,12.97,0,0
38685,2026,5,31,20,143.0,18,30.0,1005.0,SE,13.86,0,0
38686,2026,5,31,21,140.0,18,30.0,1005.0,SE,16.99,0,0
38687,2026,5,31,22,86.0,18,22.0,1010.0,SE,30.85,0,1
38688,2026,5,31,23,83.0,18,21.0,1009.0,NW,8.94,0,2
38689,2026,6,1,0,83.0,18,22.0,1010.0,NW,14.75,0,0
38690,2026,6,1,1,68.0,18,21.0,1009.0,cv,0.89,0,0
38691,2026,6,1,2,53.0,18,21.0,1008.0,NW,4.02,0,0
38692,2026,6,1,3,52.0,17,21.0,1009.0,NW,7.15,0,0
38693,2026,6,1,4,46.0,18,21.0,1009.0,NE,1.79,0,0
38694,2026,6,1,5,49.0,17,21.0,1008.0,NW,4.92,0,0
38695,2026,6,1,6,59.0,17,22.0,1008.0,NW,9.84,0,0
38696,2026,6,1,7,52.0,17,22.0,1008.0,NW,14.76,0,0
38697,2026,6,1,8,43.0,16,23.0,1007.0,NW,20.57,0,0
38698,2026,6,1,9,46.0,16,27.0,1007.0,NW,25.49,0,0
38699,2026,6,1,10,40.0,16,29.0,1007.0,NW,28.62,0,0
38700,2026,6,1,11,32.0,15,30.0,1007.0,NW,31.75,0,0
38701,2026,6,1,12,29.0,16,31.0,1007.0,NE,3.13,0,0
38702,2026,6,1,13,33.0,13,31.0,1007.0,NE,4.92,0,0
38703,2026,6,1,14,37.0,14,31.0,1006.0,NE,6.71,0,0
38704,2026,6,1,15,37.0,18,27.0,1006.0,SE,4.92,0,0
38705,2026,6,1,16,62.0,18,27.0,1006.0,SE,9.84,0,0
38706,2026,6,1,17,80.0,18,26.0,1007.0,SE,13.86,0,0
38707,2026,6,1,18,62.0,17,21.0,1009.0,SE,19.67,0,1
38708,2026,6,1,19,53.0,16,21.0,1009.0,SE,21.46,0,2
38709,2026,6,1,20,59.0,17,20.0,1011.0,NW,4.02,0,3
38710,2026,6,1,21,51.0,17,19.0,1011.0,NW,7.15,0,0
38711,2026,6,1,22,60.0,16,20.0,1012.0,NE,3.13,0,0
38712,2026,6,1,23,59.0,15,21.0,1012.0,SE,1.79,0,0
38713,2026,6,2,0,55.0,13,21.0,1012.0,SE,3.58,0,0
38714,2026,6,2,1,49.0,13,20.0,1012.0,cv,0.89,0,0
38715,2026,6,2,2,52.0,13,19.0,1012.0,SE,1.79,0,0
38716,2026,6,2,3,55.0,12,19.0,1012.0,SE,3.58,0,0
38717,2026,6,2,4,24.0,12,20.0,1012.0,SE,5.37,0,0
38718,2026,6,2,5,21.0,13,19.0,1012.0,cv,0.45,0,0
38719,2026,6,2,6,18.0,14,19.0,1013.0,NW,3.13,0,0
38720,2026,6,2,7,25.0,14,19.0,1013.0,NE,1.79,0,0
38721,2026,6,2,8,25.0,14,21.0,1013.0,NW,3.13,0,0
38722,2026,6,2,9,18.0,13,21.0,1013.0,NW,6.26,0,0
38723,2026,6,2,10,18.0,15,21.0,1013.0,NE,1.79,0,0
38724,2026,6,2,11,24.0,14,23.0,1012.0,cv,0.89,0,0
38725,2026,6,2,12,20.0,13,26.0,1012.0,cv,2.68,0,0
38726,2026,6,2,13,31.0,12,24.0,1012.0,NE,1.79,0,0
38727,2026,6,2,14,31.0,11,25.0,1011.0,SE,1.79,0,0
38728,2026,6,2,15,28.0,12,25.0,1010.0,SE,4.92,0,0
38729,2026,6,2,16,31.0,11,26.0,1010.0,cv,0.89,0,0
38730,2026,6,2,17,28.0,11,26.0,1009.0,SE,1.79,0,0
38731,2026,6,2,18,34.0,12,26.0,1009.0,cv,0.89,0,0
38732,2026,6,2,19,32.0,12,25.0,1009.0,SE,3.13,0,0
38733,2026,6,2,20,44.0,12,24.0,1010.0,NW,3.13,0,0
38734,2026,6,2,21,46.0,12,24.0,1010.0,NW,6.26,0,0
38735,2026,6,2,22,43.0,12,24.0,1010.0,NW,10.28,0,0
38736,2026,6,2,23,48.0,13,22.0,1010.0,NW,13.41,0,0
38737,2026,6,3,0,57.0,13,22.0,1009.0,NW,16.54,0,0
38738,2026,6,3,1,53.0,13,20.0,1009.0,NW,19.67,0,0
38739,2026,6,3,2,64.0,13,19.0,1008.0,NW,20.56,0,0
38740,2026,6,3,3,52.0,13,17.0,1008.0,NW,22.35,0,0
38741,2026,6,3,4,37.0,13,17.0,1008.0,NW,26.37,0,0
38742,2026,6,3,5,35.0,13,17.0,1008.0,NE,0.89,0,0
38743,2026,6,3,6,39.0,14,20.0,1008.0,NW,4.02,0,0
38744,2026,6,3,7,31.0,14,23.0,1009.0,NW,7.15,0,0
38745,2026,6,3,8,29.0,13,24.0,1009.0,NW,10.28,0,0
38746,2026,6,3,9,28.0,13,27.0,1009.0,NW,13.41,0,0
38747,2026,6,3,10,32.0,12,28.0,1009.0,NW,15.2,0,0
38748,2026,6,3,11,33.0,12,29.0,1008.0,cv,0.89,0,0
38749,2026,6,3,12,25.0,12,30.0,1008.0,SE,1.79,0,0
38750,2026,6,3,13,30.0,12,31.0,1007.0,SE,4.92,0,0
38751,2026,6,3,14,28.0,12,31.0,1006.0,SE,8.05,0,0
38752,2026,6,3,15,36.0,12,32.0,1006.0,SE,12.07,0,0
38753,2026,6,3,16,43.0,12,32.0,1006.0,SE,16.09,0,0
38754,2026,6,3,17,43.0,13,31.0,1006.0,SE,20.11,0,0
38755,2026,6,3,18,54.0,12,30.0,1006.0,SE,23.24,0,0
38756,2026,6,3,19,56.0,13,28.0,1006.0,SE,26.37,0,0
38757,2026,6,3,20,45.0,13,28.0,1007.0,SE,28.16,0,0
38758,2026,6,3,21,48.0,13,27.0,1007.0,SE,29.95,0,0
38759,2026,6,3,22,57.0,14,26.0,1008.0,SE,34.87,0,0
38760,2026,6,3,23,50.0,14,24.0,1008.0,SE,38.0,0,0
38761,2026,6,4,0,47.0,14,23.0,1008.0,SE,39.79,0,0
38762,2026,6,4,1,48.0,15,21.0,1008.0,NE,1.79,0,0
38763,2026,6,4,2,62.0,15,21.0,1008.0,NE,2.68,0,0
38764,2026,6,4,3,77.0,15,20.0,1008.0,NE,3.57,0,0
38765,2026,6,4,4,83.0,16,20.0,1007.0,NE,4.46,0,0
38766,2026,6,4,5,87.0,16,19.0,1007.0,cv,0.89,0,0
38767,2026,6,4,6,88.0,17,20.0,1007.0,cv,1.78,0,0
38768,2026,6,4,7,107.0,17,24.0,1008.0,cv,2.67,0,0
38769,2026,6,4,8,88.0,16,25.0,1007.0,cv,3.56,0,0
38770,2026,6,4,9,88.0,15,26.0,1007.0,cv,4.45,0,0
38771,2026,6,4,10,79.0,14,27.0,1007.0,SE,3.13,0,0
38772,2026,6,4,11,60.0,14,28.0,1007.0,SE,6.26,0,0
38773,2026,6,4,12,48.0,14,29.0,1006.0,cv,1.79,0,0
38774,2026,6,4,13,38.0,13,29.0,1005.0,SE,3.13,0,0
38775,2026,6,4,14,42.0,13,31.0,1005.0,SE,6.26,0,0
38776,2026,6,4,15,47.0,13,30.0,1004.0,SE,9.39,0,0
38777,2026,6,4,16,53.0,13,30.0,1004.0,SE,13.41,0,0
38778,2026,6,4,17,52.0,14,29.0,1004.0,SE,17.43,0,0
38779,2026,6,4,18,51.0,14,29.0,1004.0,SE,22.35,0,0
38780,2026,6,4,19,53.0,14,28.0,1004.0,SE,26.37,0,0
38781,2026,6,4,20,51.0,15,27.0,1004.0,SE,29.5,0,0
38782,2026,6,4,21,54.0,14,27.0,1005.0,SE,31.29,0,0
38783,2026,6,4,22,54.0,14,27.0,1005.0,NW,1.79,0,0
38784,2026,6,4,23,54.0,15,27.0,1005.0,SE,3.13,0,0
38785,2026,6,5,0,,15,26.0,1005.0,NW,1.79,0,0
38786,2026,6,5,1,53.0,16,24.0,1005.0,SE,1.79,0,0
38787,2026,6,5,2,57.0,17,23.0,1005.0,SE,4.92,0,0
38788,2026,6,5,3,80.0,16,22.0,1005.0,SE,6.71,0,0
38789,2026,6,5,4,84.0,16,21.0,1005.0,SE,8.5,0,0
38790,2026,6,5,5,90.0,16,20.0,1006.0,NE,0.89,0,0
38791,2026,6,5,6,95.0,17,21.0,1006.0,cv,0.89,0,0
38792,2026,6,5,7,108.0,17,22.0,1006.0,SE,1.79,0,0
38793,2026,6,5,8,102.0,17,25.0,1006.0,cv,0.89,0,0
38794,2026,6,5,9,90.0,17,27.0,1006.0,NE,1.79,0,0
38795,2026,6,5,10,76.0,16,29.0,1006.0,cv,0.89,0,0
38796,2026,6,5,11,54.0,16,30.0,1005.0,cv,2.68,0,0
38797,2026,6,5,12,43.0,15,31.0,1005.0,NW,3.13,0,0
38798,2026,6,5,13,43.0,14,33.0,1004.0,cv,1.79,0,0
38799,2026,6,5,14,45.0,13,34.0,1003.0,NW,3.13,0,0
38800,2026,6,5,15,43.0,13,34.0,1003.0,SE,3.13,0,0
38801,2026,6,5,16,49.0,13,33.0,1002.0,SE,4.92,0,0
38802,2026,6,5,17,56.0,13,34.0,1002.0,cv,0.89,0,0
38803,2026,6,5,18,55.0,14,33.0,1002.0,SE,4.02,0,0
38804,2026,6,5,19,59.0,14,31.0,1002.0,SE,8.04,0,0
38805,2026,6,5,20,60.0,15,31.0,1002.0,SE,11.17,0,0
38806,2026,6,5,21,68.0,14,30.0,1003.0,SE,14.3,0,0
38807,2026,6,5,22,70.0,15,30.0,1003.0,SE,18.32,0,0
38808,2026,6,5,23,81.0,16,26.0,1003.0,SE,20.11,0,0
38809,2026,6,6,0,,16,27.0,1003.0,SE,23.24,0,0
38810,2026,6,6,1,90.0,19,25.0,1004.0,SE,27.26,0,0
38811,2026,6,6,2,108.0,19,24.0,1004.0,SE,29.05,0,0
38812,2026,6,6,3,109.0,17,23.0,1004.0,SE,32.18,0,0
38813,2026,6,6,4,106.0,17,22.0,1004.0,cv,0.89,0,0
38814,2026,6,6,5,96.0,17,22.0,1005.0,SE,1.79,0,0
38815,2026,6,6,6,82.0,17,22.0,1005.0,cv,0.89,0,0
38816,2026,6,6,7,87.0,17,23.0,1004.0,SE,1.79,0,0
38817,2026,6,6,8,101.0,18,25.0,1004.0,SE,3.58,0,0
38818,2026,6,6,9,99.0,18,26.0,1004.0,SE,6.71,0,0
38819,2026,6,6,10,104.0,18,26.0,1004.0,SE,9.84,0,0
38820,2026,6,6,11,101.0,18,27.0,1004.0,cv,0.89,0,0
38821,2026,6,6,12,88.0,16,22.0,1005.0,NW,11.18,0,1
38822,2026,6,6,13,9.0,18,19.0,1005.0,NW,16.99,0,2
38823,2026,6,6,14,9.0,17,19.0,1005.0,NW,24.14,0,3
38824,2026,6,6,15,6.0,17,19.0,1005.0,NW,29.06,0,4
38825,2026,6,6,16,6.0,16,18.0,1004.0,NE,4.92,0,5
38826,2026,6,6,17,7.0,16,18.0,1005.0,NW,5.81,0,6
38827,2026,6,6,18,7.0,16,18.0,1005.0,NE,3.13,0,7
38828,2026,6,6,19,9.0,15,18.0,1005.0,NE,7.15,0,0
38829,2026,6,6,20,10.0,14,18.0,1005.0,NW,3.13,0,0
38830,2026,6,6,21,12.0,14,18.0,1005.0,NE,3.13,0,0
38831,2026,6,6,22,10.0,14,17.0,1005.0,NW,1.79,0,0
38832,2026,6,6,23,17.0,14,16.0,1005.0,NW,4.92,0,0
38833,2026,6,7,0,,14,16.0,1005.0,cv,0.89,0,0
38834,2026,6,7,1,24.0,14,15.0,1005.0,cv,1.78,0,0
38835,2026,6,7,2,25.0,13,17.0,1005.0,NE,1.79,0,0
38836,2026,6,7,3,19.0,12,15.0,1005.0,NW,1.79,0,0
38837,2026,6,7,4,17.0,11,17.0,1005.0,NE,3.13,0,0
38838,2026,6,7,5,14.0,11,15.0,1005.0,NW,1.79,0,0
38839,2026,6,7,6,8.0,12,18.0,1005.0,NW,4.92,0,0
38840,2026,6,7,7,6.0,12,20.0,1005.0,NW,10.73,0,0
38841,2026,6,7,8,6.0,11,22.0,1006.0,NW,15.65,0,0
38842,2026,6,7,9,5.0,10,24.0,1006.0,NW,22.8,0,0
38843,2026,6,7,10,4.0,10,26.0,1005.0,NW,28.61,0,0
38844,2026,6,7,11,3.0,9,26.0,1005.0,NW,33.53,0,0
38845,2026,6,7,12,3.0,9,27.0,1005.0,NW,38.45,0,0
38846,2026,6,7,13,5.0,9,28.0,1004.0,NW,41.58,0,0
38847,2026,6,7,14,5.0,8,29.0,1003.0,NW,46.5,0,0
38848,2026,6,7,15,5.0,9,29.0,1002.0,NW,51.42,0,0
38849,2026,6,7,16,7.0,8,30.0,1001.0,NW,54.55,0,0
38850,2026,6,7,17,6.0,10,29.0,1001.0,NE,3.13,0,0
38851,2026,6,7,18,9.0,10,28.0,1002.0,SE,4.02,0,0
38852,2026,6,7,19,8.0,11,26.0,1002.0,SE,5.81,0,0
38853,2026,6,7,20,19.0,11,24.0,1002.0,SE,7.6,0,0
38854,2026,6,7,21,26.0,14,21.0,1003.0,SE,9.39,0,0
38855,2026,6,7,22,26.0,13,21.0,1003.0,SE,11.18,0,0
38856,2026,6,7,23,38.0,13,19.0,1003.0,cv,0.89,0,0
38857,2026,6,8,0,,15,19.0,1003.0,cv,1.78,0,0
38858,2026,6,8,1,69.0,14,18.0,1003.0,NE,1.79,0,0
38859,2026,6,8,2,45.0,13,18.0,1003.0,cv,0.89,0,0
38860,2026,6,8,3,33.0,13,17.0,1003.0,cv,1.78,0,0
38861,2026,6,8,4,24.0,13,17.0,1003.0,cv,2.67,0,0
38862,2026,6,8,5,29.0,14,17.0,1003.0,NW,1.79,0,0
38863,2026,6,8,6,25.0,13,18.0,1003.0,NW,3.58,0,0
38864,2026,6,8,7,26.0,14,19.0,1003.0,NW,6.71,0,0
38865,2026,6,8,8,25.0,14,21.0,1003.0,NE,1.79,0,0
38866,2026,6,8,9,45.0,13,23.0,1003.0,cv,0.89,0,0
38867,2026,6,8,10,58.0,14,25.0,1002.0,NE,1.79,0,0
38868,2026,6,8,11,59.0,14,27.0,1002.0,cv,1.79,0,0
38869,2026,6,8,12,48.0,13,28.0,1001.0,SE,1.79,0,0
38870,2026,6,8,13,45.0,12,30.0,1000.0,SE,4.92,0,0
38871,2026,6,8,14,48.0,11,30.0,999.0,cv,1.79,0,0
38872,2026,6,8,15,43.0,14,19.0,1002.0,NW,4.92,0,1
38873,2026,6,8,16,11.0,14,20.0,1002.0,SE,3.13,0,0
38874,2026,6,8,17,11.0,14,21.0,1002.0,SE,4.02,0,0
38875,2026,6,8,18,19.0,15,22.0,1001.0,SE,8.94,0,0
38876,2026,6,8,19,25.0,15,22.0,1001.0,SE,12.96,0,0
38877,2026,6,8,20,30.0,15,19.0,1002.0,NE,1.79,0,0
38878,2026,6,8,21,44.0,14,19.0,1002.0,cv,0.89,0,0
38879,2026,6,8,22,38.0,15,18.0,1002.0,cv,1.78,0,0
38880,2026,6,8,23,33.0,14,17.0,1002.0,NW,1.79,0,0
38881,2026,6,9,0,,14,17.0,1002.0,NW,4.92,0,0
38882,2026,6,9,1,35.0,14,16.0,1003.0,cv,0.89,0,0
38883,2026,6,9,2,,13,15.0,1002.0,NW,3.13,0,0
38884,2026,6,9,3,,13,15.0,1003.0,cv,0.89,0,0
38885,2026,6,9,4,,14,16.0,1004.0,NE,1.79,0,0
38886,2026,6,9,5,,13,14.0,1004.0,cv,0.89,0,0
38887,2026,6,9,6,,15,16.0,1005.0,NW,3.13,0,0
38888,2026,6,9,7,,14,19.0,1005.0,NW,4.92,0,0
38889,2026,6,9,8,,14,22.0,1005.0,NW,6.71,0,0
38890,2026,6,9,9,,14,24.0,1005.0,cv,0.89,0,0
38891,2026,6,9,10,,13,25.0,1005.0,cv,1.78,0,0
38892,2026,6,9,11,41.0,13,26.0,1005.0,SE,1.79,0,0
38893,2026,6,9,12,32.0,11,28.0,1005.0,NW,1.79,0,0
38894,2026,6,9,13,32.0,10,29.0,1004.0,cv,1.79,0,0
38895,2026,6,9,14,25.0,10,30.0,1003.0,cv,3.58,0,0
38896,2026,6,9,15,17.0,7,30.0,1003.0,SE,3.13,0,0
38897,2026,6,9,16,32.0,9,29.0,1003.0,SE,6.26,0,1
38898,2026,6,9,17,20.0,12,27.0,1003.0,NE,4.02,0,0
38899,2026,6,9,18,15.0,14,25.0,1004.0,NE,8.04,0,0
38900,2026,6,9,19,33.0,13,22.0,1005.0,NE,11.17,0,0
38901,2026,6,9,20,19.0,13,22.0,1006.0,NE,14.3,0,0
38902,2026,6,9,21,22.0,13,22.0,1007.0,NE,17.43,0,0
38903,2026,6,9,22,31.0,14,21.0,1008.0,SE,1.79,0,0
38904,2026,6,9,23,49.0,13,21.0,1008.0,cv,0.89,0,0
38905,2026,6,10,0,52.0,13,20.0,1008.0,SE,1.79,0,0
38906,2026,6,10,1,59.0,14,18.0,1008.0,SE,3.58,0,0
38907,2026,6,10,2,67.0,14,19.0,1008.0,cv,0.89,0,0
38908,2026,6,10,3,62.0,14,19.0,1009.0,SE,1.79,0,0
38909,2026,6,10,4,58.0,14,19.0,1008.0,SE,3.58,0,0
38910,2026,6,10,5,50.0,14,18.0,1008.0,SE,5.37,0,0
38911,2026,6,10,6,71.0,15,18.0,1009.0,NW,1.79,0,0
38912,2026,6,10,7,76.0,16,19.0,1009.0,cv,0.89,0,1
38913,2026,6,10,8,82.0,16,20.0,1009.0,cv,1.78,0,0
38914,2026,6,10,9,83.0,16,22.0,1009.0,cv,2.67,0,0
38915,2026,6,10,10,99.0,16,22.0,1009.0,cv,4.46,0,0
38916,2026,6,10,11,78.0,16,25.0,1009.0,SE,1.79,0,0
38917,2026,6,10,12,80.0,16,26.0,1008.0,SE,5.81,0,0
38918,2026,6,10,13,77.0,16,25.0,1008.0,SE,9.83,0,0
38919,2026,6,10,14,79.0,18,23.0,1008.0,SE,11.62,0,1
38920,2026,6,10,15,79.0,18,23.0,1008.0,cv,1.79,0,0
38921,2026,6,10,16,59.0,17,24.0,1008.0,SE,3.13,0,0
38922,2026,6,10,17,75.0,16,23.0,1008.0,SE,7.15,0,0
38923,2026,6,10,18,94.0,16,23.0,1008.0,SE,10.28,0,0
38924,2026,6,10,19,88.0,16,22.0,1008.0,SE,12.07,0,0
38925,2026,6,10,20,88.0,16,21.0,1009.0,cv,0.89,0,0
38926,2026,6,10,21,85.0,16,20.0,1010.0,SE,1.79,0,0
38927,2026,6,10,22,87.0,17,20.0,1010.0,cv,0.89,0,0
38928,2026,6,10,23,94.0,17,19.0,1011.0,cv,1.78,0,0
38929,2026,6,11,0,103.0,17,19.0,1010.0,SE,0.89,0,0
38930,2026,6,11,1,101.0,17,19.0,1010.0,NE,0.89,0,0
38931,2026,6,11,2,114.0,16,18.0,1010.0,NE,2.68,0,0
38932,2026,6,11,3,123.0,16,18.0,1011.0,NW,0.89,0,0
38933,2026,6,11,4,122.0,15,17.0,1011.0,NW,2.68,0,0
38934,2026,6,11,5,96.0,14,17.0,1011.0,NW,5.81,0,0
38935,2026,6,11,6,51.0,16,19.0,1011.0,NW,8.94,0,0
38936,2026,6,11,7,23.0,15,21.0,1012.0,NE,3.13,0,0
38937,2026,6,11,8,59.0,15,22.0,1012.0,NE,8.05,0,0
38938,2026,6,11,9,43.0,14,24.0,1012.0,NE,12.97,0,0
38939,2026,6,11,10,13.0,14,26.0,1012.0,NW,3.13,0,0
38940,2026,6,11,11,13.0,13,27.0,1012.0,NE,1.79,0,0
38941,2026,6,11,12,16.0,12,27.0,1011.0,NE,4.92,0,0
38942,2026,6,11,13,13.0,12,29.0,1010.0,NE,9.84,0,0
38943,2026,6,11,14,12.0,12,30.0,1009.0,NW,3.13,0,0
38944,2026,6,11,15,18.0,12,30.0,1008.0,cv,1.79,0,0
38945,2026,6,11,16,16.0,11,30.0,1007.0,cv,4.92,0,0
38946,2026,6,11,17,15.0,12,30.0,1007.0,cv,6.71,0,0
38947,2026,6,11,18,20.0,12,30.0,1007.0,cv,7.6,0,0
38948,2026,6,11,19,17.0,12,29.0,1007.0,SE,3.13,0,0
38949,2026,6,11,20,19.0,13,27.0,1007.0,SE,4.92,0,0
38950,2026,6,11,21,40.0,14,26.0,1008.0,SE,8.94,0,0
38951,2026,6,11,22,44.0,14,25.0,1008.0,SE,12.07,0,0
38952,2026,6,11,23,33.0,14,24.0,1008.0,cv,0.89,0,0
38953,2026,6,12,0,33.0,15,22.0,1008.0,SE,0.89,0,0
38954,2026,6,12,1,37.0,15,20.0,1008.0,cv,0.89,0,0
38955,2026,6,12,2,37.0,15,20.0,1008.0,NE,1.79,0,0
38956,2026,6,12,3,50.0,15,19.0,1008.0,NW,1.79,0,0
38957,2026,6,12,4,51.0,15,19.0,1008.0,NW,3.58,0,0
38958,2026,6,12,5,39.0,15,20.0,1007.0,NW,6.71,0,0
38959,2026,6,12,6,28.0,16,21.0,1007.0,NW,9.84,0,0
38960,2026,6,12,7,35.0,15,24.0,1007.0,NW,13.86,0,0
38961,2026,6,12,8,31.0,15,26.0,1008.0,NE,3.13,0,0
38962,2026,6,12,9,31.0,14,29.0,1007.0,NW,3.13,0,0
38963,2026,6,12,10,27.0,13,30.0,1007.0,cv,0.89,0,0
38964,2026,6,12,11,23.0,13,33.0,1006.0,cv,2.68,0,0
38965,2026,6,12,12,18.0,12,33.0,1006.0,NW,1.79,0,0
38966,2026,6,12,13,16.0,12,35.0,1005.0,cv,1.79,0,0
38967,2026,6,12,14,12.0,12,35.0,1004.0,NW,1.79,0,0
38968,2026,6,12,15,14.0,12,36.0,1003.0,cv,3.13,0,0
38969,2026,6,12,16,14.0,11,35.0,1003.0,cv,4.92,0,0
38970,2026,6,12,17,10.0,12,34.0,1003.0,SE,1.79,0,0
38971,2026,6,12,18,20.0,12,33.0,1003.0,SE,4.92,0,0
38972,2026,6,12,19,30.0,15,31.0,1004.0,SE,8.94,0,0
38973,2026,6,12,20,40.0,15,29.0,1005.0,SE,10.73,0,0
38974,2026,6,12,21,44.0,17,28.0,1006.0,NW,4.02,0,0
38975,2026,6,12,22,38.0,16,28.0,1006.0,SE,3.13,0,0
38976,2026,6,12,23,50.0,17,26.0,1007.0,SE,4.92,0,0
38977,2026,6,13,0,64.0,18,25.0,1007.0,cv,0.89,0,0
38978,2026,6,13,1,99.0,17,24.0,1007.0,cv,1.78,0,0
38979,2026,6,13,2,110.0,18,24.0,1007.0,cv,2.67,0,0
38980,2026,6,13,3,105.0,18,22.0,1007.0,NE,0.89,0,0
38981,2026,6,13,4,108.0,18,22.0,1007.0,NE,1.78,0,0
38982,2026,6,13,5,121.0,18,21.0,1007.0,NE,2.67,0,0
38983,2026,6,13,6,126.0,19,22.0,1008.0,cv,0.89,0,0
38984,2026,6,13,7,103.0,19,24.0,1008.0,NW,1.79,0,0
38985,2026,6,13,8,78.0,18,27.0,1009.0,cv,0.89,0,0
38986,2026,6,13,9,93.0,17,28.0,1008.0,cv,2.68,0,0
38987,2026,6,13,10,49.0,17,29.0,1008.0,SE,3.13,0,0
38988,2026,6,13,11,29.0,16,31.0,1008.0,cv,3.13,0,0
38989,2026,6,13,12,25.0,16,31.0,1007.0,SE,3.13,0,0
38990,2026,6,13,13,34.0,16,31.0,1007.0,cv,1.79,0,0
38991,2026,6,13,14,39.0,15,32.0,1006.0,SE,1.79,0,0
38992,2026,6,13,15,41.0,16,32.0,1005.0,SE,5.81,0,0
38993,2026,6,13,16,48.0,16,32.0,1005.0,SE,10.73,0,0
38994,2026,6,13,17,49.0,17,19.0,1008.0,NW,15.2,0,2
38995,2026,6,13,18,19.0,17,19.0,1007.0,SE,4.92,0,3
38996,2026,6,13,19,14.0,18,20.0,1007.0,NW,3.13,0,0
38997,2026,6,13,20,24.0,18,20.0,1008.0,NE,1.79,0,0
38998,2026,6,13,21,22.0,17,21.0,1008.0,NW,3.13,0,0
38999,2026,6,13,22,30.0,17,21.0,1008.0,NW,6.26,0,0
39000,2026,6,13,23,30.0,17,20.0,1008.0,NE,1.79,0,0
39001,2026,6,14,0,37.0,18,19.0,1008.0,NE,2.68,0,0
39002,2026,6,14,1,35.0,17,19.0,1007.0,NE,4.47,0,0
39003,2026,6,14,2,39.0,17,19.0,1007.0,cv,0.89,0,0
39004,2026,6,14,3,38.0,17,18.0,1007.0,cv,1.78,0,0
39005,2026,6,14,4,35.0,17,19.0,1008.0,NW,0.89,0,0
39006,2026,6,14,5,29.0,17,18.0,1008.0,NW,2.68,0,0
39007,2026,6,14,6,28.0,18,19.0,1008.0,NW,3.57,0,0
39008,2026,6,14,7,18.0,18,21.0,1008.0,NW,5.36,0,0
39009,2026,6,14,8,25.0,18,23.0,1008.0,NW,8.49,0,0
39010,2026,6,14,9,34.0,18,25.0,1008.0,NW,10.28,0,0
39011,2026,6,14,10,24.0,17,26.0,1008.0,NW,12.07,0,0
39012,2026,6,14,11,23.0,17,28.0,1007.0,cv,1.79,0,0
39013,2026,6,14,12,30.0,17,29.0,1007.0,cv,2.68,0,0
39014,2026,6,14,13,35.0,16,30.0,1006.0,cv,4.47,0,0
39015,2026,6,14,14,46.0,17,31.0,1005.0,cv,6.26,0,0
39016,2026,6,14,15,47.0,17,32.0,1005.0,cv,8.05,0,0
39017,2026,6,14,16,39.0,17,31.0,1004.0,SE,3.13,0,0
39018,2026,6,14,17,50.0,16,32.0,1004.0,SE,6.26,0,0
39019,2026,6,14,18,54.0,17,31.0,1004.0,SE,9.39,0,0
39020,2026,6,14,19,59.0,17,30.0,1004.0,SE,11.18,0,0
39021,2026,6,14,20,58.0,19,28.0,1005.0,SE,12.97,0,0
39022,2026,6,14,21,70.0,20,28.0,1005.0,SE,16.1,0,0
39023,2026,6,14,22,90.0,19,26.0,1005.0,SE,17.89,0,0
39024,2026,6,14,23,106.0,19,26.0,1005.0,SE,21.02,0,0
39025,2026,6,15,0,128.0,18,25.0,1006.0,SE,22.81,0,0
39026,2026,6,15,1,118.0,18,23.0,1006.0,cv,0.89,0,0
39027,2026,6,15,2,111.0,19,23.0,1006.0,NE,0.89,0,0
39028,2026,6,15,3,131.0,19,23.0,1005.0,SE,1.79,0,0
39029,2026,6,15,4,153.0,18,23.0,1005.0,cv,0.89,0,0
39030,2026,6,15,5,169.0,19,22.0,1005.0,cv,1.78,0,0
39031,2026,6,15,6,161.0,19,23.0,1005.0,NE,0.89,0,0
39032,2026,6,15,7,141.0,19,25.0,1005.0,NE,2.68,0,0
39033,2026,6,15,8,117.0,18,27.0,1006.0,cv,0.89,0,0
39034,2026,6,15,9,117.0,17,28.0,1005.0,cv,1.78,0,0
39035,2026,6,15,10,101.0,18,29.0,1005.0,SE,1.79,0,0
39036,2026,6,15,11,94.0,18,30.0,1005.0,SE,3.58,0,0
39037,2026,6,15,12,89.0,17,32.0,1004.0,SE,6.71,0,0
39038,2026,6,15,13,82.0,17,32.0,1003.0,SE,9.84,0,0
39039,2026,6,15,14,105.0,18,31.0,1003.0,SE,12.97,0,0
39040,2026,6,15,15,130.0,18,32.0,1002.0,SE,16.1,0,0
39041,2026,6,15,16,161.0,19,31.0,1002.0,SE,17.89,0,0
39042,2026,6,15,17,156.0,19,31.0,1002.0,SE,21.02,0,0
39043,2026,6,15,18,100.0,19,30.0,1002.0,NW,4.92,0,0
39044,2026,6,15,19,62.0,19,29.0,1002.0,NW,8.94,0,0
39045,2026,6,15,20,84.0,18,23.0,1005.0,SE,11.18,0,2
39046,2026,6,15,21,61.0,18,21.0,1004.0,SE,15.2,0,3
39047,2026,6,15,22,80.0,19,21.0,1004.0,cv,0.89,0,0
39048,2026,6,15,23,113.0,19,23.0,1004.0,NW,3.13,0,0
39049,2026,6,16,0,140.0,20,22.0,1004.0,SE,0.89,0,0
39050,2026,6,16,1,134.0,20,21.0,1004.0,cv,0.89,0,0
39051,2026,6,16,2,117.0,20,22.0,1004.0,cv,1.78,0,0
39052,2026,6,16,3,112.0,20,21.0,1003.0,SE,0.89,0,0
39053,2026,6,16,4,130.0,20,21.0,1003.0,SE,2.68,0,0
39054,2026,6,16,5,148.0,19,21.0,1003.0,SE,4.47,0,0
39055,2026,6,16,6,162.0,20,22.0,1003.0,SE,7.6,0,0
39056,2026,6,16,7,169.0,19,22.0,1003.0,SE,9.39,0,0
39057,2026,6,16,8,164.0,20,24.0,1003.0,cv,0.89,0,0
39058,2026,6,16,9,169.0,20,25.0,1003.0,SE,1.79,0,0
39059,2026,6,16,10,155.0,19,26.0,1004.0,cv,0.89,0,0
39060,2026,6,16,11,178.0,20,26.0,1003.0,SE,1.79,0,0
39061,2026,6,16,12,191.0,20,26.0,1003.0,SE,4.92,0,1
39062,2026,6,16,13,196.0,20,27.0,1001.0,SE,8.94,0,0
39063,2026,6,16,14,138.0,20,28.0,1001.0,cv,3.13,0,0
39064,2026,6,16,15,132.0,21,29.0,1000.0,SE,3.13,0,0
39065,2026,6,16,16,105.0,19,29.0,1000.0,SE,7.15,0,0
39066,2026,6,16,17,111.0,19,30.0,1000.0,SE,11.17,0,0
39067,2026,6,16,18,96.0,20,28.0,1000.0,SE,14.3,0,0
39068,2026,6,16,19,105.0,20,28.0,1000.0,SE,17.43,0,0
39069,2026,6,16,20,108.0,20,26.0,1001.0,cv,0.89,0,0
39070,2026,6,16,21,111.0,20,26.0,1001.0,cv,1.78,0,0
39071,2026,6,16,22,103.0,20,26.0,1001.0,cv,2.67,0,0
39072,2026,6,16,23,114.0,20,26.0,1001.0,SE,4.02,0,0
39073,2026,6,17,0,176.0,20,26.0,1001.0,SE,7.15,0,0
39074,2026,6,17,1,221.0,20,26.0,1001.0,SE,11.17,0,0
39075,2026,6,17,2,225.0,16,21.0,1003.0,SE,18.32,0,0
39076,2026,6,17,3,84.0,16,19.0,1002.0,NE,3.13,0,1
39077,2026,6,17,4,13.0,17,19.0,1003.0,cv,1.79,0,2
39078,2026,6,17,5,20.0,17,19.0,1003.0,cv,2.68,0,3
39079,2026,6,17,6,28.0,18,19.0,1004.0,NE,1.79,0,0
39080,2026,6,17,7,29.0,18,20.0,1003.0,cv,0.89,0,0
39081,2026,6,17,8,24.0,18,20.0,1003.0,NW,3.13,0,0
39082,2026,6,17,9,32.0,18,21.0,1003.0,NE,1.79,0,0
39083,2026,6,17,10,40.0,18,22.0,1003.0,cv,0.89,0,0
39084,2026,6,17,11,47.0,19,23.0,1003.0,SE,1.79,0,0
39085,2026,6,17,12,49.0,19,24.0,1002.0,SE,3.58,0,0
39086,2026,6,17,13,77.0,19,25.0,1002.0,SE,6.71,0,0
39087,2026,6,17,14,103.0,19,26.0,1002.0,SE,8.5,0,0
39088,2026,6,17,15,119.0,20,27.0,1001.0,SE,11.63,0,0
39089,2026,6,17,16,132.0,20,26.0,1001.0,SE,13.42,0,1
39090,2026,6,17,17,148.0,20,24.0,1001.0,SE,16.55,0,2
39091,2026,6,17,18,38.0,18,20.0,1001.0,SE,19.68,0,3
39092,2026,6,17,19,60.0,19,20.0,1002.0,SE,22.81,0,0
39093,2026,6,17,20,76.0,18,20.0,1002.0,cv,0.89,0,0
39094,2026,6,17,21,56.0,18,19.0,1003.0,cv,1.78,0,0
39095,2026,6,17,22,62.0,18,19.0,1003.0,cv,2.23,0,0
39096,2026,6,17,23,63.0,18,19.0,1004.0,cv,3.12,0,0
39097,2026,6,18,0,75.0,17,19.0,1004.0,NE,1.79,0,0
39098,2026,6,18,1,67.0,17,19.0,1003.0,NW,1.79,0,0
39099,2026,6,18,2,74.0,17,18.0,1003.0,cv,0.89,0,0
39100,2026,6,18,3,71.0,17,18.0,1004.0,cv,1.78,0,0
39101,2026,6,18,4,76.0,18,19.0,1003.0,cv,2.23,0,0
39102,2026,6,18,5,79.0,17,18.0,1004.0,NW,3.13,0,0
39103,2026,6,18,6,82.0,18,19.0,1004.0,cv,0.89,0,0
39104,2026,6,18,7,53.0,17,20.0,1004.0,NW,3.13,0,0
39105,2026,6,18,8,46.0,18,21.0,1004.0,NW,7.15,0,0
39106,2026,6,18,9,46.0,18,25.0,1004.0,NW,8.94,0,0
39107,2026,6,18,10,45.0,18,26.0,1004.0,cv,1.79,0,0
39108,2026,6,18,11,24.0,16,28.0,1003.0,NE,1.79,0,0
39109,2026,6,18,12,11.0,15,29.0,1003.0,cv,0.89,0,0
39110,2026,6,18,13,22.0,14,29.0,1002.0,cv,4.02,0,0
39111,2026,6,18,14,,16,30.0,1001.0,cv,5.81,0,0
39112,2026,6,18,15,47.0,16,31.0,1001.0,SE,3.13,0,0
39113,2026,6,18,16,,16,31.0,1000.0,SE,7.15,0,0
39114,2026,6,18,17,,17,30.0,1000.0,SE,11.17,0,0
39115,2026,6,18,18,83.0,18,29.0,1000.0,SE,16.09,0,0
39116,2026,6,18,19,77.0,19,28.0,1001.0,SE,21.01,0,0
39117,2026,6,18,20,80.0,18,26.0,1001.0,SE,24.14,0,0
39118,2026,6,18,21,108.0,19,26.0,1003.0,SE,27.27,0,0
39119,2026,6,18,22,121.0,19,25.0,1003.0,SE,30.4,0,0
39120,2026,6,18,23,144.0,19,24.0,1003.0,cv,0.89,0,0
39121,2026,6,19,0,143.0,20,22.0,1002.0,SE,0.89,0,0
39122,2026,6,19,1,151.0,19,22.0,1003.0,cv,0.89,0,0
39123,2026,6,19,2,153.0,19,21.0,1003.0,cv,1.78,0,0
39124,2026,6,19,3,146.0,19,21.0,1003.0,NE,1.79,0,0
39125,2026,6,19,4,141.0,19,20.0,1003.0,cv,0.89,0,0
39126,2026,6,19,5,151.0,19,20.0,1003.0,NW,0.89,0,0
39127,2026,6,19,6,158.0,19,21.0,1004.0,cv,0.89,0,0
39128,2026,6,19,7,119.0,19,23.0,1005.0,cv,1.78,0,0
39129,2026,6,19,8,137.0,19,24.0,1005.0,SE,3.13,0,0
39130,2026,6,19,9,191.0,19,25.0,1005.0,SE,7.15,0,0
39131,2026,6,19,10,200.0,19,26.0,1005.0,SE,11.17,0,0
39132,2026,6,19,11,200.0,19,26.0,1005.0,SE,15.19,0,0
39133,2026,6,19,12,181.0,18,26.0,1005.0,SE,19.21,0,0
39134,2026,6,19,13,116.0,18,27.0,1005.0,SE,23.23,0,0
39135,2026,6,19,14,106.0,19,27.0,1004.0,SE,27.25,0,0
39136,2026,6,19,15,114.0,19,26.0,1005.0,SE,32.17,0,0
39137,2026,6,19,16,109.0,19,26.0,1005.0,SE,36.19,0,0
39138,2026,6,19,17,87.0,19,25.0,1004.0,SE,39.32,0,0
39139,2026,6,19,18,65.0,18,25.0,1004.0,SE,42.45,0,0
39140,2026,6,19,19,71.0,18,24.0,1005.0,SE,45.58,0,0
39141,2026,6,19,20,79.0,18,24.0,1005.0,SE,47.37,0,0
39142,2026,6,19,21,73.0,18,23.0,1006.0,SE,49.16,0,0
39143,2026,6,19,22,72.0,18,23.0,1006.0,cv,0.89,0,0
39144,2026,6,19,23,74.0,17,23.0,1006.0,cv,1.78,0,1
39145,2026,6,20,0,78.0,18,22.0,1006.0,SE,1.79,0,0
39146,2026,6,20,1,89.0,18,21.0,1007.0,SE,4.92,0,1
39147,2026,6,20,2,86.0,17,20.0,1007.0,SE,8.05,0,2
39148,2026,6,20,3,59.0,18,20.0,1007.0,cv,0.89,0,3
39149,2026,6,20,4,39.0,18,19.0,1007.0,cv,1.34,0,4
39150,2026,6,20,5,48.0,18,19.0,1007.0,SE,1.79,0,5
39151,2026,6,20,6,41.0,18,19.0,1007.0,NE,1.79,0,6
39152,2026,6,20,7,63.0,18,19.0,1008.0,NW,3.13,0,7
39153,2026,6,20,8,59.0,18,20.0,1008.0,NW,4.92,0,8
39154,2026,6,20,9,35.0,18,20.0,1008.0,NW,8.94,0,0
39155,2026,6,20,10,22.0,18,22.0,1008.0,NW,12.07,0,0
39156,2026,6,20,11,13.0,18,25.0,1007.0,NW,15.2,0,0
39157,2026,6,20,12,19.0,17,27.0,1007.0,NW,16.99,0,0
39158,2026,6,20,13,12.0,17,26.0,1007.0,SE,3.13,0,0
39159,2026,6,20,14,10.0,16,27.0,1006.0,cv,3.13,0,0
39160,2026,6,20,15,11.0,16,28.0,1006.0,SE,3.13,0,0
39161,2026,6,20,16,17.0,16,28.0,1005.0,cv,1.79,0,0
39162,2026,6,20,17,20.0,17,27.0,1005.0,SE,1.79,0,0
39163,2026,6,20,18,20.0,17,27.0,1006.0,SE,4.92,0,0
39164,2026,6,20,19,38.0,18,25.0,1007.0,SE,9.84,0,0
39165,2026,6,20,20,61.0,18,23.0,1007.0,SE,12.97,0,0
39166,2026,6,20,21,94.0,18,23.0,1008.0,SE,14.76,0,0
39167,2026,6,20,22,89.0,18,22.0,1008.0,SE,16.55,0,0
39168,2026,6,20,23,82.0,18,22.0,1009.0,SE,18.34,0,0
39169,2026,6,21,0,74.0,18,21.0,1009.0,SE,19.23,0,0
39170,2026,6,21,1,70.0,18,20.0,1009.0,SE,20.12,0,0
39171,2026,6,21,2,70.0,18,20.0,1009.0,SE,21.01,0,0
39172,2026,6,21,3,71.0,18,20.0,1009.0,SE,21.9,0,0
39173,2026,6,21,4,76.0,18,20.0,1008.0,SE,23.69,0,0
39174,2026,6,21,5,72.0,18,20.0,1009.0,cv,0.89,0,0
39175,2026,6,21,6,60.0,18,20.0,1009.0,cv,1.78,0,0
39176,2026,6,21,7,64.0,18,21.0,1009.0,SE,0.89,0,0
39177,2026,6,21,8,73.0,18,21.0,1010.0,SE,2.68,0,0
39178,2026,6,21,9,70.0,18,22.0,1010.0,cv,0.89,0,0
39179,2026,6,21,10,74.0,17,24.0,1010.0,SE,1.79,0,0
39180,2026,6,21,11,57.0,17,24.0,1009.0,SE,3.58,0,0
39181,2026,6,21,12,62.0,17,26.0,1009.0,cv,1.79,0,0
39182,2026,6,21,13,61.0,17,27.0,1008.0,SE,1.79,0,0
39183,2026,6,21,14,54.0,17,27.0,1007.0,SE,4.92,0,0
39184,2026,6,21,15,51.0,16,28.0,1007.0,SE,8.05,0,0
39185,2026,6,21,16,53.0,15,28.0,1007.0,SE,9.84,0,0
39186,2026,6,21,17,57.0,16,27.0,1006.0,SE,12.97,0,0
39187,2026,6,21,18,66.0,15,27.0,1007.0,SE,16.1,0,0
39188,2026,6,21,19,66.0,13,24.0,1008.0,NW,8.94,0,0
39189,2026,6,21,20,15.0,16,20.0,1008.0,SE,4.02,0,1
39190,2026,6,21,21,18.0,17,19.0,1008.0,NW,1.79,0,2
39191,2026,6,21,22,18.0,17,19.0,1009.0,NW,6.71,0,3
39192,2026,6,21,23,15.0,17,19.0,1009.0,NW,8.5,0,4
39193,2026,6,22,0,16.0,17,19.0,1009.0,NW,10.29,0,0
39194,2026,6,22,1,18.0,16,18.0,1009.0,NW,12.08,0,0
39195,2026,6,22,2,23.0,17,18.0,1009.0,cv,0.89,0,0
39196,2026,6,22,3,23.0,17,19.0,1009.0,cv,1.78,0,0
39197,2026,6,22,4,23.0,17,18.0,1009.0,NW,0.89,0,0
39198,2026,6,22,5,15.0,17,18.0,1009.0,NW,2.68,0,0
39199,2026,6,22,6,18.0,17,19.0,1009.0,NW,4.47,0,0
39200,2026,6,22,7,20.0,18,20.0,1009.0,NW,6.26,0,0
39201,2026,6,22,8,38.0,18,23.0,1010.0,NW,8.05,0,0
39202,2026,6,22,9,51.0,19,24.0,1010.0,cv,0.89,0,0
39203,2026,6,22,10,49.0,18,25.0,1010.0,cv,1.78,0,0
39204,2026,6,22,11,51.0,18,26.0,1009.0,cv,3.57,0,0
39205,2026,6,22,12,40.0,17,27.0,1009.0,cv,4.46,0,0
39206,2026,6,22,13,50.0,18,27.0,1008.0,SE,1.79,0,0
39207,2026,6,22,14,50.0,17,28.0,1007.0,SE,4.92,0,0
39208,2026,6,22,15,38.0,17,28.0,1007.0,cv,3.13,0,0
39209,2026,6,22,16,36.0,15,29.0,1006.0,SE,3.13,0,0
39210,2026,6,22,17,41.0,17,28.0,1007.0,NE,4.92,0,0
39211,2026,6,22,18,34.0,14,25.0,1008.0,NE,9.84,0,0
39212,2026,6,22,19,13.0,16,22.0,1008.0,SE,4.02,0,0
39213,2026,6,22,20,29.0,17,21.0,1009.0,cv,0.89,0,0
39214,2026,6,22,21,34.0,17,20.0,1010.0,cv,1.78,0,0
39215,2026,6,22,22,39.0,17,20.0,1010.0,cv,2.67,0,0
39216,2026,6,22,23,42.0,16,20.0,1009.0,cv,3.56,0,0
39217,2026,6,23,0,36.0,16,20.0,1009.0,NW,4.02,0,0
39218,2026,6,23,1,31.0,16,19.0,1009.0,NW,7.15,0,0
39219,2026,6,23,2,25.0,16,18.0,1009.0,NW,8.94,0,0
39220,2026,6,23,3,27.0,16,18.0,1009.0,NW,12.07,0,0
39221,2026,6,23,4,23.0,16,18.0,1009.0,NW,15.2,0,0
39222,2026,6,23,5,21.0,16,18.0,1009.0,NW,19.22,0,0
39223,2026,6,23,6,25.0,16,20.0,1010.0,NW,23.24,0,0
39224,2026,6,23,7,18.0,16,22.0,1010.0,NW,26.37,0,0
39225,2026,6,23,8,18.0,16,24.0,1010.0,NW,30.39,0,0
39226,2026,6,23,9,15.0,16,26.0,1009.0,NW,35.31,0,0
39227,2026,6,23,10,19.0,15,28.0,1009.0,NW,38.44,0,0
39228,2026,6,23,11,8.0,15,29.0,1009.0,cv,1.79,0,0
39229,2026,6,23,12,16.0,15,30.0,1008.0,NW,1.79,0,0
39230,2026,6,23,13,17.0,15,31.0,1008.0,cv,1.79,0,0
39231,2026,6,23,14,18.0,14,30.0,1007.0,SE,3.13,0,0
39232,2026,6,23,15,17.0,14,31.0,1006.0,SE,6.26,0,0
39233,2026,6,23,16,16.0,13,31.0,1006.0,SE,8.05,0,0
39234,2026,6,23,17,26.0,12,31.0,1005.0,cv,1.79,0,0
39235,2026,6,23,18,24.0,14,30.0,1005.0,SE,3.13,0,0
39236,2026,6,23,19,28.0,14,29.0,1005.0,SE,6.26,0,0
39237,2026,6,23,20,27.0,14,26.0,1005.0,SE,8.05,0,0
39238,2026,6,23,21,34.0,15,25.0,1006.0,SE,8.94,0,0
39239,2026,6,23,22,28.0,16,25.0,1006.0,SE,10.73,0,0
39240,2026,6,23,23,29.0,16,25.0,1006.0,SE,12.52,0,0
39241,2026,6,24,0,43.0,16,22.0,1006.0,SE,14.31,0,0
39242,2026,6,24,1,44.0,17,22.0,1006.0,SE,15.2,0,0
39243,2026,6,24,2,50.0,17,20.0,1005.0,NE,1.79,0,0
39244,2026,6,24,3,59.0,17,21.0,1005.0,NE,2.68,0,0
39245,2026,6,24,4,66.0,18,20.0,1005.0,NE,3.57,0,0
39246,2026,6,24,5,66.0,18,19.0,1005.0,cv,0.45,0,0
39247,2026,6,24,6,66.0,17,20.0,1006.0,NW,0.89,0,0
39248,2026,6,24,7,63.0,18,23.0,1006.0,cv,0.89,0,0
39249,2026,6,24,8,64.0,18,25.0,1006.0,SE,1.79,0,0
39250,2026,6,24,9,68.0,18,28.0,1006.0,cv,0.89,0,0
39251,2026,6,24,10,64.0,18,29.0,1005.0,cv,2.68,0,0
39252,2026,6,24,11,50.0,18,30.0,1005.0,cv,3.57,0,0
39253,2026,6,24,12,47.0,16,30.0,1004.0,SE,4.02,0,0
39254,2026,6,24,13,37.0,17,30.0,1004.0,SE,8.04,0,0
39255,2026,6,24,14,40.0,17,31.0,1003.0,SE,12.06,0,0
39256,2026,6,24,15,47.0,16,31.0,1003.0,SE,16.08,0,0
39257,2026,6,24,16,54.0,17,31.0,1002.0,SE,20.1,0,0
39258,2026,6,24,17,48.0,16,30.0,1002.0,SE,24.12,0,0
39259,2026,6,24,18,47.0,16,30.0,1002.0,SE,27.25,0,0
39260,2026,6,24,19,41.0,16,30.0,1002.0,SE,29.04,0,0
39261,2026,6,24,20,50.0,16,28.0,1003.0,SE,30.83,0,0
39262,2026,6,24,21,57.0,16,27.0,1003.0,SE,32.62,0,0
39263,2026,6,24,22,64.0,16,27.0,1004.0,SE,34.41,0,0
39264,2026,6,24,23,54.0,17,26.0,1003.0,SE,37.54,0,0
39265,2026,6,25,0,52.0,17,26.0,1003.0,SE,40.67,0,0
39266,2026,6,25,1,54.0,17,25.0,1003.0,SE,42.46,0,0
39267,2026,6,25,2,62.0,17,24.0,1003.0,SE,43.35,0,0
39268,2026,6,25,3,58.0,18,23.0,1002.0,SE,45.14,0,0
39269,2026,6,25,4,69.0,18,23.0,1002.0,SE,46.03,0,0
39270,2026,6,25,5,77.0,18,23.0,1002.0,cv,0.89,0,0
39271,2026,6,25,6,89.0,18,23.0,1002.0,cv,1.78,0,0
39272,2026,6,25,7,90.0,18,24.0,1003.0,SE,1.79,0,0
39273,2026,6,25,8,86.0,18,25.0,1003.0,SE,3.58,0,0
39274,2026,6,25,9,74.0,18,26.0,1003.0,SE,5.37,0,0
39275,2026,6,25,10,74.0,18,26.0,1004.0,SE,8.5,0,0
39276,2026,6,25,11,75.0,18,26.0,1004.0,SE,11.63,0,0
39277,2026,6,25,12,85.0,19,27.0,1004.0,SE,14.76,0,0
39278,2026,6,25,13,93.0,19,27.0,1004.0,SE,17.89,0,0
39279,2026,6,25,14,96.0,19,27.0,1003.0,SE,22.81,0,0
39280,2026,6,25,15,109.0,20,26.0,1003.0,SE,27.73,0,0
39281,2026,6,25,16,98.0,19,26.0,1002.0,SE,33.54,0,0
39282,2026,6,25,17,113.0,20,25.0,1003.0,SE,36.67,0,0
39283,2026,6,25,18,128.0,20,24.0,1003.0,SE,39.8,0,0
39284,2026,6,25,19,117.0,20,24.0,1003.0,SE,42.93,0,0
39285,2026,6,25,20,116.0,20,24.0,1003.0,SE,44.72,0,0
39286,2026,6,25,21,127.0,20,23.0,1004.0,SE,46.51,0,0
39287,2026,6,25,22,133.0,20,24.0,1004.0,SE,48.3,0,0
39288,2026,6,25,23,150.0,20,23.0,1004.0,SE,53.22,0,0
39289,2026,6,26,0,159.0,21,23.0,1004.0,SE,56.35,0,0
39290,2026,6,26,1,185.0,20,23.0,1004.0,SE,58.14,0,0
39291,2026,6,26,2,178.0,21,23.0,1003.0,SE,59.93,0,0
39292,2026,6,26,3,193.0,20,23.0,1003.0,SE,61.72,0,0
39293,2026,6,26,4,191.0,21,23.0,1003.0,cv,0.89,0,0
39294,2026,6,26,5,199.0,21,23.0,1003.0,SE,0.89,0,0
39295,2026,6,26,6,196.0,21,23.0,1003.0,SE,1.78,0,0
39296,2026,6,26,7,190.0,21,23.0,1003.0,cv,0.89,0,0
39297,2026,6,26,8,168.0,21,24.0,1004.0,cv,2.68,0,0
39298,2026,6,26,9,128.0,21,27.0,1003.0,cv,3.57,0,0
39299,2026,6,26,10,100.0,21,28.0,1003.0,cv,4.46,0,0
39300,2026,6,26,11,91.0,21,29.0,1003.0,cv,5.35,0,0
39301,2026,6,26,12,87.0,20,31.0,1003.0,cv,7.14,0,0
39302,2026,6,26,13,73.0,19,33.0,1002.0,cv,8.93,0,0
39303,2026,6,26,14,62.0,19,33.0,1001.0,SE,3.13,0,0
39304,2026,6,26,15,66.0,19,33.0,1001.0,cv,1.79,0,0
39305,2026,6,26,16,106.0,20,33.0,1001.0,SE,1.79,0,0
39306,2026,6,26,17,95.0,19,31.0,1001.0,NE,4.02,0,0
39307,2026,6,26,18,93.0,20,28.0,1001.0,SE,3.13,0,0
39308,2026,6,26,19,75.0,21,28.0,1002.0,SE,4.92,0,0
39309,2026,6,26,20,62.0,21,27.0,1003.0,cv,0.89,0,0
39310,2026,6,26,21,61.0,21,26.0,1004.0,NE,0.89,0,0
39311,2026,6,26,22,68.0,21,26.0,1005.0,NE,2.68,0,0
39312,2026,6,26,23,75.0,20,25.0,1005.0,NE,4.47,0,0
39313,2026,6,27,0,62.0,19,23.0,1005.0,NW,4.02,0,0
39314,2026,6,27,1,31.0,17,23.0,1005.0,NW,8.04,0,0
39315,2026,6,27,2,39.0,16,23.0,1005.0,NW,12.06,0,0
39316,2026,6,27,3,46.0,15,22.0,1005.0,NW,15.19,0,0
39317,2026,6,27,4,17.0,15,22.0,1005.0,cv,0.89,0,0
39318,2026,6,27,5,6.0,15,21.0,1007.0,NE,1.79,0,0
39319,2026,6,27,6,4.0,17,23.0,1007.0,NW,1.79,0,0
39320,2026,6,27,7,4.0,16,27.0,1008.0,NW,3.58,0,0
39321,2026,6,27,8,15.0,15,29.0,1008.0,NW,5.37,0,0
39322,2026,6,27,9,10.0,14,30.0,1008.0,NW,10.29,0,0
39323,2026,6,27,10,16.0,13,31.0,1008.0,NW,15.21,0,0
39324,2026,6,27,11,7.0,11,32.0,1007.0,NW,20.13,0,0
39325,2026,6,27,12,11.0,11,32.0,1007.0,cv,4.02,0,0
39326,2026,6,27,13,12.0,11,34.0,1006.0,NE,4.92,0,0
39327,2026,6,27,14,7.0,9,34.0,1006.0,NE,8.94,0,0
39328,2026,6,27,15,10.0,10,34.0,1005.0,NE,12.07,0,0
39329,2026,6,27,16,11.0,10,34.0,1005.0,SE,3.13,0,0
39330,2026,6,27,17,13.0,10,33.0,1005.0,SE,6.26,0,0
39331,2026,6,27,18,13.0,10,32.0,1005.0,SE,8.05,0,0
39332,2026,6,27,19,11.0,11,31.0,1005.0,SE,11.18,0,0
39333,2026,6,27,20,18.0,10,30.0,1006.0,SE,14.31,0,0
39334,2026,6,27,21,27.0,12,30.0,1006.0,SE,17.44,0,0
39335,2026,6,27,22,32.0,13,29.0,1006.0,SE,19.23,0,0
39336,2026,6,27,23,25.0,15,24.0,1006.0,NE,1.79,0,0
39337,2026,6,28,0,28.0,14,24.0,1007.0,NW,1.79,0,0
39338,2026,6,28,1,22.0,14,27.0,1006.0,NW,4.92,0,0
39339,2026,6,28,2,35.0,13,23.0,1006.0,NW,8.94,0,0
39340,2026,6,28,3,32.0,13,21.0,1006.0,NW,12.07,0,0
39341,2026,6,28,4,28.0,13,18.0,1006.0,NW,15.2,0,0
39342,2026,6,28,5,22.0,14,19.0,1007.0,NW,18.33,0,0
39343,2026,6,28,6,17.0,14,22.0,1007.0,NW,22.35,0,0
39344,2026,6,28,7,26.0,14,25.0,1007.0,NW,26.37,0,0
39345,2026,6,28,8,24.0,13,28.0,1007.0,NW,30.39,0,0
39346,2026,6,28,9,17.0,12,30.0,1006.0,NW,33.52,0,0
39347,2026,6,28,10,16.0,13,33.0,1006.0,NW,36.65,0,0
39348,2026,6,28,11,13.0,13,35.0,1006.0,NW,40.67,0,0
39349,2026,6,28,12,14.0,11,36.0,1005.0,NW,45.59,0,0
39350,2026,6,28,13,9.0,11,36.0,1005.0,NW,49.61,0,0
39351,2026,6,28,14,15.0,11,37.0,1004.0,NW,52.74,0,0
39352,2026,6,28,15,15.0,11,38.0,1004.0,cv,3.13,0,0
39353,2026,6,28,16,15.0,12,36.0,1003.0,NE,3.13,0,0
39354,2026,6,28,17,6.0,11,35.0,1003.0,SE,3.13,0,0
39355,2026,6,28,18,15.0,14,34.0,1003.0,SE,6.26,0,0
39356,2026,6,28,19,15.0,15,33.0,1003.0,SE,8.05,0,0
39357,2026,6,28,20,26.0,13,32.0,1004.0,cv,1.79,0,0
39358,2026,6,28,21,21.0,15,29.0,1005.0,cv,2.68,0,0
39359,2026,6,28,22,25.0,15,28.0,1005.0,cv,3.57,0,0
39360,2026,6,28,23,28.0,17,25.0,1005.0,SE,0.89,0,0
39361,2026,6,29,0,30.0,16,25.0,1006.0,NE,1.79,0,0
39362,2026,6,29,1,54.0,17,25.0,1006.0,cv,0.89,0,0
39363,2026,6,29,2,43.0,17,23.0,1006.0,cv,1.78,0,0
39364,2026,6,29,3,32.0,17,22.0,1006.0,cv,2.67,0,0
39365,2026,6,29,4,37.0,17,21.0,1006.0,NE,0.89,0,0
39366,2026,6,29,5,30.0,16,21.0,1006.0,cv,0.89,0,0
39367,2026,6,29,6,26.0,17,24.0,1007.0,NW,1.79,0,0
39368,2026,6,29,7,50.0,17,26.0,1007.0,NE,1.79,0,0
39369,2026,6,29,8,77.0,16,29.0,1007.0,cv,1.79,0,0
39370,2026,6,29,9,45.0,17,28.0,1007.0,cv,3.58,0,0
39371,2026,6,29,10,36.0,16,30.0,1007.0,cv,4.47,0,0
39372,2026,6,29,11,48.0,16,33.0,1007.0,cv,5.36,0,0
39373,2026,6,29,12,60.0,16,33.0,1006.0,SE,3.13,0,0
39374,2026,6,29,13,48.0,14,33.0,1006.0,SE,6.26,0,0
39375,2026,6,29,14,59.0,16,33.0,1005.0,SE,9.39,0,0
39376,2026,6,29,15,61.0,15,34.0,1005.0,SE,13.41,0,0
39377,2026,6,29,16,59.0,15,35.0,1004.0,SE,16.54,0,0
39378,2026,6,29,17,31.0,13,34.0,1004.0,SE,20.56,0,0
39379,2026,6,29,18,39.0,15,33.0,1004.0,SE,24.58,0,0
39380,2026,6,29,19,33.0,14,32.0,1004.0,SE,26.37,0,0
39381,2026,6,29,20,62.0,16,30.0,1004.0,SE,28.16,0,0
39382,2026,6,29,21,59.0,16,29.0,1005.0,SE,29.95,0,0
39383,2026,6,29,22,66.0,17,27.0,1006.0,SE,31.74,0,0
39384,2026,6,29,23,69.0,17,28.0,1006.0,SE,34.87,0,0
39385,2026,6,30,0,70.0,18,25.0,1006.0,cv,0.89,0,0
39386,2026,6,30,1,67.0,19,25.0,1006.0,cv,1.78,0,0
39387,2026,6,30,2,59.0,19,25.0,1006.0,cv,2.23,0,0
39388,2026,6,30,3,68.0,18,24.0,1006.0,NE,0.89,0,0
39389,2026,6,30,4,84.0,18,23.0,1006.0,NE,1.78,0,0
39390,2026,6,30,5,104.0,18,23.0,1006.0,NW,0.89,0,0
39391,2026,6,30,6,94.0,19,25.0,1007.0,NW,2.68,0,0
39392,2026,6,30,7,80.0,18,27.0,1007.0,NE,0.89,0,0
39393,2026,6,30,8,65.0,19,28.0,1007.0,cv,0.89,0,0
39394,2026,6,30,9,61.0,19,28.0,1007.0,cv,1.78,0,0
39395,2026,6,30,10,64.0,18,30.0,1007.0,cv,3.57,0,0
39396,2026,6,30,11,71.0,19,31.0,1007.0,cv,5.36,0,0
39397,2026,6,30,12,93.0,18,33.0,1006.0,cv,7.15,0,0
39398,2026,6,30,13,104.0,17,34.0,1005.0,SE,3.13,0,0
39399,2026,6,30,14,95.0,18,35.0,1005.0,SE,7.15,0,0
39400,2026,6,30,15,74.0,17,35.0,1004.0,SE,12.07,0,0
39401,2026,6,30,16,72.0,15,34.0,1004.0,SE,16.99,0,0
39402,2026,6,30,17,51.0,15,34.0,1004.0,SE,21.01,0,0
39403,2026,6,30,18,54.0,13,34.0,1003.0,SE,25.03,0,0
39404,2026,6,30,19,40.0,12,33.0,1004.0,SE,29.05,0,0
39405,2026,6,30,20,45.0,14,32.0,1004.0,SE,34.86,0,0
39406,2026,6,30,21,51.0,13,31.0,1005.0,SE,38.88,0,0
39407,2026,6,30,22,59.0,14,30.0,1005.0,SE,42.01,0,0
39408,2026,6,30,23,57.0,15,28.0,1005.0,SE,43.8,0,0
39409,2026,7,1,0,59.0,15,28.0,1005.0,SE,46.93,0,0
39410,2026,7,1,1,58.0,16,26.0,1005.0,SE,48.72,0,0
39411,2026,7,1,2,59.0,16,27.0,1005.0,SE,51.85,0,0
39412,2026,7,1,3,63.0,17,26.0,1005.0,SE,53.64,0,0
39413,2026,7,1,4,76.0,17,24.0,1005.0,SE,55.43,0,0
39414,2026,7,1,5,86.0,18,24.0,1005.0,SE,57.22,0,0
39415,2026,7,1,6,100.0,18,25.0,1005.0,cv,0.89,0,0
39416,2026,7,1,7,108.0,18,26.0,1006.0,cv,1.78,0,0
39417,2026,7,1,8,108.0,19,27.0,1006.0,SE,3.13,0,0
39418,2026,7,1,9,101.0,19,29.0,1006.0,SE,4.92,0,0
39419,2026,7,1,10,105.0,18,30.0,1006.0,SE,6.71,0,0
39420,2026,7,1,11,105.0,17,31.0,1006.0,SE,9.84,0,0
39421,2026,7,1,12,102.0,18,31.0,1005.0,SE,12.97,0,0
39422,2026,7,1,13,116.0,19,31.0,1004.0,SE,16.99,0,0
39423,2026,7,1,14,124.0,20,31.0,1004.0,SE,21.01,0,0
39424,2026,7,1,15,122.0,21,31.0,1003.0,SE,25.03,0,0
39425,2026,7,1,16,122.0,21,31.0,1003.0,SE,29.05,0,0
39426,2026,7,1,17,121.0,21,31.0,1002.0,SE,33.07,0,0
39427,2026,7,1,18,141.0,21,31.0,1002.0,SE,36.2,0,0
39428,2026,7,1,19,163.0,22,30.0,1002.0,SE,39.33,0,0
39429,2026,7,1,20,168.0,21,28.0,1002.0,SE,43.35,0,0
39430,2026,7,1,21,149.0,22,28.0,1002.0,SE,48.27,0,0
39431,2026,7,1,22,66.0,20,21.0,1005.0,NW,5.81,0,2
39432,2026,7,1,23,48.0,20,21.0,1005.0,cv,0.89,0,4
39433,2026,7,2,0,27.0,20,21.0,1005.0,cv,1.78,0,6
39434,2026,7,2,1,30.0,20,21.0,1004.0,cv,2.67,0,7
39435,2026,7,2,2,34.0,20,21.0,1004.0,NE,1.79,0,0
39436,2026,7,2,3,43.0,20,21.0,1004.0,NE,2.68,0,0
39437,2026,7,2,4,45.0,20,21.0,1003.0,cv,0.89,0,1
39438,2026,7,2,5,65.0,20,21.0,1003.0,NW,0.89,0,2
39439,2026,7,2,6,59.0,20,21.0,1004.0,SE,0.89,0,0
39440,2026,7,2,7,58.0,20,21.0,1004.0,SE,2.68,0,0
39441,2026,7,2,8,57.0,20,22.0,1004.0,cv,0.89,0,1
39442,2026,7,2,9,52.0,21,22.0,1004.0,SE,0.89,0,2
39443,2026,7,2,10,33.0,21,23.0,1004.0,cv,0.89,0,0
39444,2026,7,2,11,50.0,21,24.0,1004.0,SE,1.79,0,0
39445,2026,7,2,12,56.0,21,24.0,1003.0,SE,3.58,0,0
39446,2026,7,2,13,64.0,21,25.0,1003.0,cv,0.89,0,0
39447,2026,7,2,14,66.0,21,25.0,1002.0,cv,1.78,0,0
39448,2026,7,2,15,72.0,21,26.0,1002.0,cv,2.67,0,0
39449,2026,7,2,16,78.0,21,26.0,1002.0,cv,3.56,0,0
39450,2026,7,2,17,78.0,21,26.0,1001.0,SE,1.79,0,0
39451,2026,7,2,18,84.0,22,25.0,1001.0,SE,3.58,0,0
39452,2026,7,2,19,98.0,21,24.0,1002.0,SE,5.37,0,0
39453,2026,7,2,20,110.0,21,24.0,1002.0,SE,8.5,0,0
39454,2026,7,2,21,114.0,21,24.0,1003.0,SE,10.29,0,0
39455,2026,7,2,22,101.0,21,23.0,1003.0,cv,0.89,0,0
39456,2026,7,2,23,111.0,21,23.0,1003.0,cv,1.78,0,0
39457,2026,7,3,0,110.0,21,23.0,1001.0,SE,4.02,0,0
39458,2026,7,3,1,134.0,21,23.0,1001.0,SE,7.15,0,0
39459,2026,7,3,2,169.0,21,23.0,1001.0,SE,8.94,0,0
39460,2026,7,3,3,190.0,21,23.0,1001.0,SE,9.83,0,0
39461,2026,7,3,4,214.0,21,23.0,1001.0,cv,0.89,0,0
39462,2026,7,3,5,239.0,22,23.0,1002.0,cv,1.78,0,0
39463,2026,7,3,6,250.0,22,23.0,1002.0,SE,1.79,0,0
39464,2026,7,3,7,259.0,22,23.0,1002.0,SE,3.58,0,0
39465,2026,7,3,8,263.0,22,24.0,1002.0,SE,5.37,0,0
39466,2026,7,3,9,280.0,22,25.0,1002.0,SE,7.16,0,0
39467,2026,7,3,10,277.0,22,26.0,1002.0,SE,8.95,0,0
39468,2026,7,3,11,274.0,22,27.0,1001.0,SE,10.74,0,0
39469,2026,7,3,12,256.0,22,28.0,1001.0,cv,1.79,0,0
39470,2026,7,3,13,232.0,22,28.0,1001.0,SE,1.79,0,0
39471,2026,7,3,14,212.0,22,28.0,1000.0,SE,3.58,0,0
39472,2026,7,3,15,177.0,22,29.0,999.0,SE,5.37,0,0
39473,2026,7,3,16,175.0,22,30.0,1000.0,SE,8.5,0,0
39474,2026,7,3,17,167.0,22,29.0,1000.0,SE,10.29,0,0
39475,2026,7,3,18,161.0,22,29.0,1000.0,SE,13.42,0,0
39476,2026,7,3,19,150.0,23,28.0,1001.0,SE,15.21,0,0
39477,2026,7,3,20,153.0,22,28.0,1000.0,SE,18.34,0,0
39478,2026,7,3,21,206.0,23,26.0,1001.0,cv,0.89,0,0
39479,2026,7,3,22,237.0,23,25.0,1001.0,cv,1.78,0,0
39480,2026,7,3,23,250.0,23,25.0,1002.0,cv,2.67,0,0
39481,2026,7,4,0,295.0,23,25.0,1002.0,SE,1.79,0,0
39482,2026,7,4,1,291.0,23,24.0,1002.0,NE,0.89,0,0
39483,2026,7,4,2,299.0,23,24.0,1002.0,NW,0.89,0,0
39484,2026,7,4,3,303.0,23,24.0,1002.0,NW,1.78,0,0
39485,2026,7,4,4,293.0,22,24.0,1003.0,NW,2.67,0,0
39486,2026,7,4,5,281.0,22,24.0,1004.0,NW,3.56,0,0
39487,2026,7,4,6,259.0,23,24.0,1004.0,NW,6.69,0,0
39488,2026,7,4,7,226.0,23,25.0,1004.0,NW,9.82,0,0
39489,2026,7,4,8,201.0,22,26.0,1005.0,NE,1.79,0,0
39490,2026,7,4,9,185.0,22,28.0,1005.0,NW,3.13,0,0
39491,2026,7,4,10,153.0,23,30.0,1005.0,cv,0.89,0,0
39492,2026,7,4,11,145.0,23,31.0,1005.0,cv,1.78,0,0
39493,2026,7,4,12,152.0,22,32.0,1005.0,cv,3.57,0,0
39494,2026,7,4,13,137.0,23,31.0,1004.0,cv,5.36,0,0
39495,2026,7,4,14,137.0,23,34.0,1004.0,cv,7.15,0,0
39496,2026,7,4,15,139.0,23,33.0,1004.0,SE,4.02,0,0
39497,2026,7,4,16,178.0,23,32.0,1004.0,SE,8.04,0,0
39498,2026,7,4,17,200.0,24,30.0,1004.0,SE,12.06,0,0
39499,2026,7,4,18,213.0,23,29.0,1005.0,SE,16.98,0,0
39500,2026,7,4,19,148.0,22,28.0,1005.0,SE,21.0,0,0
39501,2026,7,4,20,194.0,22,27.0,1005.0,SE,22.79,0,0
39502,2026,7,4,21,172.0,21,26.0,1007.0,SE,25.92,0,0
39503,2026,7,4,22,151.0,22,26.0,1007.0,SE,27.71,0,0
39504,2026,7,4,23,156.0,22,25.0,1007.0,NE,1.79,0,0
39505,2026,7,5,0,168.0,22,25.0,1007.0,SE,0.89,0,0
39506,2026,7,5,1,172.0,21,24.0,1007.0,cv,0.89,0,0
39507,2026,7,5,2,174.0,21,23.0,1007.0,cv,1.78,0,0
39508,2026,7,5,3,169.0,21,24.0,1007.0,cv,2.67,0,0
39509,2026,7,5,4,158.0,21,23.0,1007.0,cv,3.56,0,0
39510,2026,7,5,5,152.0,21,23.0,1007.0,SE,1.79,0,0
39511,2026,7,5,6,149.0,22,23.0,1007.0,NE,0.89,0,0
39512,2026,7,5,7,148.0,22,24.0,1008.0,SE,1.79,0,0
39513,2026,7,5,8,125.0,22,25.0,1008.0,SE,3.58,0,0
39514,2026,7,5,9,112.0,23,26.0,1008.0,SE,5.37,0,0
39515,2026,7,5,10,105.0,23,27.0,1008.0,SE,8.5,0,0
39516,2026,7,5,11,114.0,23,29.0,1008.0,SE,10.29,0,0
39517,2026,7,5,12,96.0,22,29.0,1007.0,SE,12.08,0,0
39518,2026,7,5,13,80.0,22,30.0,1007.0,SE,15.21,0,0
39519,2026,7,5,14,71.0,22,31.0,1006.0,SE,18.34,0,0
39520,2026,7,5,15,67.0,22,31.0,1006.0,SE,21.47,0,0
39521,2026,7,5,16,74.0,21,31.0,1005.0,cv,4.02,0,0
39522,2026,7,5,17,70.0,21,31.0,1005.0,SE,4.02,0,0
39523,2026,7,5,18,77.0,21,30.0,1005.0,SE,7.15,0,0
39524,2026,7,5,19,77.0,22,29.0,1005.0,SE,11.17,0,0
39525,2026,7,5,20,91.0,22,28.0,1005.0,SE,12.96,0,0
39526,2026,7,5,21,107.0,22,27.0,1006.0,SE,14.75,0,0
39527,2026,7,5,22,157.0,22,27.0,1006.0,SE,15.64,0,0
39528,2026,7,5,23,184.0,23,26.0,1006.0,SE,17.43,0,0
39529,2026,7,6,0,182.0,23,26.0,1006.0,SE,20.56,0,0
39530,2026,7,6,1,207.0,23,26.0,1005.0,SE,23.69,0,0
39531,2026,7,6,2,233.0,23,25.0,1005.0,SE,25.48,0,0
39532,2026,7,6,3,212.0,23,25.0,1005.0,SE,28.61,0,0
39533,2026,7,6,4,209.0,22,24.0,1005.0,SE,30.4,0,0
39534,2026,7,6,5,237.0,22,24.0,1005.0,SE,33.53,0,0
39535,2026,7,6,6,252.0,23,24.0,1006.0,SE,35.32,0,0
39536,2026,7,6,7,233.0,23,25.0,1006.0,SE,37.11,0,0
39537,2026,7,6,8,240.0,22,25.0,1006.0,SE,40.24,0,0
39538,2026,7,6,9,218.0,23,26.0,1006.0,SE,42.03,0,0
39539,2026,7,6,10,217.0,22,27.0,1006.0,SE,43.82,0,0
39540,2026,7,6,11,196.0,23,28.0,1006.0,SE,46.95,0,0
39541,2026,7,6,12,180.0,23,29.0,1005.0,SE,50.08,0,0
39542,2026,7,6,13,157.0,23,30.0,1005.0,SE,51.87,0,0
39543,2026,7,6,14,153.0,23,30.0,1004.0,SE,55.0,0,0
39544,2026,7,6,15,153.0,24,30.0,1004.0,SE,58.13,0,0
39545,2026,7,6,16,150.0,24,30.0,1004.0,SE,62.15,0,0
39546,2026,7,6,17,158.0,24,30.0,1003.0,SE,66.17,0,0
39547,2026,7,6,18,168.0,23,30.0,1003.0,SE,69.3,0,0
39548,2026,7,6,19,167.0,23,29.0,1004.0,SE,72.43,0,0
39549,2026,7,6,20,184.0,23,28.0,1004.0,SE,74.22,0,0
39550,2026,7,6,21,194.0,23,28.0,1005.0,SE,76.01,0,0
39551,2026,7,6,22,181.0,23,27.0,1005.0,SE,79.14,0,0
39552,2026,7,6,23,153.0,23,27.0,1005.0,SE,80.93,0,0
39553,2026,7,7,0,139.0,22,26.0,1004.0,SE,82.72,0,0
39554,2026,7,7,1,133.0,22,25.0,1005.0,SE,84.51,0,0
39555,2026,7,7,2,130.0,21,25.0,1005.0,SE,86.3,0,0
39556,2026,7,7,3,116.0,21,25.0,1005.0,cv,0.89,0,0
39557,2026,7,7,4,114.0,21,24.0,1005.0,cv,1.78,0,0
39558,2026,7,7,5,99.0,21,24.0,1005.0,SE,1.79,0,0
39559,2026,7,7,6,94.0,21,24.0,1005.0,SE,3.58,0,0
39560,2026,7,7,7,84.0,22,25.0,1005.0,SE,6.71,0,0
39561,2026,7,7,8,80.0,22,26.0,1005.0,SE,9.84,0,0
39562,2026,7,7,9,80.0,22,27.0,1004.0,SE,12.97,0,0
39563,2026,7,7,10,88.0,22,28.0,1004.0,SE,14.76,0,0
39564,2026,7,7,11,103.0,22,29.0,1004.0,SE,16.55,0,0
39565,2026,7,7,12,132.0,23,30.0,1003.0,SE,19.68,0,0
39566,2026,7,7,13,151.0,23,31.0,1002.0,SE,22.81,0,0
39567,2026,7,7,14,165.0,23,31.0,1002.0,SE,27.73,0,0
39568,2026,7,7,15,182.0,23,30.0,1001.0,SE,32.65,0,0
39569,2026,7,7,16,191.0,23,31.0,1001.0,SE,35.78,0,0
39570,2026,7,7,17,193.0,23,31.0,1000.0,SE,40.7,0,0
39571,2026,7,7,18,192.0,23,31.0,1000.0,SE,43.83,0,0
39572,2026,7,7,19,189.0,23,29.0,1000.0,SE,46.96,0,0
39573,2026,7,7,20,188.0,22,28.0,1000.0,SE,50.09,0,0
39574,2026,7,7,21,223.0,22,28.0,1001.0,SE,53.22,0,0
39575,2026,7,7,22,239.0,22,27.0,1000.0,SE,56.35,0,0
39576,2026,7,7,23,235.0,21,27.0,1000.0,SE,58.14,0,0
39577,2026,7,8,0,196.0,21,27.0,1001.0,cv,0.89,0,0
39578,2026,7,8,1,180.0,21,26.0,1000.0,SE,1.79,0,0
39579,2026,7,8,2,192.0,21,25.0,1000.0,cv,0.89,0,0
39580,2026,7,8,3,187.0,21,25.0,1000.0,NE,1.79,0,0
39581,2026,7,8,4,164.0,21,24.0,1000.0,cv,0.89,0,0
39582,2026,7,8,5,156.0,22,24.0,1000.0,cv,1.78,0,0
39583,2026,7,8,6,163.0,21,25.0,1001.0,NW,0.89,0,0
39584,2026,7,8,7,144.0,22,26.0,1002.0,NE,1.79,0,0
39585,2026,7,8,8,137.0,21,27.0,1002.0,NE,3.58,0,0
39586,2026,7,8,9,131.0,22,28.0,1002.0,NE,5.37,0,0
39587,2026,7,8,10,115.0,20,30.0,1003.0,NW,4.92,0,0
39588,2026,7,8,11,68.0,20,32.0,1003.0,NE,3.13,0,0
39589,2026,7,8,12,26.0,15,34.0,1003.0,NW,5.81,0,0
39590,2026,7,8,13,16.0,17,34.0,1002.0,NW,10.73,0,0
39591,2026,7,8,14,15.0,16,32.0,1002.0,NE,4.02,0,0
39592,2026,7,8,15,10.0,14,32.0,1002.0,NW,3.13,0,0
39593,2026,7,8,16,13.0,14,32.0,1002.0,NE,3.13,0,0
39594,2026,7,8,17,11.0,14,32.0,1002.0,NW,1.79,0,0
39595,2026,7,8,18,8.0,17,30.0,1002.0,SE,0.89,0,0
39596,2026,7,8,19,10.0,17,29.0,1002.0,SE,1.78,0,0
39597,2026,7,8,20,16.0,18,28.0,1003.0,SE,2.67,0,0
39598,2026,7,8,21,49.0,17,26.0,1004.0,cv,0.89,0,0
39599,2026,7,8,22,45.0,19,24.0,1004.0,cv,1.78,0,0
39600,2026,7,8,23,42.0,19,24.0,1004.0,cv,2.67,0,0
39601,2026,7,9,0,55.0,20,23.0,1004.0,NE,0.89,0,0
39602,2026,7,9,1,53.0,19,24.0,1004.0,NE,1.78,0,0
39603,2026,7,9,2,85.0,18,23.0,1004.0,NW,1.79,0,0
39604,2026,7,9,3,37.0,18,23.0,1004.0,NW,3.58,0,0
39605,2026,7,9,4,19.0,18,22.0,1005.0,NW,6.71,0,0
39606,2026,7,9,5,21.0,18,22.0,1005.0,NW,8.5,0,0
39607,2026,7,9,6,16.0,17,22.0,1005.0,NW,11.63,0,0
39608,2026,7,9,7,17.0,17,24.0,1005.0,NW,14.76,0,0
39609,2026,7,9,8,17.0,16,25.0,1006.0,NW,17.89,0,0
39610,2026,7,9,9,16.0,15,27.0,1006.0,NW,22.81,0,0
39611,2026,7,9,10,11.0,15,28.0,1006.0,NE,3.13,0,0
39612,2026,7,9,11,11.0,13,30.0,1006.0,NE,7.15,0,0
39613,2026,7,9,12,14.0,14,30.0,1005.0,NW,3.13,0,0
39614,2026,7,9,13,9.0,13,31.0,1004.0,NE,1.79,0,0
39615,2026,7,9,14,8.0,12,31.0,1004.0,NE,3.58,0,0
39616,2026,7,9,15,10.0,12,31.0,1003.0,cv,0.89,0,0
39617,2026,7,9,16,14.0,14,30.0,1003.0,SE,1.79,0,0
39618,2026,7,9,17,14.0,16,30.0,1003.0,cv,0.89,0,0
39619,2026,7,9,18,22.0,13,30.0,1002.0,SE,3.13,0,0
39620,2026,7,9,19,32.0,13,30.0,1002.0,SE,7.15,0,0
39621,2026,7,9,20,36.0,15,30.0,1002.0,SE,8.94,0,0
39622,2026,7,9,21,29.0,14,30.0,1002.0,SE,12.07,0,0
39623,2026,7,9,22,31.0,14,29.0,1002.0,SE,13.86,0,0
39624,2026,7,9,23,35.0,17,29.0,1002.0,NW,1.79,0,0
39625,2026,7,10,0,34.0,19,24.0,1002.0,NW,2.68,0,0
39626,2026,7,10,1,28.0,19,24.0,1001.0,NE,0.89,0,0
39627,2026,7,10,2,52.0,19,23.0,1001.0,cv,0.89,0,0
39628,2026,7,10,3,70.0,19,22.0,1001.0,NE,0.89,0,0
39629,2026,7,10,4,52.0,18,22.0,1001.0,NW,0.89,0,0
39630,2026,7,10,5,39.0,18,21.0,1001.0,NW,2.68,0,0
39631,2026,7,10,6,31.0,19,22.0,1001.0,NW,4.47,0,0
39632,2026,7,10,7,25.0,17,25.0,1002.0,NW,7.6,0,0
39633,2026,7,10,8,25.0,17,28.0,1002.0,NW,10.73,0,0
39634,2026,7,10,9,28.0,14,31.0,1001.0,NW,12.52,0,0
39635,2026,7,10,10,28.0,14,33.0,1001.0,NW,14.31,0,0
39636,2026,7,10,11,25.0,14,34.0,1001.0,cv,1.79,0,0
39637,2026,7,10,12,15.0,12,35.0,1000.0,SE,1.79,0,0
39638,2026,7,10,13,17.0,10,36.0,999.0,SE,3.58,0,0
39639,2026,7,10,14,18.0,11,37.0,998.0,SE,7.6,0,0
39640,2026,7,10,15,35.0,11,38.0,998.0,SE,11.62,0,0
39641,2026,7,10,16,17.0,12,37.0,998.0,SE,16.54,0,0
39642,2026,7,10,17,17.0,12,36.0,997.0,SE,21.46,0,0
39643,2026,7,10,18,18.0,13,35.0,997.0,SE,26.38,0,0
39644,2026,7,10,19,24.0,13,34.0,997.0,SE,31.3,0,0
39645,2026,7,10,20,28.0,14,32.0,998.0,SE,36.22,0,0
39646,2026,7,10,21,31.0,15,31.0,998.0,SE,41.14,0,0
39647,2026,7,10,22,40.0,15,30.0,998.0,SE,46.95,0,0
39648,2026,7,10,23,42.0,16,29.0,999.0,SE,48.74,0,0
39649,2026,7,11,0,48.0,16,27.0,998.0,SE,49.63,0,0
39650,2026,7,11,1,52.0,18,25.0,998.0,cv,0.89,0,0
39651,2026,7,11,2,53.0,18,23.0,998.0,cv,1.78,0,0
39652,2026,7,11,3,58.0,18,22.0,999.0,NE,0.89,0,0
39653,2026,7,11,4,58.0,19,22.0,999.0,NE,2.68,0,0
39654,2026,7,11,5,64.0,18,23.0,1000.0,NW,1.79,0,0
39655,2026,7,11,6,61.0,18,23.0,1000.0,NW,4.92,0,0
39656,2026,7,11,7,41.0,15,28.0,1000.0,NW,8.94,0,0
39657,2026,7,11,8,35.0,14,29.0,1001.0,NE,4.02,0,0
39658,2026,7,11,9,18.0,13,31.0,1001.0,NE,8.04,0,0
39659,2026,7,11,10,11.0,13,32.0,1001.0,NE,11.17,0,0
39660,2026,7,11,11,13.0,14,33.0,1000.0,cv,0.89,0,0
39661,2026,7,11,12,12.0,14,34.0,1000.0,NE,3.13,0,0
39662,2026,7,11,13,9.0,14,35.0,999.0,SE,3.13,0,0
39663,2026,7,11,14,9.0,14,36.0,999.0,NE,4.92,0,0
39664,2026,7,11,15,16.0,12,34.0,999.0,NW,4.02,0,0
39665,2026,7,11,16,13.0,13,35.0,999.0,NE,3.13,0,0
39666,2026,7,11,17,16.0,13,35.0,999.0,cv,0.89,0,0
39667,2026,7,11,18,9.0,14,34.0,999.0,SE,1.79,0,0
39668,2026,7,11,19,18.0,14,32.0,999.0,SE,4.92,0,0
39669,2026,7,11,20,28.0,16,28.0,1000.0,cv,0.89,0,0
39670,2026,7,11,21,32.0,17,27.0,1000.0,cv,1.78,0,0
39671,2026,7,11,22,33.0,17,27.0,1001.0,cv,2.67,0,0
39672,2026,7,11,23,35.0,18,26.0,1001.0,cv,3.56,0,0
39673,2026,7,12,0,46.0,14,28.0,1002.0,NE,3.13,0,0
39674,2026,7,12,1,19.0,14,27.0,1002.0,cv,0.89,0,0
39675,2026,7,12,2,21.0,16,24.0,1002.0,NE,1.79,0,0
39676,2026,7,12,3,9.0,13,26.0,1003.0,NE,5.81,0,0
39677,2026,7,12,4,12.0,11,26.0,1003.0,NE,9.83,0,0
39678,2026,7,12,5,9.0,12,24.0,1003.0,NE,13.85,0,0
39679,2026,7,12,6,10.0,12,25.0,1003.0,NE,16.98,0,0
39680,2026,7,12,7,12.0,13,26.0,1004.0,NE,21.0,0,0
39681,2026,7,12,8,10.0,12,27.0,1004.0,NE,25.02,0,0
39682,2026,7,12,9,10.0,12,28.0,1004.0,NE,29.04,0,0
39683,2026,7,12,10,9.0,12,30.0,1004.0,NE,33.96,0,0
39684,2026,7,12,11,7.0,12,31.0,1004.0,NE,37.98,0,0
39685,2026,7,12,12,6.0,11,32.0,1003.0,NE,42.0,0,0
39686,2026,7,12,13,,11,33.0,1002.0,NE,45.13,0,0
39687,2026,7,12,14,,10,33.0,1001.0,SE,3.13,0,0
39688,2026,7,12,15,,10,34.0,1001.0,SE,7.15,0,0
39689,2026,7,12,16,,10,34.0,1000.0,SE,10.28,0,0
39690,2026,7,12,17,,10,34.0,1000.0,SE,13.41,0,0
39691,2026,7,12,18,12.0,11,33.0,1000.0,SE,15.2,0,0
39692,2026,7,12,19,17.0,12,31.0,1000.0,SE,18.33,0,0
39693,2026,7,12,20,16.0,12,29.0,1001.0,SE,20.12,0,0
39694,2026,7,12,21,19.0,11,30.0,1002.0,cv,1.79,0,0
39695,2026,7,12,22,22.0,12,31.0,1002.0,SE,1.79,0,0
39696,2026,7,12,23,20.0,15,27.0,1003.0,SE,3.58,0,0
39697,2026,7,13,0,36.0,16,24.0,1003.0,SE,4.47,0,0
39698,2026,7,13,1,35.0,15,23.0,1002.0,NW,3.13,0,0
39699,2026,7,13,2,30.0,15,25.0,1002.0,NE,3.13,0,0
39700,2026,7,13,3,13.0,15,22.0,1003.0,NW,3.13,0,0
39701,2026,7,13,4,19.0,14,21.0,1003.0,NW,6.26,0,0
39702,2026,7,13,5,20.0,14,22.0,1003.0,NE,3.13,0,0
39703,2026,7,13,6,18.0,15,25.0,1003.0,cv,0.89,0,0
39704,2026,7,13,7,17.0,14,26.0,1004.0,NW,4.02,0,0
39705,2026,7,13,8,17.0,13,28.0,1004.0,NW,7.15,0,0
39706,2026,7,13,9,10.0,14,29.0,1004.0,NE,3.13,0,0
39707,2026,7,13,10,13.0,13,32.0,1003.0,NW,3.13,0,0
39708,2026,7,13,11,13.0,13,34.0,1003.0,NW,6.26,0,0
39709,2026,7,13,12,10.0,12,34.0,1002.0,NW,9.39,0,0
39710,2026,7,13,13,10.0,11,35.0,1001.0,cv,3.13,0,0
39711,2026,7,13,14,12.0,12,36.0,1001.0,cv,4.92,0,0
39712,2026,7,13,15,11.0,12,36.0,1000.0,cv,6.71,0,0
39713,2026,7,13,16,9.0,14,31.0,1001.0,NW,11.18,0,1
39714,2026,7,13,17,20.0,12,32.0,1000.0,NW,16.1,0,2
39715,2026,7,13,18,21.0,14,30.0,1000.0,SE,3.13,0,0
39716,2026,7,13,19,20.0,15,30.0,1001.0,SE,6.26,0,0
39717,2026,7,13,20,26.0,17,26.0,1001.0,NE,0.89,0,0
39718,2026,7,13,21,35.0,17,25.0,1002.0,cv,0.89,0,0
39719,2026,7,13,22,58.0,17,24.0,1002.0,cv,1.78,0,0
39720,2026,7,13,23,45.0,18,23.0,1002.0,cv,2.67,0,0
39721,2026,7,14,0,50.0,17,23.0,1003.0,NW,1.79,0,0
39722,2026,7,14,1,58.0,18,22.0,1002.0,cv,0.89,0,0
39723,2026,7,14,2,44.0,18,22.0,1002.0,NW,0.89,0,0
39724,2026,7,14,3,46.0,17,21.0,1002.0,NW,2.68,0,0
39725,2026,7,14,4,31.0,17,21.0,1002.0,NW,3.57,0,0
39726,2026,7,14,5,23.0,17,20.0,1003.0,NW,6.7,0,0
39727,2026,7,14,6,21.0,17,22.0,1003.0,NW,9.83,0,0
39728,2026,7,14,7,24.0,17,24.0,1003.0,NW,11.62,0,0
39729,2026,7,14,8,19.0,16,27.0,1003.0,NE,3.13,0,0
39730,2026,7,14,9,22.0,16,29.0,1003.0,NE,6.26,0,0
39731,2026,7,14,10,18.0,14,31.0,1003.0,NE,9.39,0,0
39732,2026,7,14,11,19.0,14,33.0,1003.0,cv,1.79,0,0
39733,2026,7,14,12,21.0,14,34.0,1002.0,cv,3.58,0,0
39734,2026,7,14,13,22.0,15,35.0,1002.0,SE,3.13,0,0
39735,2026,7,14,14,29.0,14,35.0,1002.0,SE,7.15,0,0
39736,2026,7,14,15,36.0,14,36.0,1001.0,SE,10.28,0,0
39737,2026,7,14,16,39.0,15,36.0,1001.0,SE,13.41,0,0
39738,2026,7,14,17,36.0,15,36.0,1000.0,SE,16.54,0,0
39739,2026,7,14,18,42.0,15,35.0,1001.0,SE,19.67,0,0
39740,2026,7,14,19,38.0,18,32.0,1001.0,SE,20.56,0,0
39741,2026,7,14,20,36.0,18,29.0,1001.0,cv,0.89,0,0
39742,2026,7,14,21,30.0,15,31.0,1002.0,NW,5.81,0,0
39743,2026,7,14,22,15.0,13,29.0,1002.0,NE,4.02,0,0
39744,2026,7,14,23,19.0,16,28.0,1002.0,NE,7.15,0,0
39745,2026,7,15,0,30.0,17,28.0,1003.0,SE,3.13,0,0
39746,2026,7,15,1,60.0,17,27.0,1005.0,SE,10.28,0,0
39747,2026,7,15,2,40.0,15,26.0,1004.0,SE,18.33,0,0
39748,2026,7,15,3,29.0,15,26.0,1004.0,SE,23.25,0,0
39749,2026,7,15,4,35.0,15,25.0,1004.0,SE,26.38,0,0
39750,2026,7,15,5,40.0,16,24.0,1004.0,SE,30.4,0,0
39751,2026,7,15,6,42.0,17,23.0,1004.0,cv,0.89,0,0
39752,2026,7,15,7,37.0,16,25.0,1004.0,cv,1.78,0,0
39753,2026,7,15,8,44.0,17,26.0,1004.0,NW,3.13,0,0
39754,2026,7,15,9,49.0,17,27.0,1004.0,NE,1.79,0,0
39755,2026,7,15,10,50.0,18,29.0,1004.0,SE,3.13,0,0
39756,2026,7,15,11,52.0,18,30.0,1004.0,SE,7.15,0,0
39757,2026,7,15,12,50.0,17,31.0,1004.0,SE,10.28,0,0
39758,2026,7,15,13,52.0,17,31.0,1004.0,SE,15.2,0,0
39759,2026,7,15,14,50.0,17,31.0,1003.0,SE,20.12,0,0
39760,2026,7,15,15,55.0,17,32.0,1003.0,SE,24.14,0,0
39761,2026,7,15,16,57.0,17,32.0,1002.0,SE,29.06,0,0
39762,2026,7,15,17,45.0,17,32.0,1002.0,SE,33.98,0,0
39763,2026,7,15,18,51.0,17,31.0,1002.0,SE,38.9,0,0
39764,2026,7,15,19,49.0,17,30.0,1002.0,SE,42.92,0,0
39765,2026,7,15,20,54.0,18,30.0,1003.0,SE,47.84,0,0
39766,2026,7,15,21,62.0,20,28.0,1003.0,SE,51.86,0,1
39767,2026,7,15,22,73.0,21,26.0,1003.0,SE,53.65,0,2
39768,2026,7,15,23,81.0,20,27.0,1004.0,SE,56.78,0,0
39769,2026,7,16,0,93.0,20,27.0,1004.0,cv,1.79,0,0
39770,2026,7,16,1,108.0,20,24.0,1003.0,NE,1.79,0,0
39771,2026,7,16,2,112.0,20,24.0,1003.0,SE,1.79,0,0
39772,2026,7,16,3,113.0,21,24.0,1003.0,SE,3.58,0,0
39773,2026,7,16,4,85.0,21,24.0,1003.0,cv,0.89,0,0
39774,2026,7,16,5,90.0,21,24.0,1003.0,SE,1.79,0,0
39775,2026,7,16,6,85.0,21,24.0,1004.0,cv,0.89,0,0
39776,2026,7,16,7,121.0,21,25.0,1004.0,NE,1.79,0,0
39777,2026,7,16,8,130.0,21,26.0,1004.0,SE,1.79,0,0
39778,2026,7,16,9,133.0,22,27.0,1004.0,cv,0.89,0,0
39779,2026,7,16,10,148.0,21,27.0,1005.0,cv,1.78,0,0
39780,2026,7,16,11,160.0,22,27.0,1004.0,SE,1.79,0,1
39781,2026,7,16,12,159.0,21,27.0,1005.0,cv,0.89,0,2
39782,2026,7,16,13,172.0,23,26.0,1003.0,NE,1.79,0,3
39783,2026,7,16,14,142.0,22,29.0,1002.0,NW,1.79,0,0
39784,2026,7,16,15,146.0,22,30.0,1002.0,SE,3.13,0,0
39785,2026,7,16,16,134.0,22,31.0,1002.0,SE,6.26,0,0
39786,2026,7,16,17,111.0,21,28.0,1002.0,SE,13.41,0,0
39787,2026,7,16,18,90.0,20,27.0,1002.0,SE,17.43,0,0
39788,2026,7,16,19,60.0,20,26.0,1003.0,SE,21.45,0,1
39789,2026,7,16,20,60.0,21,24.0,1004.0,SE,24.58,0,2
39790,2026,7,16,21,70.0,20,24.0,1005.0,SE,26.37,0,0
39791,2026,7,16,22,80.0,21,23.0,1005.0,cv,0.89,0,0
39792,2026,7,16,23,74.0,20,22.0,1006.0,NW,1.79,0,0
39793,2026,7,17,0,64.0,19,22.0,1004.0,cv,0.89,0,0
39794,2026,7,17,1,82.0,20,23.0,1006.0,NE,3.13,0,0
39795,2026,7,17,2,111.0,20,23.0,1005.0,SE,1.79,0,0
39796,2026,7,17,3,112.0,20,23.0,1005.0,NE,1.79,0,0
39797,2026,7,17,4,128.0,20,23.0,1005.0,SE,1.79,0,0
39798,2026,7,17,5,126.0,20,23.0,1006.0,cv,0.89,0,0
39799,2026,7,17,6,147.0,21,23.0,1006.0,cv,1.34,0,0
39800,2026,7,17,7,135.0,20,24.0,1006.0,cv,2.23,0,0
39801,2026,7,17,8,142.0,21,24.0,1006.0,cv,3.12,0,0
39802,2026,7,17,9,144.0,21,26.0,1006.0,NE,1.79,0,0
39803,2026,7,17,10,142.0,21,26.0,1006.0,SE,1.79,0,0
39804,2026,7,17,11,139.0,21,28.0,1006.0,SE,3.58,0,0
39805,2026,7,17,12,129.0,21,28.0,1006.0,SE,5.37,0,0
39806,2026,7,17,13,132.0,21,29.0,1005.0,SE,9.39,0,0
39807,2026,7,17,14,130.0,22,28.0,1005.0,SE,14.31,0,0
39808,2026,7,17,15,162.0,22,28.0,1005.0,SE,17.44,0,0
39809,2026,7,17,16,162.0,22,28.0,1005.0,SE,19.23,0,0
39810,2026,7,17,17,163.0,22,28.0,1005.0,cv,0.89,0,0
39811,2026,7,17,18,152.0,22,28.0,1005.0,cv,1.78,0,0
39812,2026,7,17,19,150.0,23,28.0,1006.0,cv,2.67,0,0
39813,2026,7,17,20,160.0,22,26.0,1006.0,cv,3.56,0,0
39814,2026,7,17,21,172.0,23,26.0,1007.0,NE,0.89,0,0
39815,2026,7,17,22,188.0,23,26.0,1007.0,NE,1.78,0,0
39816,2026,7,17,23,195.0,23,26.0,1007.0,cv,0.89,0,0
39817,2026,7,18,0,220.0,23,26.0,1006.0,NE,1.79,0,0
39818,2026,7,18,1,191.0,23,25.0,1006.0,cv,0.89,0,0
39819,2026,7,18,2,154.0,22,26.0,1006.0,SE,3.13,0,0
39820,2026,7,18,3,158.0,21,25.0,1007.0,NE,0.89,0,0
39821,2026,7,18,4,131.0,21,25.0,1007.0,NE,2.68,0,0
39822,2026,7,18,5,128.0,21,24.0,1007.0,cv,0.45,0,0
39823,2026,7,18,6,123.0,22,25.0,1007.0,SE,0.89,0,0
39824,2026,7,18,7,112.0,21,25.0,1008.0,SE,2.68,0,0
39825,2026,7,18,8,122.0,21,26.0,1008.0,SE,4.47,0,0
39826,2026,7,18,9,113.0,22,28.0,1008.0,SE,7.6,0,0
39827,2026,7,18,10,109.0,22,29.0,1008.0,SE,9.39,0,0
39828,2026,7,18,11,120.0,23,30.0,1008.0,SE,11.18,0,0
39829,2026,7,18,12,125.0,23,31.0,1007.0,cv,1.79,0,0
39830,2026,7,18,13,127.0,24,32.0,1007.0,cv,3.58,0,0
39831,2026,7,18,14,143.0,23,33.0,1006.0,SE,1.79,0,0
39832,2026,7,18,15,109.0,23,34.0,1006.0,SE,4.92,0,0
39833,2026,7,18,16,96.0,23,34.0,1006.0,SE,8.94,0,0
39834,2026,7,18,17,80.0,22,34.0,1005.0,SE,12.96,0,0
39835,2026,7,18,18,96.0,22,34.0,1005.0,SE,16.98,0,0
39836,2026,7,18,19,106.0,23,32.0,1006.0,SE,18.77,0,0
39837,2026,7,18,20,103.0,23,32.0,1006.0,SE,20.56,0,0
39838,2026,7,18,21,84.0,24,30.0,1007.0,cv,0.89,0,0
39839,2026,7,18,22,80.0,24,29.0,1007.0,SE,0.89,0,0
39840,2026,7,18,23,81.0,24,29.0,1007.0,SE,1.78,0,0
39841,2026,7,19,0,87.0,24,28.0,1007.0,SE,3.57,0,0
39842,2026,7,19,1,69.0,24,28.0,1007.0,SE,5.36,0,0
39843,2026,7,19,2,73.0,23,28.0,1008.0,SE,7.15,0,0
39844,2026,7,19,3,72.0,23,26.0,1008.0,SE,8.04,0,0
39845,2026,7,19,4,77.0,23,27.0,1008.0,SE,9.83,0,0
39846,2026,7,19,5,77.0,23,27.0,1008.0,SE,11.62,0,0
39847,2026,7,19,6,75.0,24,27.0,1009.0,cv,0.89,0,0
39848,2026,7,19,7,72.0,24,28.0,1009.0,SE,0.89,0,0
39849,2026,7,19,8,68.0,24,30.0,1009.0,SE,2.68,0,0
39850,2026,7,19,9,60.0,24,32.0,1010.0,cv,1.79,0,0
39851,2026,7,19,10,48.0,24,34.0,1009.0,SE,3.13,0,0
39852,2026,7,19,11,52.0,23,34.0,1009.0,SE,6.26,0,0
39853,2026,7,19,12,66.0,23,36.0,1009.0,SE,10.28,0,0
39854,2026,7,19,13,57.0,23,35.0,1008.0,cv,4.92,0,0
39855,2026,7,19,14,51.0,23,36.0,1008.0,SE,4.02,0,0
39856,2026,7,19,15,45.0,23,36.0,1007.0,SE,8.04,0,0
39857,2026,7,19,16,38.0,22,37.0,1006.0,SE,12.06,0,0
39858,2026,7,19,17,45.0,22,36.0,1006.0,SE,16.08,0,0
39859,2026,7,19,18,48.0,22,35.0,1006.0,SE,21.0,0,0
39860,2026,7,19,19,53.0,22,34.0,1007.0,SE,25.02,0,0
39861,2026,7,19,20,64.0,23,33.0,1007.0,SE,28.15,0,0
39862,2026,7,19,21,72.0,24,32.0,1008.0,SE,32.17,0,0
39863,2026,7,19,22,81.0,24,31.0,1008.0,SE,33.96,0,0
39864,2026,7,19,23,66.0,24,31.0,1008.0,SE,35.75,0,0
39865,2026,7,20,0,41.0,24,31.0,1008.0,SE,39.77,0,1
39866,2026,7,20,1,46.0,23,30.0,1007.0,cv,1.79,0,2
39867,2026,7,20,2,60.0,24,29.0,1007.0,SE,1.79,0,0
39868,2026,7,20,3,57.0,24,28.0,1007.0,SE,3.58,0,0
39869,2026,7,20,4,65.0,24,27.0,1007.0,SE,6.71,0,0
39870,2026,7,20,5,64.0,23,27.0,1007.0,cv,0.89,0,0
39871,2026,7,20,6,62.0,23,27.0,1007.0,SE,1.79,0,0
39872,2026,7,20,7,55.0,23,28.0,1007.0,SE,4.92,0,0
39873,2026,7,20,8,52.0,23,30.0,1007.0,SE,8.05,0,0
39874,2026,7,20,9,55.0,23,31.0,1007.0,SE,9.84,0,0
39875,2026,7,20,10,60.0,23,32.0,1007.0,SE,12.97,0,0
39876,2026,7,20,11,52.0,23,33.0,1006.0,SE,16.99,0,0
39877,2026,7,20,12,55.0,23,34.0,1005.0,SE,21.01,0,0
39878,2026,7,20,13,67.0,24,34.0,1004.0,SE,25.93,0,0
39879,2026,7,20,14,85.0,24,34.0,1004.0,SE,30.85,0,0
39880,2026,7,20,15,87.0,23,35.0,1003.0,SE,35.77,0,0
39881,2026,7,20,16,79.0,23,36.0,1002.0,SE,41.58,0,0
39882,2026,7,20,17,60.0,22,35.0,1001.0,SE,48.73,0,0
39883,2026,7,20,18,69.0,22,35.0,1002.0,SE,54.54,0,0
39884,2026,7,20,19,59.0,23,34.0,1002.0,SE,58.56,0,0
39885,2026,7,20,20,53.0,23,33.0,1002.0,SE,61.69,0,0
39886,2026,7,20,21,55.0,23,33.0,1002.0,SE,65.71,0,0
39887,2026,7,20,22,52.0,23,33.0,1002.0,SE,69.73,0,0
39888,2026,7,20,23,48.0,23,32.0,1001.0,SE,72.86,0,0
39889,2026,7,21,0,56.0,24,32.0,1001.0,SE,74.65,0,0
39890,2026,7,21,1,59.0,24,31.0,1000.0,SE,76.44,0,0
39891,2026,7,21,2,60.0,24,30.0,1000.0,SE,79.57,0,0
39892,2026,7,21,3,55.0,24,30.0,999.0,SE,82.7,0,0
39893,2026,7,21,4,59.0,24,30.0,1000.0,SE,85.83,0,0
39894,2026,7,21,5,59.0,24,30.0,1000.0,SE,88.96,0,0
39895,2026,7,21,6,53.0,19,30.0,1001.0,NW,8.94,0,0
39896,2026,7,21,7,20.0,20,26.0,1002.0,NW,13.86,0,1
39897,2026,7,21,8,20.0,20,27.0,1002.0,NW,19.67,0,0
39898,2026,7,21,9,20.0,21,27.0,1003.0,NW,23.69,0,0
39899,2026,7,21,10,11.0,20,28.0,1003.0,NW,27.71,0,0
39900,2026,7,21,11,15.0,21,30.0,1002.0,NW,31.73,0,0
39901,2026,7,21,12,12.0,21,32.0,1002.0,NE,3.13,0,0
39902,2026,7,21,13,15.0,17,32.0,1002.0,NW,5.81,0,0
39903,2026,7,21,14,14.0,17,34.0,1002.0,NW,11.62,0,0
39904,2026,7,21,15,15.0,17,35.0,1001.0,NW,14.75,0,0
39905,2026,7,21,16,13.0,18,34.0,1002.0,NE,1.79,0,0
39906,2026,7,21,17,11.0,18,35.0,1002.0,cv,1.79,0,0
39907,2026,7,21,18,14.0,18,33.0,1002.0,NE,1.79,0,0
39908,2026,7,21,19,15.0,18,32.0,1002.0,cv,0.89,0,0
39909,2026,7,21,20,17.0,15,32.0,1003.0,NE,3.13,0,0
39910,2026,7,21,21,14.0,16,31.0,1004.0,NE,6.26,0,0
39911,2026,7,21,22,11.0,16,29.0,1004.0,NW,3.13,0,0
39912,2026,7,21,23,9.0,14,30.0,1004.0,NW,7.15,0,0
39913,2026,7,22,0,6.0,16,29.0,1004.0,NW,8.94,0,0
39914,2026,7,22,1,6.0,16,27.0,1005.0,NW,10.73,0,0
39915,2026,7,22,2,13.0,17,27.0,1005.0,NW,12.52,0,0
39916,2026,7,22,3,10.0,16,27.0,1005.0,NE,1.79,0,0
39917,2026,7,22,4,16.0,16,27.0,1006.0,NW,3.13,0,0
39918,2026,7,22,5,16.0,16,26.0,1006.0,NW,4.92,0,0
39919,2026,7,22,6,14.0,16,27.0,1006.0,NW,8.94,0,0
39920,2026,7,22,7,18.0,16,27.0,1006.0,NW,12.96,0,0
39921,2026,7,22,8,19.0,17,27.0,1007.0,NW,14.75,0,0
39922,2026,7,22,9,15.0,15,29.0,1007.0,NW,16.54,0,0
39923,2026,7,22,10,12.0,17,28.0,1007.0,cv,0.89,0,0
39924,2026,7,22,11,,17,29.0,1007.0,NE,1.79,0,0
39925,2026,7,22,12,,16,29.0,1007.0,NW,3.13,0,0
39926,2026,7,22,13,18.0,17,29.0,1007.0,NW,8.05,0,0
39927,2026,7,22,14,17.0,16,30.0,1007.0,NW,12.07,0,1
39928,2026,7,22,15,16.0,17,29.0,1006.0,NW,17.88,0,0
39929,2026,7,22,16,16.0,17,29.0,1006.0,NW,21.01,0,0
39930,2026,7,22,17,11.0,17,29.0,1006.0,NW,24.14,0,0
39931,2026,7,22,18,15.0,16,29.0,1006.0,NW,28.16,0,0
39932,2026,7,22,19,8.0,17,27.0,1006.0,cv,0.89,0,0
39933,2026,7,22,20,12.0,16,28.0,1006.0,NW,3.13,0,0
39934,2026,7,22,21,19.0,16,28.0,1006.0,NW,6.26,0,0
39935,2026,7,22,22,21.0,15,28.0,1006.0,NW,10.28,0,0
39936,2026,7,22,23,17.0,15,28.0,1006.0,NW,14.3,0,0
39937,2026,7,23,0,16.0,15,27.0,1006.0,NW,17.43,0,0
39938,2026,7,23,1,20.0,15,27.0,1005.0,NW,21.45,0,0
39939,2026,7,23,2,20.0,15,27.0,1005.0,NW,24.58,0,0
39940,2026,7,23,3,21.0,16,26.0,1005.0,NW,26.37,0,0
39941,2026,7,23,4,23.0,17,24.0,1005.0,cv,0.45,0,0
39942,2026,7,23,5,12.0,18,23.0,1005.0,cv,0.9,0,0
39943,2026,7,23,6,13.0,18,23.0,1005.0,cv,1.35,0,0
39944,2026,7,23,7,19.0,16,26.0,1005.0,NW,1.79,0,0
39945,2026,7,23,8,20.0,19,25.0,1005.0,cv,0.89,0,0
39946,2026,7,23,9,16.0,18,26.0,1005.0,NW,1.79,0,0
39947,2026,7,23,10,18.0,16,28.0,1005.0,NW,4.92,0,0
39948,2026,7,23,11,19.0,16,29.0,1004.0,NW,8.94,0,0
39949,2026,7,23,12,13.0,15,30.0,1004.0,NW,12.07,0,0
39950,2026,7,23,13,22.0,15,31.0,1004.0,SE,3.13,0,0
39951,2026,7,23,14,20.0,14,32.0,1003.0,SE,6.26,0,0
39952,2026,7,23,15,16.0,13,32.0,1002.0,NW,3.13,0,0
39953,2026,7,23,16,20.0,14,32.0,1002.0,NW,6.26,0,0
39954,2026,7,23,17,21.0,14,32.0,1001.0,NW,8.05,0,0
39955,2026,7,23,18,21.0,14,32.0,1001.0,NW,11.18,0,0
39956,2026,7,23,19,42.0,18,30.0,1002.0,SE,4.02,0,0
39957,2026,7,23,20,46.0,18,29.0,1002.0,SE,8.04,0,0
39958,2026,7,23,21,43.0,19,30.0,1003.0,SE,11.17,0,0
39959,2026,7,23,22,42.0,19,26.0,1003.0,cv,0.89,0,0
39960,2026,7,23,23,41.0,20,25.0,1003.0,SE,0.89,0,0
39961,2026,7,24,0,46.0,21,25.0,1003.0,cv,0.89,0,0
39962,2026,7,24,1,55.0,21,24.0,1003.0,NE,0.89,0,0
39963,2026,7,24,2,52.0,21,24.0,1003.0,cv,0.45,0,0
39964,2026,7,24,3,50.0,21,24.0,1003.0,cv,1.34,0,0
39965,2026,7,24,4,74.0,20,24.0,1003.0,NE,0.89,0,0
39966,2026,7,24,5,73.0,20,23.0,1003.0,NW,0.89,0,0
39967,2026,7,24,6,82.0,20,23.0,1004.0,NE,0.89,0,0
39968,2026,7,24,7,74.0,20,24.0,1005.0,cv,0.89,0,0
39969,2026,7,24,8,76.0,20,25.0,1005.0,cv,1.34,0,1
39970,2026,7,24,9,82.0,21,26.0,1006.0,NE,1.79,0,0
39971,2026,7,24,10,90.0,21,26.0,1006.0,cv,0.89,0,1
39972,2026,7,24,11,103.0,21,26.0,1007.0,SE,1.79,0,2
39973,2026,7,24,12,89.0,20,28.0,1007.0,NW,3.13,0,3
39974,2026,7,24,13,67.0,21,28.0,1006.0,NW,6.26,0,0
39975,2026,7,24,14,85.0,20,29.0,1006.0,cv,0.89,0,0
39976,2026,7,24,15,62.0,20,29.0,1006.0,cv,1.78,0,0
39977,2026,7,24,16,50.0,19,29.0,1005.0,SE,1.79,0,0
39978,2026,7,24,17,69.0,20,29.0,1005.0,SE,3.58,0,0
39979,2026,7,24,18,51.0,19,30.0,1005.0,SE,6.71,0,0
39980,2026,7,24,19,24.0,18,28.0,1005.0,SE,9.84,0,0
39981,2026,7,24,20,33.0,18,26.0,1006.0,SE,11.63,0,0
39982,2026,7,24,21,35.0,19,26.0,1007.0,SE,13.42,0,0
39983,2026,7,24,22,63.0,20,24.0,1008.0,cv,0.89,0,0
39984,2026,7,24,23,104.0,19,22.0,1008.0,NE,0.89,0,0
39985,2026,7,25,0,136.0,19,21.0,1007.0,NE,2.68,0,0
39986,2026,7,25,1,146.0,20,22.0,1007.0,SE,0.89,0,0
39987,2026,7,25,2,118.0,19,21.0,1007.0,NE,0.89,0,0
39988,2026,7,25,3,127.0,19,20.0,1006.0,NW,0.89,0,0
39989,2026,7,25,4,149.0,19,20.0,1006.0,cv,0.89,0,0
39990,2026,7,25,5,160.0,18,20.0,1006.0,NW,1.79,0,0
39991,2026,7,25,6,116.0,19,20.0,1007.0,NW,4.92,0,0
39992,2026,7,25,7,91.0,19,23.0,1007.0,NW,8.05,0,0
39993,2026,7,25,8,97.0,20,26.0,1006.0,NW,12.07,0,0
39994,2026,7,25,9,61.0,18,29.0,1006.0,NW,16.09,0,0
39995,2026,7,25,10,49.0,18,31.0,1006.0,NW,19.22,0,0
39996,2026,7,25,11,40.0,18,32.0,1006.0,NE,3.13,0,0
39997,2026,7,25,12,31.0,17,32.0,1005.0,cv,1.79,0,0
39998,2026,7,25,13,27.0,17,33.0,1005.0,SE,3.13,0,0
39999,2026,7,25,14,32.0,16,33.0,1005.0,SE,7.15,0,0
40000,2026,7,25,15,28.0,17,34.0,1004.0,SE,10.28,0,0
40001,2026,7,25,16,31.0,17,33.0,1004.0,SE,13.41,0,0
40002,2026,7,25,17,38.0,16,33.0,1004.0,SE,18.33,0,0
40003,2026,7,25,18,45.0,15,32.0,1004.0,SE,22.35,0,0
40004,2026,7,25,19,44.0,15,31.0,1004.0,SE,27.27,0,0
40005,2026,7,25,20,55.0,14,29.0,1005.0,SE,30.4,0,0
40006,2026,7,25,21,61.0,15,28.0,1006.0,SE,32.19,0,0
40007,2026,7,25,22,69.0,15,27.0,1006.0,SE,35.32,0,0
40008,2026,7,25,23,69.0,16,26.0,1007.0,SE,37.11,0,0
40009,2026,7,26,0,72.0,16,26.0,1006.0,SE,38.9,0,0
40010,2026,7,26,1,87.0,18,25.0,1007.0,SE,40.69,0,0
40011,2026,7,26,2,91.0,18,24.0,1006.0,cv,0.89,0,0
40012,2026,7,26,3,116.0,19,23.0,1006.0,SE,0.89,0,0
40013,2026,7,26,4,136.0,18,23.0,1007.0,NE,1.79,0,0
40014,2026,7,26,5,146.0,18,22.0,1008.0,NE,2.68,0,0
40015,2026,7,26,6,149.0,19,22.0,1008.0,NE,3.57,0,0
40016,2026,7,26,7,142.0,20,25.0,1009.0,cv,0.89,0,0
40017,2026,7,26,8,137.0,20,27.0,1009.0,cv,1.78,0,0
40018,2026,7,26,9,113.0,20,29.0,1009.0,cv,2.67,0,0
40019,2026,7,26,10,119.0,20,30.0,1009.0,cv,3.56,0,0
40020,2026,7,26,11,107.0,20,31.0,1009.0,SE,1.79,0,0
40021,2026,7,26,12,112.0,20,32.0,1009.0,cv,1.79,0,0
40022,2026,7,26,13,80.0,19,34.0,1008.0,cv,3.58,0,0
40023,2026,7,26,14,62.0,18,34.0,1008.0,SE,4.02,0,0
40024,2026,7,26,15,67.0,17,35.0,1007.0,SE,8.04,0,0
40025,2026,7,26,16,62.0,16,35.0,1007.0,SE,13.85,0,0
40026,2026,7,26,17,76.0,16,35.0,1007.0,SE,19.66,0,0
40027,2026,7,26,18,72.0,16,34.0,1007.0,SE,24.58,0,0
40028,2026,7,26,19,63.0,16,32.0,1007.0,SE,29.5,0,0
40029,2026,7,26,20,57.0,16,31.0,1008.0,SE,33.52,0,0
40030,2026,7,26,21,62.0,17,30.0,1009.0,SE,36.65,0,0
40031,2026,7,26,22,59.0,16,29.0,1009.0,SE,40.67,0,0
40032,2026,7,26,23,57.0,15,29.0,1009.0,SE,43.8,0,0
40033,2026,7,27,0,60.0,16,27.0,1010.0,SE,45.59,0,0
40034,2026,7,27,1,68.0,16,27.0,1010.0,SE,48.72,0,0
40035,2026,7,27,2,76.0,16,26.0,1010.0,SE,51.85,0,0
40036,2026,7,27,3,86.0,16,26.0,1010.0,SE,54.98,0,0
40037,2026,7,27,4,97.0,17,24.0,1010.0,SE,56.77,0,0
40038,2026,7,27,5,102.0,17,24.0,1010.0,SE,58.56,0,0
40039,2026,7,27,6,111.0,18,24.0,1010.0,cv,0.89,0,0
40040,2026,7,27,7,107.0,18,25.0,1010.0,cv,1.78,0,0
40041,2026,7,27,8,106.0,18,26.0,1011.0,SE,1.79,0,0
40042,2026,7,27,9,113.0,18,28.0,1010.0,cv,0.89,0,0
40043,2026,7,27,10,105.0,18,30.0,1010.0,cv,1.78,0,0
40044,2026,7,27,11,114.0,19,32.0,1010.0,cv,3.57,0,0
40045,2026,7,27,12,133.0,18,34.0,1009.0,SE,3.13,0,0
40046,2026,7,27,13,120.0,17,34.0,1008.0,SE,8.05,0,0
40047,2026,7,27,14,99.0,16,36.0,1007.0,SE,12.97,0,0
40048,2026,7,27,15,87.0,17,36.0,1006.0,SE,17.89,0,0
40049,2026,7,27,16,93.0,18,35.0,1005.0,SE,22.81,0,0
40050,2026,7,27,17,85.0,17,34.0,1005.0,SE,28.62,0,0
40051,2026,7,27,18,95.0,18,33.0,1004.0,SE,34.43,0,0
40052,2026,7,27,19,98.0,18,32.0,1004.0,SE,38.45,0,0
40053,2026,7,27,20,99.0,19,30.0,1005.0,SE,41.58,0,0
40054,2026,7,27,21,88.0,19,29.0,1005.0,SE,43.37,0,0
40055,2026,7,27,22,83.0,19,27.0,1006.0,SE,45.16,0,0
40056,2026,7,27,23,84.0,19,28.0,1005.0,SE,46.95,0,0
40057,2026,7,28,0,93.0,20,27.0,1005.0,SE,50.08,0,0
40058,2026,7,28,1,95.0,20,27.0,1005.0,SE,53.21,0,0
40059,2026,7,28,2,113.0,21,26.0,1005.0,SE,56.34,0,0
40060,2026,7,28,3,121.0,21,25.0,1005.0,SE,58.13,0,0
40061,2026,7,28,4,127.0,21,25.0,1005.0,SE,61.26,0,0
40062,2026,7,28,5,134.0,21,24.0,1005.0,SE,63.05,0,0
40063,2026,7,28,6,138.0,21,24.0,1005.0,SE,64.84,0,0
40064,2026,7,28,7,141.0,21,25.0,1006.0,SE,66.63,0,0
40065,2026,7,28,8,143.0,21,27.0,1006.0,SE,68.42,0,0
40066,2026,7,28,9,125.0,22,29.0,1006.0,cv,1.79,0,0
40067,2026,7,28,10,111.0,21,30.0,1005.0,cv,2.68,0,0
40068,2026,7,28,11,118.0,20,33.0,1005.0,cv,5.81,0,0
40069,2026,7,28,12,110.0,19,34.0,1004.0,SE,4.02,0,0
40070,2026,7,28,13,101.0,18,35.0,1004.0,SE,9.83,0,0
40071,2026,7,28,14,73.0,17,36.0,1003.0,SE,16.98,0,0
40072,2026,7,28,15,61.0,17,36.0,1002.0,SE,24.13,0,0
40073,2026,7,28,16,67.0,17,35.0,1002.0,SE,31.28,0,0
40074,2026,7,28,17,80.0,17,34.0,1001.0,SE,37.09,0,0
40075,2026,7,28,18,81.0,17,34.0,1001.0,SE,42.9,0,0
40076,2026,7,28,19,77.0,20,33.0,1002.0,SE,47.82,0,0
40077,2026,7,28,20,89.0,19,32.0,1002.0,SE,52.74,0,0
40078,2026,7,28,21,88.0,20,31.0,1003.0,SE,55.87,0,0
40079,2026,7,28,22,83.0,20,28.0,1003.0,SE,57.66,0,0
40080,2026,7,28,23,89.0,20,28.0,1003.0,SE,59.45,0,0
40081,2026,7,29,0,96.0,21,28.0,1003.0,SE,62.58,0,0
40082,2026,7,29,1,90.0,21,28.0,1003.0,SE,64.37,0,0
40083,2026,7,29,2,99.0,21,28.0,1003.0,SE,68.39,0,0
40084,2026,7,29,3,101.0,21,27.0,1003.0,SE,71.52,0,0
40085,2026,7,29,4,114.0,21,26.0,1004.0,SE,73.31,0,0
40086,2026,7,29,5,135.0,21,25.0,1004.0,SE,76.44,0,0
40087,2026,7,29,6,155.0,21,25.0,1004.0,SE,79.57,0,0
40088,2026,7,29,7,189.0,21,26.0,1004.0,SE,82.7,0,0
40089,2026,7,29,8,179.0,21,28.0,1005.0,SE,86.72,0,0
40090,2026,7,29,9,151.0,22,30.0,1004.0,SE,89.85,0,0
40091,2026,7,29,10,125.0,22,32.0,1004.0,SE,93.87,0,0
40092,2026,7,29,11,101.0,21,32.0,1004.0,SE,99.68,0,0
40093,2026,7,29,12,92.0,19,32.0,1004.0,SE,104.6,0,0
40094,2026,7,29,13,97.0,19,34.0,1003.0,SE,110.41,0,0
40095,2026,7,29,14,86.0,19,35.0,1002.0,SE,116.22,0,0
40096,2026,7,29,15,84.0,18,34.0,1002.0,SE,123.37,0,0
40097,2026,7,29,16,89.0,18,34.0,1001.0,SE,129.18,0,0
40098,2026,7,29,17,89.0,20,33.0,1001.0,SE,133.2,0,0
40099,2026,7,29,18,86.0,20,32.0,1001.0,SE,137.22,0,0
40100,2026,7,29,19,92.0,20,31.0,1001.0,SE,141.24,0,0
40101,2026,7,29,20,86.0,21,30.0,1001.0,SE,146.16,0,0
40102,2026,7,29,21,85.0,20,30.0,1002.0,SE,151.08,0,0
40103,2026,7,29,22,83.0,22,28.0,1003.0,SE,160.02,0,1
40104,2026,7,29,23,82.0,23,24.0,1004.0,SE,161.81,0,3
40105,2026,7,30,0,78.0,22,23.0,1003.0,SE,164.94,0,5
40106,2026,7,30,1,69.0,22,24.0,1004.0,SE,166.73,0,6
40107,2026,7,30,2,52.0,21,23.0,1003.0,cv,0.89,0,7
40108,2026,7,30,3,53.0,22,23.0,1003.0,SE,4.02,0,8
40109,2026,7,30,4,88.0,22,23.0,1004.0,cv,0.89,0,0
40110,2026,7,30,5,117.0,22,23.0,1004.0,NW,1.79,0,0
40111,2026,7,30,6,113.0,22,23.0,1004.0,NW,4.92,0,1
40112,2026,7,30,7,142.0,22,23.0,1005.0,NE,3.13,0,2
40113,2026,7,30,8,134.0,22,23.0,1006.0,cv,0.89,0,0
40114,2026,7,30,9,159.0,22,24.0,1006.0,NE,1.79,0,0
40115,2026,7,30,10,151.0,21,25.0,1006.0,SE,1.79,0,0
40116,2026,7,30,11,149.0,21,26.0,1006.0,SE,4.92,0,0
40117,2026,7,30,12,148.0,21,26.0,1007.0,SE,6.71,0,0
40118,2026,7,30,13,132.0,21,27.0,1006.0,SE,8.5,0,0
40119,2026,7,30,14,130.0,22,28.0,1006.0,SE,10.29,0,0
40120,2026,7,30,15,122.0,22,28.0,1006.0,SE,13.42,0,0
40121,2026,7,30,16,112.0,22,28.0,1005.0,SE,16.55,0,0
40122,2026,7,30,17,130.0,21,28.0,1005.0,SE,18.34,0,0
40123,2026,7,30,18,144.0,22,27.0,1005.0,SE,20.13,0,0
40124,2026,7,30,19,157.0,22,27.0,1005.0,SE,21.92,0,0
40125,2026,7,30,20,185.0,22,26.0,1006.0,SE,22.81,0,0
40126,2026,7,30,21,199.0,22,25.0,1007.0,SE,24.6,0,0
40127,2026,7,30,22,212.0,22,25.0,1007.0,SE,26.39,0,0
40128,2026,7,30,23,211.0,22,24.0,1007.0,cv,0.89,0,0
40129,2026,7,31,0,201.0,22,25.0,1008.0,cv,1.78,0,0
40130,2026,7,31,1,193.0,22,25.0,1008.0,cv,2.67,0,0
40131,2026,7,31,2,198.0,23,25.0,1008.0,SE,3.13,0,0
40132,2026,7,31,3,187.0,23,25.0,1008.0,SE,4.92,0,0
40133,2026,7,31,4,184.0,22,24.0,1007.0,SE,6.71,0,0
40134,2026,7,31,5,192.0,23,24.0,1008.0,cv,0.89,0,0
40135,2026,7,31,6,208.0,23,24.0,1008.0,SE,1.79,0,0
40136,2026,7,31,7,219.0,23,24.0,1008.0,SE,3.58,0,0
40137,2026,7,31,8,250.0,23,25.0,1008.0,SE,5.37,0,0
40138,2026,7,31,9,227.0,23,26.0,1008.0,SE,7.16,0,0
40139,2026,7,31,10,210.0,23,27.0,1008.0,SE,8.95,0,0
40140,2026,7,31,11,176.0,22,28.0,1008.0,SE,10.74,0,0
40141,2026,7,31,12,180.0,22,29.0,1007.0,SE,13.87,0,0
40142,2026,7,31,13,164.0,22,30.0,1007.0,SE,17.0,0,0
40143,2026,7,31,14,163.0,22,31.0,1006.0,SE,20.13,0,0
40144,2026,7,31,15,155.0,22,31.0,1006.0,SE,24.15,0,0
40145,2026,7,31,16,134.0,22,31.0,1005.0,SE,28.17,0,0
40146,2026,7,31,17,134.0,22,30.0,1005.0,SE,31.3,0,0
40147,2026,7,31,18,122.0,22,30.0,1004.0,SE,33.09,0,0
40148,2026,7,31,19,125.0,22,29.0,1005.0,SE,34.88,0,0
40149,2026,7,31,20,135.0,22,28.0,1005.0,SE,36.67,0,0
40150,2026,7,31,21,167.0,22,27.0,1006.0,SE,38.46,0,0
40151,2026,7,31,22,187.0,22,27.0,1007.0,SE,40.25,0,0
40152,2026,7,31,23,206.0,22,26.0,1006.0,SE,42.04,0,0
40153,2026,8,1,0,196.0,22,26.0,1007.0,SE,43.83,0,0
40154,2026,8,1,1,154.0,22,26.0,1007.0,SE,45.62,0,0
40155,2026,8,1,2,120.0,22,25.0,1006.0,SE,47.41,0,0
40156,2026,8,1,3,135.0,22,25.0,1006.0,cv,0.89,0,0
40157,2026,8,1,4,132.0,22,24.0,1006.0,SE,1.79,0,0
40158,2026,8,1,5,136.0,22,24.0,1006.0,SE,3.58,0,0
40159,2026,8,1,6,146.0,23,24.0,1007.0,NW,0.89,0,0
40160,2026,8,1,7,159.0,23,25.0,1007.0,SE,1.79,0,0
40161,2026,8,1,8,179.0,23,26.0,1007.0,SE,3.58,0,0
40162,2026,8,1,9,185.0,23,26.0,1008.0,SE,5.37,0,0
40163,2026,8,1,10,152.0,23,28.0,1007.0,SE,8.5,0,0
40164,2026,8,1,11,112.0,23,29.0,1007.0,SE,10.29,0,0
40165,2026,8,1,12,123.0,22,31.0,1007.0,cv,1.79,0,0
40166,2026,8,1,13,109.0,22,32.0,1006.0,cv,3.58,0,0
40167,2026,8,1,14,103.0,22,32.0,1006.0,SE,1.79,0,0
40168,2026,8,1,15,98.0,22,32.0,1005.0,SE,4.92,0,0
40169,2026,8,1,16,94.0,22,32.0,1005.0,SE,8.05,0,0
40170,2026,8,1,17,106.0,22,32.0,1005.0,SE,11.18,0,0
40171,2026,8,1,18,115.0,23,31.0,1005.0,SE,14.31,0,0
40172,2026,8,1,19,124.0,23,30.0,1005.0,SE,16.1,0,0
40173,2026,8,1,20,134.0,23,29.0,1005.0,SE,17.89,0,0
40174,2026,8,1,21,134.0,23,28.0,1006.0,cv,0.89,0,0
40175,2026,8,1,22,137.0,24,27.0,1006.0,cv,1.78,0,0
40176,2026,8,1,23,101.0,24,26.0,1006.0,SE,0.89,0,0
40177,2026,8,2,0,78.0,24,26.0,1005.0,SE,1.78,0,0
40178,2026,8,2,1,79.0,24,26.0,1005.0,SE,3.57,0,0
40179,2026,8,2,2,85.0,24,26.0,1005.0,SE,5.36,0,0
40180,2026,8,2,3,93.0,24,26.0,1005.0,SE,8.49,0,0
40181,2026,8,2,4,88.0,23,25.0,1005.0,SE,10.28,0,0
40182,2026,8,2,5,78.0,23,25.0,1005.0,cv,0.89,0,0
40183,2026,8,2,6,69.0,24,25.0,1005.0,cv,1.78,0,0
40184,2026,8,2,7,62.0,24,26.0,1005.0,SE,3.13,0,0
40185,2026,8,2,8,57.0,24,27.0,1005.0,SE,4.92,0,0
40186,2026,8,2,9,77.0,24,28.0,1005.0,cv,0.89,0,0
40187,2026,8,2,10,87.0,25,29.0,1004.0,cv,1.78,0,0
40188,2026,8,2,11,97.0,25,31.0,1004.0,cv,2.67,0,0
40189,2026,8,2,12,101.0,24,32.0,1003.0,cv,3.56,0,0
40190,2026,8,2,13,112.0,24,33.0,1002.0,cv,5.35,0,0
40191,2026,8,2,14,109.0,24,33.0,1002.0,cv,7.14,0,0
40192,2026,8,2,15,110.0,24,34.0,1001.0,SE,1.79,0,0
40193,2026,8,2,16,104.0,24,34.0,1001.0,SE,3.58,0,0
40194,2026,8,2,17,104.0,24,34.0,1001.0,SE,6.71,0,0
40195,2026,8,2,18,101.0,23,33.0,1000.0,SE,9.84,0,0
40196,2026,8,2,19,100.0,23,32.0,1001.0,SE,13.86,0,0
40197,2026,8,2,20,113.0,24,30.0,1001.0,cv,0.89,0,0
40198,2026,8,2,21,115.0,23,31.0,1002.0,SE,1.79,0,0
40199,2026,8,2,22,121.0,24,28.0,1001.0,cv,0.45,0,0
40200,2026,8,2,23,119.0,24,27.0,1002.0,NE,0.89,0,0
40201,2026,8,3,0,138.0,24,27.0,1001.0,NE,2.68,0,0
40202,2026,8,3,1,146.0,24,27.0,1001.0,SE,0.89,0,0
40203,2026,8,3,2,158.0,25,26.0,1001.0,cv,0.89,0,0
40204,2026,8,3,3,184.0,24,26.0,1001.0,SE,0.89,0,0
40205,2026,8,3,4,190.0,25,26.0,1001.0,cv,0.89,0,0
40206,2026,8,3,5,201.0,24,26.0,1001.0,cv,1.78,0,0
40207,2026,8,3,6,175.0,24,26.0,1001.0,cv,2.23,0,0
40208,2026,8,3,7,132.0,24,27.0,1002.0,NE,0.89,0,0
40209,2026,8,3,8,102.0,25,29.0,1002.0,NE,2.68,0,0
40210,2026,8,3,9,88.0,24,31.0,1002.0,NW,1.79,0,0
40211,2026,8,3,10,74.0,24,32.0,1001.0,cv,0.45,0,0
40212,2026,8,3,11,74.0,24,34.0,1001.0,cv,1.34,0,0
40213,2026,8,3,12,82.0,24,34.0,1001.0,cv,2.23,0,0
40214,2026,8,3,13,73.0,24,34.0,1000.0,cv,3.12,0,0
40215,2026,8,3,14,95.0,24,34.0,999.0,NW,4.02,0,0
40216,2026,8,3,15,76.0,24,34.0,1000.0,NW,8.04,0,0
40217,2026,8,3,16,102.0,24,33.0,1000.0,NW,12.96,0,0
40218,2026,8,3,17,72.0,23,29.0,1000.0,SE,4.92,0,0
40219,2026,8,3,18,69.0,23,28.0,1000.0,cv,0.89,0,0
40220,2026,8,3,19,52.0,24,29.0,1000.0,cv,1.78,0,0
40221,2026,8,3,20,54.0,24,27.0,1001.0,SE,1.79,0,0
40222,2026,8,3,21,67.0,23,27.0,1002.0,SE,3.58,0,0
40223,2026,8,3,22,63.0,23,27.0,1002.0,SE,4.47,0,0
40224,2026,8,3,23,67.0,23,27.0,1001.0,cv,0.45,0,0
40225,2026,8,4,0,74.0,24,26.0,1001.0,NE,0.89,0,0
40226,2026,8,4,1,80.0,24,26.0,1001.0,cv,0.89,0,0
40227,2026,8,4,2,92.0,24,26.0,1001.0,SE,0.89,0,1
40228,2026,8,4,3,89.0,24,26.0,1001.0,cv,0.89,0,2
40229,2026,8,4,4,82.0,24,26.0,1001.0,NW,0.89,0,3
40230,2026,8,4,5,92.0,24,26.0,1001.0,NW,2.68,0,0
40231,2026,8,4,6,90.0,24,26.0,1002.0,cv,0.89,0,0
40232,2026,8,4,7,90.0,22,27.0,1002.0,NE,3.13,0,0
40233,2026,8,4,8,59.0,20,28.0,1003.0,NE,8.05,0,0
40234,2026,8,4,9,12.0,19,26.0,1003.0,NE,12.97,0,1
40235,2026,8,4,10,10.0,19,26.0,1004.0,NE,18.78,0,2
40236,2026,8,4,11,7.0,18,26.0,1005.0,NE,24.59,0,0
40237,2026,8,4,12,5.0,19,22.0,1005.0,NE,30.4,0,1
40238,2026,8,4,13,7.0,19,22.0,1006.0,NE,33.53,0,2
40239,2026,8,4,14,7.0,19,21.0,1006.0,NW,3.13,0,3
40240,2026,8,4,15,6.0,19,21.0,1006.0,NE,3.13,0,4
40241,2026,8,4,16,4.0,19,22.0,1006.0,NE,4.92,0,0
40242,2026,8,4,17,7.0,19,23.0,1006.0,NW,4.02,0,0
40243,2026,8,4,18,7.0,18,22.0,1006.0,NW,7.15,0,0
40244,2026,8,4,19,4.0,18,23.0,1006.0,NE,1.79,0,0
40245,2026,8,4,20,2.0,18,22.0,1006.0,NW,1.79,0,0
40246,2026,8,4,21,2.0,18,21.0,1007.0,NW,4.92,0,0
40247,2026,8,4,22,4.0,18,21.0,1007.0,NW,6.71,0,0
40248,2026,8,4,23,4.0,18,21.0,1006.0,NW,8.5,0,0
40249,2026,8,5,0,6.0,18,20.0,1006.0,NW,10.29,0,0
40250,2026,8,5,1,14.0,17,20.0,1007.0,NE,1.79,0,0
40251,2026,8,5,2,13.0,18,20.0,1006.0,cv,0.89,0,0
40252,2026,8,5,3,10.0,18,19.0,1007.0,NW,1.79,0,0
40253,2026,8,5,4,8.0,18,20.0,1007.0,NW,3.58,0,0
40254,2026,8,5,5,9.0,17,20.0,1007.0,NW,6.71,0,0
40255,2026,8,5,6,11.0,18,19.0,1007.0,NW,9.84,0,0
40256,2026,8,5,7,14.0,18,21.0,1007.0,NW,12.97,0,0
40257,2026,8,5,8,16.0,18,22.0,1008.0,NW,16.1,0,0
40258,2026,8,5,9,14.0,19,24.0,1008.0,NW,19.23,0,0
40259,2026,8,5,10,25.0,18,27.0,1008.0,cv,0.89,0,0
40260,2026,8,5,11,25.0,19,28.0,1008.0,cv,1.78,0,0
40261,2026,8,5,12,31.0,17,29.0,1007.0,cv,2.67,0,0
40262,2026,8,5,13,27.0,17,30.0,1006.0,SE,1.79,0,0
40263,2026,8,5,14,26.0,14,32.0,1006.0,SE,3.58,0,0
40264,2026,8,5,15,28.0,15,31.0,1005.0,SE,5.37,0,0
40265,2026,8,5,16,32.0,16,31.0,1005.0,SE,8.5,0,0
40266,2026,8,5,17,51.0,18,30.0,1005.0,SE,11.63,0,0
40267,2026,8,5,18,32.0,19,29.0,1005.0,SE,14.76,0,0
40268,2026,8,5,19,25.0,20,29.0,1005.0,SE,17.89,0,0
40269,2026,8,5,20,23.0,19,28.0,1006.0,SE,19.68,0,0
40270,2026,8,5,21,27.0,21,26.0,1007.0,SE,20.57,0,0
40271,2026,8,5,22,28.0,21,25.0,1006.0,SE,21.46,0,0
40272,2026,8,5,23,26.0,21,24.0,1006.0,cv,0.89,0,0
40273,2026,8,6,0,32.0,21,23.0,1007.0,SE,0.89,0,0
40274,2026,8,6,1,34.0,21,23.0,1006.0,NE,1.79,0,0
40275,2026,8,6,2,48.0,21,22.0,1007.0,NE,3.58,0,0
40276,2026,8,6,3,49.0,21,22.0,1007.0,NW,0.89,0,0
40277,2026,8,6,4,60.0,20,22.0,1006.0,NW,2.68,0,0
40278,2026,8,6,5,63.0,19,23.0,1007.0,NW,5.81,0,0
40279,2026,8,6,6,62.0,19,22.0,1008.0,NW,8.94,0,0
40280,2026,8,6,7,68.0,19,24.0,1008.0,NW,12.96,0,0
40281,2026,8,6,8,63.0,19,27.0,1008.0,NW,16.09,0,0
40282,2026,8,6,9,50.0,16,29.0,1008.0,NE,4.02,0,0
40283,2026,8,6,10,23.0,16,31.0,1008.0,NW,4.02,0,0
40284,2026,8,6,11,16.0,14,32.0,1008.0,NE,4.02,0,0
40285,2026,8,6,12,8.0,12,33.0,1007.0,NE,8.94,0,0
40286,2026,8,6,13,6.0,12,34.0,1007.0,NE,13.86,0,0
40287,2026,8,6,14,3.0,11,33.0,1006.0,NE,17.88,0,0
40288,2026,8,6,15,2.0,10,33.0,1006.0,NE,21.01,0,0
40289,2026,8,6,16,5.0,12,33.0,1006.0,SE,1.79,0,0
40290,2026,8,6,17,4.0,11,33.0,1006.0,SE,3.58,0,0
40291,2026,8,6,18,8.0,10,33.0,1006.0,SE,6.71,0,0
40292,2026,8,6,19,15.0,18,30.0,1006.0,SE,11.63,0,0
40293,2026,8,6,20,25.0,19,28.0,1007.0,SE,14.76,0,0
40294,2026,8,6,21,28.0,20,27.0,1008.0,SE,17.89,0,0
40295,2026,8,6,22,46.0,20,26.0,1008.0,SE,21.02,0,0
40296,2026,8,6,23,71.0,19,24.0,1009.0,SE,22.81,0,0
40297,2026,8,7,0,125.0,19,23.0,1009.0,cv,0.89,0,0
40298,2026,8,7,1,142.0,19,22.0,1009.0,NE,0.89,0,0
40299,2026,8,7,2,105.0,19,22.0,1009.0,cv,0.89,0,0
40300,2026,8,7,3,101.0,19,21.0,1009.0,SE,0.89,0,0
40301,2026,8,7,4,89.0,19,21.0,1009.0,NE,0.89,0,0
40302,2026,8,7,5,93.0,18,20.0,1010.0,NW,4.02,0,0
40303,2026,8,7,6,85.0,18,21.0,1010.0,NW,7.15,0,0
40304,2026,8,7,7,62.0,18,23.0,1010.0,NW,8.94,0,0
40305,2026,8,7,8,40.0,17,25.0,1010.0,NW,12.96,0,0
40306,2026,8,7,9,52.0,17,28.0,1010.0,NW,16.09,0,0
40307,2026,8,7,10,62.0,16,29.0,1010.0,NE,3.13,0,0
40308,2026,8,7,11,55.0,14,30.0,1010.0,cv,0.89,0,0
40309,2026,8,7,12,48.0,13,31.0,1009.0,SE,1.79,0,0
40310,2026,8,7,13,41.0,15,33.0,1009.0,cv,1.79,0,0
40311,2026,8,7,14,39.0,15,32.0,1008.0,SE,3.13,0,0
40312,2026,8,7,15,43.0,15,33.0,1008.0,SE,6.26,0,0
40313,2026,8,7,16,43.0,14,32.0,1007.0,SE,10.28,0,0
40314,2026,8,7,17,44.0,15,32.0,1007.0,SE,14.3,0,0
40315,2026,8,7,18,37.0,16,30.0,1007.0,SE,18.32,0,0
40316,2026,8,7,19,40.0,18,29.0,1008.0,SE,21.45,0,0
40317,2026,8,7,20,64.0,17,28.0,1008.0,SE,24.58,0,0
40318,2026,8,7,21,48.0,17,27.0,1009.0,SE,27.71,0,0
40319,2026,8,7,22,56.0,17,26.0,1009.0,SE,29.5,0,0
40320,2026,8,7,23,41.0,17,25.0,1009.0,SE,31.29,0,0
40321,2026,8,8,0,48.0,17,25.0,1009.0,SE,34.42,0,0
40322,2026,8,8,1,29.0,18,23.0,1009.0,cv,0.89,0,0
40323,2026,8,8,2,40.0,18,22.0,1009.0,NE,1.79,0,0
40324,2026,8,8,3,42.0,18,21.0,1009.0,cv,0.89,0,0
40325,2026,8,8,4,47.0,18,20.0,1009.0,cv,1.78,0,0
40326,2026,8,8,5,51.0,18,21.0,1010.0,cv,2.67,0,0
40327,2026,8,8,6,69.0,18,21.0,1010.0,NE,0.89,0,0
40328,2026,8,8,7,79.0,19,23.0,1010.0,cv,0.89,0,0
40329,2026,8,8,8,90.0,19,26.0,1010.0,cv,1.78,0,0
40330,2026,8,8,9,83.0,17,27.0,1010.0,cv,2.67,0,0
40331,2026,8,8,10,76.0,18,28.0,1010.0,SE,1.79,0,0
40332,2026,8,8,11,85.0,18,29.0,1009.0,SE,3.58,0,0
40333,2026,8,8,12,72.0,17,31.0,1009.0,SE,6.71,0,0
40334,2026,8,8,13,56.0,15,31.0,1008.0,SE,10.73,0,0
40335,2026,8,8,14,45.0,14,32.0,1008.0,SE,15.65,0,0
40336,2026,8,8,15,46.0,13,32.0,1007.0,SE,20.57,0,0
40337,2026,8,8,16,39.0,14,32.0,1007.0,SE,25.49,0,0
40338,2026,8,8,17,49.0,14,31.0,1006.0,SE,30.41,0,0
40339,2026,8,8,18,49.0,15,30.0,1006.0,SE,34.43,0,0
40340,2026,8,8,19,62.0,16,29.0,1007.0,SE,37.56,0,0
40341,2026,8,8,20,59.0,16,27.0,1007.0,SE,39.35,0,0
40342,2026,8,8,21,58.0,17,26.0,1007.0,SE,41.14,0,0
40343,2026,8,8,22,59.0,18,25.0,1008.0,SE,42.93,0,0
40344,2026,8,8,23,60.0,18,25.0,1008.0,SE,44.72,0,0
40345,2026,8,9,0,72.0,18,22.0,1007.0,SE,46.51,0,0
40346,2026,8,9,1,71.0,18,23.0,1007.0,SE,48.3,0,0
40347,2026,8,9,2,90.0,18,23.0,1007.0,SE,51.43,0,0
40348,2026,8,9,3,120.0,18,22.0,1007.0,SE,53.22,0,0
40349,2026,8,9,4,123.0,18,21.0,1007.0,cv,0.89,0,0
40350,2026,8,9,5,132.0,18,21.0,1007.0,cv,1.34,0,0
40351,2026,8,9,6,144.0,19,21.0,1008.0,NE,0.89,0,0
40352,2026,8,9,7,154.0,20,22.0,1008.0,SE,1.79,0,0
40353,2026,8,9,8,160.0,20,25.0,1008.0,SE,3.58,0,0
40354,2026,8,9,9,124.0,20,26.0,1007.0,SE,5.37,0,0
40355,2026,8,9,10,95.0,18,28.0,1008.0,cv,1.79,0,0
40356,2026,8,9,11,80.0,19,28.0,1007.0,cv,3.58,0,0
40357,2026,8,9,12,72.0,19,30.0,1006.0,SE,3.13,0,0
40358,2026,8,9,13,70.0,18,31.0,1006.0,SE,6.26,0,0
40359,2026,8,9,14,58.0,16,31.0,1005.0,SE,10.28,0,0
40360,2026,8,9,15,53.0,17,31.0,1004.0,SE,13.41,0,0
40361,2026,8,9,16,54.0,16,31.0,1003.0,SE,18.33,0,0
40362,2026,8,9,17,44.0,15,31.0,1003.0,SE,23.25,0,0
40363,2026,8,9,18,33.0,17,29.0,1003.0,SE,26.38,0,0
40364,2026,8,9,19,46.0,16,28.0,1003.0,SE,30.4,0,0
40365,2026,8,9,20,42.0,17,28.0,1004.0,SE,33.53,0,0
40366,2026,8,9,21,55.0,18,27.0,1005.0,SE,36.66,0,0
40367,2026,8,9,22,15.0,18,22.0,1006.0,NW,7.15,0,1
40368,2026,8,9,23,18.0,18,21.0,1005.0,cv,0.89,0,2
40369,2026,8,10,0,17.0,19,21.0,1004.0,NE,1.79,0,0
40370,2026,8,10,1,22.0,18,21.0,1004.0,NW,1.79,0,0
40371,2026,8,10,2,22.0,18,20.0,1005.0,NE,1.79,0,0
40372,2026,8,10,3,24.0,18,20.0,1004.0,cv,0.89,0,0
40373,2026,8,10,4,21.0,17,19.0,1004.0,NW,0.89,0,0
40374,2026,8,10,5,28.0,18,19.0,1004.0,NW,2.68,0,0
40375,2026,8,10,6,31.0,18,19.0,1004.0,NE,0.89,0,0
40376,2026,8,10,7,31.0,19,22.0,1004.0,NW,1.79,0,0
40377,2026,8,10,8,24.0,19,24.0,1005.0,cv,0.89,0,0
40378,2026,8,10,9,25.0,19,25.0,1004.0,SE,1.79,0,0
40379,2026,8,10,10,39.0,18,27.0,1004.0,cv,0.89,0,0
40380,2026,8,10,11,38.0,18,29.0,1004.0,cv,1.78,0,0
40381,2026,8,10,12,37.0,17,30.0,1003.0,NW,3.13,0,0
40382,2026,8,10,13,36.0,17,31.0,1003.0,SE,1.79,0,0
40383,2026,8,10,14,32.0,17,33.0,1002.0,cv,1.79,0,0
40384,2026,8,10,15,30.0,16,33.0,1001.0,cv,3.58,0,0
40385,2026,8,10,16,23.0,16,33.0,1000.0,SE,4.02,0,0
40386,2026,8,10,17,20.0,18,33.0,1000.0,SE,8.94,0,0
40387,2026,8,10,18,28.0,17,32.0,1000.0,SE,13.86,0,0
40388,2026,8,10,19,43.0,18,31.0,1001.0,SE,18.78,0,0
40389,2026,8,10,20,53.0,19,29.0,1001.0,SE,20.57,0,0
40390,2026,8,10,21,49.0,19,27.0,1002.0,SE,22.36,0,0
40391,2026,8,10,22,53.0,20,26.0,1003.0,NE,1.79,0,0
40392,2026,8,10,23,78.0,20,25.0,1003.0,NE,3.58,0,0
40393,2026,8,11,0,86.0,19,24.0,1004.0,NW,1.79,0,0
40394,2026,8,11,1,65.0,20,23.0,1004.0,NW,5.81,0,0
40395,2026,8,11,2,58.0,19,23.0,1004.0,NW,10.73,0,0
40396,2026,8,11,3,53.0,18,22.0,1004.0,NW,13.86,0,0
40397,2026,8,11,4,26.0,18,22.0,1004.0,NW,16.99,0,0
40398,2026,8,11,5,20.0,18,21.0,1005.0,NW,20.12,0,0
40399,2026,8,11,6,12.0,18,21.0,1005.0,NW,21.91,0,0
40400,2026,8,11,7,13.0,18,25.0,1005.0,NW,23.7,0,0
40401,2026,8,11,8,12.0,16,27.0,1006.0,NW,27.72,0,0
40402,2026,8,11,9,12.0,15,29.0,1006.0,NE,4.02,0,0
40403,2026,8,11,10,6.0,11,31.0,1006.0,NW,4.92,0,0
40404,2026,8,11,11,11.0,13,33.0,1005.0,NW,9.84,0,0
40405,2026,8,11,12,6.0,11,32.0,1005.0,NE,4.02,0,0
40406,2026,8,11,13,6.0,11,34.0,1004.0,cv,1.79,0,0
40407,2026,8,11,14,11.0,11,33.0,1003.0,NE,4.02,0,0
40408,2026,8,11,15,10.0,10,34.0,1003.0,SE,1.79,0,0
40409,2026,8,11,16,9.0,10,34.0,1002.0,SE,3.58,0,0
40410,2026,8,11,17,9.0,11,34.0,1002.0,SE,5.37,0,0
40411,2026,8,11,18,14.0,12,33.0,1002.0,cv,0.89,0,0
40412,2026,8,11,19,21.0,16,29.0,1002.0,cv,1.34,0,0
40413,2026,8,11,20,22.0,16,26.0,1003.0,cv,2.23,0,0
40414,2026,8,11,21,23.0,12,31.0,1004.0,NW,1.79,0,0
40415,2026,8,11,22,27.0,14,29.0,1005.0,SE,3.13,0,0
40416,2026,8,11,23,42.0,15,23.0,1005.0,NW,1.79,0,0
40417,2026,8,12,0,50.0,17,21.0,1005.0,cv,0.45,0,0
40418,2026,8,12,1,57.0,17,20.0,1005.0,cv,0.9,0,0
40419,2026,8,12,2,29.0,14,22.0,1005.0,NW,1.79,0,0
40420,2026,8,12,3,26.0,13,21.0,1005.0,NW,3.58,0,0
40421,2026,8,12,4,23.0,12,20.0,1005.0,NW,5.37,0,0
40422,2026,8,12,5,18.0,10,23.0,1005.0,NE,4.02,0,0
40423,2026,8,12,6,15.0,12,21.0,1006.0,NW,3.13,0,0
40424,2026,8,12,7,12.0,11,25.0,1006.0,NW,6.26,0,0
40425,2026,8,12,8,17.0,10,27.0,1007.0,NE,3.13,0,0
40426,2026,8,12,9,8.0,11,29.0,1007.0,NE,6.26,0,0
40427,2026,8,12,10,10.0,11,31.0,1007.0,cv,0.89,0,0
40428,2026,8,12,11,12.0,12,32.0,1007.0,SE,3.13,0,0
40429,2026,8,12,12,19.0,13,32.0,1006.0,SE,6.26,0,0
40430,2026,8,12,13,21.0,12,33.0,1006.0,SE,9.39,0,0
40431,2026,8,12,14,30.0,13,33.0,1005.0,cv,0.89,0,0
40432,2026,8,12,15,33.0,13,32.0,1004.0,SE,1.79,0,0
40433,2026,8,12,16,28.0,12,32.0,1004.0,SE,3.58,0,0
40434,2026,8,12,17,24.0,13,31.0,1004.0,SE,6.71,0,0
40435,2026,8,12,18,31.0,16,29.0,1005.0,SE,8.5,0,0
40436,2026,8,12,19,40.0,17,27.0,1005.0,cv,0.89,0,0
40437,2026,8,12,20,29.0,18,26.0,1006.0,SE,0.89,0,0
40438,2026,8,12,21,64.0,17,26.0,1006.0,SE,2.68,0,0
40439,2026,8,12,22,38.0,16,28.0,1006.0,NW,3.13,0,0
40440,2026,8,12,23,19.0,15,28.0,1007.0,NW,7.15,0,0
40441,2026,8,13,0,23.0,18,22.0,1008.0,SE,5.81,0,1
40442,2026,8,13,1,13.0,18,21.0,1007.0,NE,3.13,0,2
40443,2026,8,13,2,15.0,17,21.0,1007.0,cv,0.89,0,0
40444,2026,8,13,3,21.0,18,20.0,1007.0,NE,3.13,0,0
40445,2026,8,13,4,18.0,18,21.0,1007.0,NE,4.02,0,1
40446,2026,8,13,5,19.0,18,20.0,1008.0,SE,0.89,0,2
40447,2026,8,13,6,38.0,18,20.0,1008.0,cv,0.89,0,3
40448,2026,8,13,7,36.0,19,20.0,1008.0,NE,3.13,0,4
40449,2026,8,13,8,36.0,19,20.0,1008.0,SE,3.13,0,5
40450,2026,8,13,9,53.0,18,20.0,1009.0,SE,4.92,0,6
40451,2026,8,13,10,55.0,18,20.0,1009.0,NE,3.13,0,7
40452,2026,8,13,11,43.0,18,20.0,1009.0,NW,1.79,0,8
40453,2026,8,13,12,38.0,18,20.0,1009.0,NW,4.92,0,9
40454,2026,8,13,13,26.0,18,19.0,1009.0,NW,8.05,0,10
40455,2026,8,13,14,17.0,18,20.0,1008.0,NE,1.79,0,11
40456,2026,8,13,15,17.0,18,20.0,1008.0,NW,3.13,0,0
40457,2026,8,13,16,15.0,18,21.0,1008.0,NW,4.92,0,0
40458,2026,8,13,17,19.0,18,23.0,1008.0,cv,1.79,0,0
40459,2026,8,13,18,21.0,18,23.0,1008.0,NW,1.79,0,0
40460,2026,8,13,19,24.0,18,21.0,1008.0,SE,0.89,0,0
40461,2026,8,13,20,24.0,18,20.0,1008.0,SE,1.78,0,0
40462,2026,8,13,21,26.0,18,20.0,1009.0,cv,0.89,0,0
40463,2026,8,13,22,24.0,17,19.0,1009.0,cv,1.78,0,0
40464,2026,8,13,23,21.0,17,18.0,1009.0,NE,0.89,0,0
40465,2026,8,14,0,29.0,17,18.0,1009.0,NW,1.79,0,0
40466,2026,8,14,1,19.0,16,18.0,1009.0,cv,0.89,0,0
40467,2026,8,14,2,22.0,16,18.0,1009.0,NE,1.79,0,0
40468,2026,8,14,3,22.0,16,17.0,1009.0,NW,1.79,0,0
40469,2026,8,14,4,16.0,16,17.0,1008.0,NW,4.92,0,0
40470,2026,8,14,5,28.0,15,17.0,1008.0,cv,0.89,0,0
40471,2026,8,14,6,35.0,16,17.0,1009.0,cv,1.34,0,0
40472,2026,8,14,7,17.0,17,19.0,1009.0,NW,3.13,0,0
40473,2026,8,14,8,25.0,17,22.0,1009.0,NW,6.26,0,0
40474,2026,8,14,9,27.0,17,23.0,1009.0,NW,8.05,0,0
40475,2026,8,14,10,26.0,18,25.0,1009.0,cv,0.89,0,0
40476,2026,8,14,11,26.0,17,26.0,1008.0,cv,1.78,0,0
40477,2026,8,14,12,28.0,18,27.0,1008.0,SE,1.79,0,0
40478,2026,8,14,13,42.0,17,29.0,1007.0,SE,4.92,0,0
40479,2026,8,14,14,48.0,17,29.0,1007.0,SE,8.94,0,0
40480,2026,8,14,15,31.0,18,30.0,1006.0,SE,13.86,0,0
40481,2026,8,14,16,27.0,17,30.0,1005.0,SE,19.67,0,0
40482,2026,8,14,17,26.0,17,29.0,1005.0,SE,24.59,0,0
40483,2026,8,14,18,35.0,16,28.0,1005.0,SE,28.61,0,0
40484,2026,8,14,19,32.0,17,28.0,1006.0,SE,33.53,0,0
40485,2026,8,14,20,38.0,18,27.0,1006.0,SE,36.66,0,0
40486,2026,8,14,21,37.0,16,27.0,1007.0,NW,3.13,0,0
40487,2026,8,14,22,26.0,16,23.0,1006.0,cv,0.89,0,0
40488,2026,8,14,23,17.0,17,21.0,1007.0,cv,1.78,0,0
40489,2026,8,15,0,32.0,17,21.0,1006.0,SE,1.79,0,0
40490,2026,8,15,1,26.0,18,20.0,1006.0,cv,0.45,0,0
40491,2026,8,15,2,34.0,18,19.0,1006.0,NE,0.89,0,0
40492,2026,8,15,3,32.0,17,19.0,1006.0,NW,1.79,0,0
40493,2026,8,15,4,23.0,17,18.0,1006.0,cv,0.89,0,0
40494,2026,8,15,5,35.0,17,18.0,1007.0,NE,0.89,0,0
40495,2026,8,15,6,71.0,17,19.0,1007.0,cv,0.89,0,0
40496,2026,8,15,7,102.0,19,21.0,1008.0,cv,1.78,0,0
40497,2026,8,15,8,121.0,19,23.0,1008.0,NE,1.79,0,0
40498,2026,8,15,9,114.0,19,25.0,1008.0,NE,4.92,0,0
40499,2026,8,15,10,64.0,19,27.0,1008.0,cv,0.89,0,0
40500,2026,8,15,11,47.0,17,29.0,1007.0,NE,1.79,0,0
40501,2026,8,15,12,26.0,15,31.0,1007.0,cv,0.89,0,0
40502,2026,8,15,13,17.0,14,32.0,1006.0,cv,1.78,0,0
40503,2026,8,15,14,12.0,13,32.0,1006.0,SE,1.79,0,0
40504,2026,8,15,15,17.0,14,32.0,1005.0,SE,4.92,0,0
40505,2026,8,15,16,34.0,14,32.0,1005.0,SE,8.05,0,0
40506,2026,8,15,17,48.0,15,31.0,1005.0,SE,12.07,0,0
40507,2026,8,15,18,22.0,17,24.0,1005.0,SE,13.86,0,0
40508,2026,8,15,19,30.0,18,23.0,1005.0,cv,0.89,0,0
40509,2026,8,15,20,27.0,19,22.0,1006.0,cv,1.78,0,0
40510,2026,8,15,21,24.0,19,22.0,1006.0,cv,2.67,0,0
40511,2026,8,15,22,28.0,19,22.0,1007.0,SE,1.79,0,0
40512,2026,8,15,23,33.0,19,23.0,1007.0,SE,3.58,0,0
40513,2026,8,16,0,55.0,19,23.0,1007.0,SE,6.71,0,0
40514,2026,8,16,1,70.0,18,22.0,1007.0,cv,0.89,0,0
40515,2026,8,16,2,71.0,19,21.0,1007.0,cv,1.78,0,0
40516,2026,8,16,3,88.0,18,20.0,1007.0,NW,1.79,0,0
40517,2026,8,16,4,82.0,18,21.0,1008.0,NW,3.58,0,0
40518,2026,8,16,5,52.0,17,20.0,1008.0,NW,5.37,0,0
40519,2026,8,16,6,46.0,17,20.0,1008.0,NW,7.16,0,0
40520,2026,8,16,7,33.0,19,22.0,1009.0,cv,0.45,0,0
40521,2026,8,16,8,37.0,19,24.0,1009.0,NE,1.79,0,0
40522,2026,8,16,9,49.0,18,26.0,1009.0,NE,3.58,0,0
40523,2026,8,16,10,71.0,17,29.0,1009.0,cv,0.89,0,0
40524,2026,8,16,11,68.0,18,31.0,1009.0,cv,1.78,0,0
40525,2026,8,16,12,48.0,18,31.0,1008.0,cv,2.67,0,0
40526,2026,8,16,13,44.0,19,32.0,1008.0,cv,3.56,0,0
40527,2026,8,16,14,38.0,18,32.0,1007.0,cv,6.69,0,0
40528,2026,8,16,15,28.0,16,33.0,1006.0,SE,3.13,0,0
40529,2026,8,16,16,52.0,16,33.0,1006.0,SE,6.26,0,0
40530,2026,8,16,17,63.0,17,32.0,1006.0,SE,9.39,0,0
40531,2026,8,16,18,56.0,18,31.0,1006.0,SE,12.52,0,0
40532,2026,8,16,19,61.0,19,28.0,1006.0,SE,14.31,0,0
40533,2026,8,16,20,74.0,19,27.0,1007.0,cv,0.89,0,0
40534,2026,8,16,21,80.0,19,24.0,1007.0,SE,0.89,0,0
40535,2026,8,16,22,89.0,20,26.0,1008.0,SE,2.68,0,0
40536,2026,8,16,23,97.0,20,25.0,1008.0,cv,0.89,0,0
40537,2026,8,17,0,172.0,22,25.0,1008.0,SE,3.13,0,0
40538,2026,8,17,1,209.0,21,25.0,1008.0,SE,4.92,0,0
40539,2026,8,17,2,72.0,21,25.0,1008.0,SE,8.05,0,0
40540,2026,8,17,3,19.0,18,22.0,1008.0,SE,11.18,0,0
40541,2026,8,17,4,23.0,17,23.0,1009.0,SE,16.1,0,0
40542,2026,8,17,5,31.0,17,22.0,1010.0,SE,20.12,0,0
40543,2026,8,17,6,27.0,17,20.0,1011.0,NE,1.79,0,0
40544,2026,8,17,7,33.0,18,23.0,1010.0,cv,0.89,0,0
40545,2026,8,17,8,38.0,17,24.0,1010.0,NE,1.79,0,0
40546,2026,8,17,9,36.0,18,25.0,1010.0,NE,4.92,0,0
40547,2026,8,17,10,39.0,18,27.0,1010.0,NW,1.79,0,0
40548,2026,8,17,11,44.0,17,29.0,1010.0,NW,3.58,0,0
40549,2026,8,17,12,37.0,17,30.0,1010.0,cv,1.79,0,0
40550,2026,8,17,13,36.0,17,30.0,1010.0,SE,3.13,0,0
40551,2026,8,17,14,28.0,16,30.0,1009.0,SE,8.05,0,0
40552,2026,8,17,15,38.0,16,30.0,1009.0,SE,12.97,0,0
40553,2026,8,17,16,23.0,16,30.0,1009.0,SE,16.1,0,0
40554,2026,8,17,17,20.0,16,30.0,1010.0,SE,19.23,0,0
40555,2026,8,17,18,20.0,17,28.0,1010.0,SE,22.36,0,0
40556,2026,8,17,19,35.0,18,27.0,1010.0,SE,24.15,0,0
40557,2026,8,17,20,44.0,18,26.0,1011.0,SE,25.94,0,0
40558,2026,8,17,21,55.0,18,24.0,1012.0,cv,0.89,0,0
40559,2026,8,17,22,73.0,19,24.0,1011.0,NE,0.89,0,0
40560,2026,8,17,23,81.0,19,23.0,1011.0,cv,0.89,0,0
40561,2026,8,18,0,93.0,19,22.0,1011.0,SE,0.89,0,0
40562,2026,8,18,1,91.0,19,22.0,1012.0,SE,1.78,0,0
40563,2026,8,18,2,51.0,19,22.0,1012.0,NE,0.89,0,0
40564,2026,8,18,3,56.0,18,21.0,1012.0,NE,1.78,0,0
40565,2026,8,18,4,56.0,17,22.0,1011.0,cv,0.45,0,0
40566,2026,8,18,5,34.0,17,20.0,1012.0,NW,3.13,0,0
40567,2026,8,18,6,35.0,17,20.0,1012.0,NW,4.92,0,0
40568,2026,8,18,7,27.0,17,22.0,1012.0,NW,8.94,0,0
40569,2026,8,18,8,26.0,17,24.0,1013.0,NE,1.79,0,0
40570,2026,8,18,9,39.0,17,25.0,1013.0,NE,3.58,0,0
40571,2026,8,18,10,35.0,18,27.0,1013.0,cv,0.89,0,0
40572,2026,8,18,11,38.0,19,28.0,1012.0,SE,1.79,0,0
40573,2026,8,18,12,59.0,19,28.0,1012.0,SE,3.58,0,0
40574,2026,8,18,13,69.0,19,29.0,1012.0,SE,6.71,0,0
40575,2026,8,18,14,80.0,18,29.0,1011.0,SE,9.84,0,0
40576,2026,8,18,15,74.0,19,30.0,1010.0,SE,12.97,0,0
40577,2026,8,18,16,,18,30.0,1010.0,SE,16.99,0,0
40578,2026,8,18,17,,18,30.0,1010.0,SE,21.01,0,0
40579,2026,8,18,18,65.0,18,29.0,1010.0,SE,24.14,0,0
40580,2026,8,18,19,71.0,18,28.0,1011.0,SE,28.16,0,0
40581,2026,8,18,20,71.0,18,27.0,1011.0,SE,31.29,0,0
40582,2026,8,18,21,74.0,18,25.0,1012.0,SE,33.08,0,0
40583,2026,8,18,22,57.0,16,26.0,1012.0,SE,37.1,0,0
40584,2026,8,18,23,60.0,16,26.0,1012.0,SE,40.23,0,0
40585,2026,8,19,0,74.0,17,23.0,1012.0,SE,42.02,0,0
40586,2026,8,19,1,61.0,18,22.0,1012.0,SE,42.91,0,0
40587,2026,8,19,2,66.0,18,21.0,1011.0,cv,0.89,0,0
40588,2026,8,19,3,74.0,18,21.0,1012.0,NE,1.79,0,0
40589,2026,8,19,4,88.0,18,20.0,1011.0,SE,0.89,0,0
40590,2026,8,19,5,94.0,18,21.0,1012.0,cv,0.89,0,0
40591,2026,8,19,6,97.0,19,20.0,1012.0,SE,0.89,0,0
40592,2026,8,19,7,111.0,19,22.0,1012.0,NE,0.89,0,0
40593,2026,8,19,8,107.0,19,25.0,1013.0,NW,3.13,0,0
40594,2026,8,19,9,123.0,19,27.0,1013.0,NW,4.92,0,0
40595,2026,8,19,10,97.0,19,29.0,1013.0,cv,0.89,0,0
40596,2026,8,19,11,93.0,20,30.0,1012.0,cv,1.78,0,0
40597,2026,8,19,12,78.0,19,30.0,1012.0,cv,3.57,0,0
40598,2026,8,19,13,69.0,19,32.0,1011.0,SE,4.02,0,0
40599,2026,8,19,14,61.0,18,33.0,1010.0,SE,7.15,0,0
40600,2026,8,19,15,55.0,17,33.0,1010.0,SE,11.17,0,0
40601,2026,8,19,16,48.0,17,32.0,1009.0,SE,16.09,0,0
40602,2026,8,19,17,13.0,16,32.0,1009.0,SE,20.11,0,0
40603,2026,8,19,18,59.0,17,31.0,1009.0,SE,24.13,0,0
40604,2026,8,19,19,74.0,17,29.0,1009.0,SE,28.15,0,0
40605,2026,8,19,20,80.0,19,28.0,1010.0,SE,32.17,0,0
40606,2026,8,19,21,84.0,19,28.0,1010.0,SE,35.3,0,0
40607,2026,8,19,22,78.0,19,26.0,1010.0,SE,37.09,0,0
40608,2026,8,19,23,70.0,19,26.0,1010.0,SE,38.88,0,0
40609,2026,8,20,0,73.0,19,25.0,1010.0,SE,40.67,0,0
40610,2026,8,20,1,71.0,19,25.0,1010.0,SE,42.46,0,0
40611,2026,8,20,2,68.0,19,23.0,1010.0,SE,44.25,0,0
40612,2026,8,20,3,88.0,19,22.0,1010.0,SE,46.04,0,0
40613,2026,8,20,4,99.0,19,22.0,1009.0,SE,46.93,0,0
40614,2026,8,20,5,104.0,19,21.0,1010.0,SE,48.72,0,0
40615,2026,8,20,6,106.0,19,21.0,1010.0,SE,49.61,0,0
40616,2026,8,20,7,115.0,19,23.0,1010.0,NE,0.89,0,0
40617,2026,8,20,8,112.0,19,25.0,1010.0,cv,0.89,0,0
40618,2026,8,20,9,114.0,20,27.0,1010.0,cv,1.78,0,0
40619,2026,8,20,10,107.0,21,28.0,1010.0,SE,1.79,0,0
40620,2026,8,20,11,99.0,21,30.0,1010.0,cv,1.79,0,0
40621,2026,8,20,12,81.0,19,32.0,1009.0,SE,4.92,0,0
40622,2026,8,20,13,69.0,18,32.0,1008.0,SE,9.84,0,0
40623,2026,8,20,14,69.0,17,33.0,1007.0,SE,14.76,0,0
40624,2026,8,20,15,77.0,16,33.0,1006.0,SE,20.57,0,0
40625,2026,8,20,16,,17,33.0,1006.0,SE,25.49,0,0
40626,2026,8,20,17,,18,32.0,1006.0,SE,30.41,0,0
40627,2026,8,20,18,,18,31.0,1006.0,SE,34.43,0,0
40628,2026,8,20,19,,18,29.0,1007.0,SE,37.56,0,0
40629,2026,8,20,20,,19,28.0,1007.0,SE,40.69,0,0
40630,2026,8,20,21,,19,28.0,1007.0,SE,42.48,0,0
40631,2026,8,20,22,,19,27.0,1008.0,SE,45.61,0,0
40632,2026,8,20,23,,19,27.0,1008.0,SE,47.4,0,0
40633,2026,8,21,0,,19,26.0,1008.0,SE,50.53,0,0
40634,2026,8,21,1,99.0,19,25.0,1007.0,SE,52.32,0,0
40635,2026,8,21,2,112.0,20,24.0,1007.0,cv,0.45,0,0
40636,2026,8,21,3,119.0,20,23.0,1007.0,SE,1.79,0,0
40637,2026,8,21,4,122.0,20,23.0,1007.0,SE,2.68,0,0
40638,2026,8,21,5,133.0,20,23.0,1007.0,cv,0.89,0,0
40639,2026,8,21,6,133.0,20,23.0,1007.0,NE,0.89,0,0
40640,2026,8,21,7,140.0,20,24.0,1007.0,cv,0.89,0,0
40641,2026,8,21,8,153.0,21,24.0,1008.0,cv,1.78,0,1
40642,2026,8,21,9,173.0,21,25.0,1008.0,cv,2.67,0,0
40643,2026,8,21,10,169.0,21,27.0,1008.0,cv,3.56,0,1
40644,2026,8,21,11,163.0,20,29.0,1008.0,cv,4.45,0,0
40645,2026,8,21,12,138.0,20,31.0,1006.0,SE,1.79,0,0
40646,2026,8,21,13,141.0,21,32.0,1006.0,SE,3.58,0,0
40647,2026,8,21,14,137.0,21,32.0,1005.0,SE,5.37,0,0
40648,2026,8,21,15,134.0,21,32.0,1005.0,SE,10.29,0,0
40649,2026,8,21,16,123.0,21,32.0,1005.0,SE,14.31,0,0
40650,2026,8,21,17,113.0,20,32.0,1005.0,SE,18.33,0,0
40651,2026,8,21,18,115.0,20,32.0,1005.0,SE,20.12,0,0
40652,2026,8,21,19,123.0,21,29.0,1006.0,SE,21.91,0,0
40653,2026,8,21,20,145.0,20,29.0,1008.0,NE,5.81,0,0
40654,2026,8,21,21,69.0,17,24.0,1009.0,SE,4.92,0,0
40655,2026,8,21,22,19.0,16,25.0,1009.0,SE,9.84,0,0
40656,2026,8,21,23,26.0,17,24.0,1008.0,NW,4.92,0,0
40657,2026,8,22,0,22.0,17,24.0,1008.0,NW,9.84,0,0
40658,2026,8,22,1,23.0,18,23.0,1008.0,NE,1.79,0,0
40659,2026,8,22,2,21.0,17,23.0,1008.0,NE,4.92,0,0
40660,2026,8,22,3,23.0,18,21.0,1008.0,cv,0.89,0,0
40661,2026,8,22,4,18.0,18,20.0,1008.0,cv,1.78,0,0
40662,2026,8,22,5,24.0,18,20.0,1008.0,NW,1.79,0,0
40663,2026,8,22,6,30.0,18,20.0,1008.0,NW,3.58,0,0
40664,2026,8,22,7,19.0,19,22.0,1009.0,NW,5.37,0,0
40665,2026,8,22,8,23.0,19,24.0,1009.0,NE,1.79,0,0
40666,2026,8,22,9,19.0,19,25.0,1009.0,cv,0.89,0,0
40667,2026,8,22,10,22.0,19,26.0,1009.0,cv,1.78,0,0
40668,2026,8,22,11,31.0,20,27.0,1009.0,cv,2.67,0,0
40669,2026,8,22,12,42.0,19,27.0,1008.0,cv,3.56,0,0
40670,2026,8,22,13,41.0,19,27.0,1007.0,SE,1.79,0,0
40671,2026,8,22,14,56.0,19,28.0,1007.0,SE,4.92,0,0
40672,2026,8,22,15,72.0,19,28.0,1006.0,cv,0.89,0,0
40673,2026,8,22,16,76.0,19,28.0,1006.0,SE,3.13,0,0
40674,2026,8,22,17,87.0,20,28.0,1006.0,cv,0.89,0,0
40675,2026,8,22,18,91.0,20,27.0,1005.0,SE,1.79,0,0
40676,2026,8,22,19,97.0,20,27.0,1006.0,SE,3.58,0,0
40677,2026,8,22,20,110.0,20,25.0,1006.0,cv,0.89,0,0
40678,2026,8,22,21,124.0,21,24.0,1006.0,SE,0.89,0,0
40679,2026,8,22,22,123.0,21,24.0,1007.0,cv,0.45,0,0
40680,2026,8,22,23,110.0,21,24.0,1006.0,SE,0.89,0,0
40681,2026,8,23,0,115.0,21,24.0,1006.0,SE,2.68,0,0
40682,2026,8,23,1,120.0,21,24.0,1006.0,SE,3.57,0,0
40683,2026,8,23,2,149.0,22,25.0,1006.0,SE,6.7,0,1
40684,2026,8,23,3,142.0,21,23.0,1006.0,cv,0.89,0,0
40685,2026,8,23,4,142.0,21,22.0,1006.0,cv,1.78,0,0
40686,2026,8,23,5,128.0,20,22.0,1006.0,cv,2.67,0,0
40687,2026,8,23,6,120.0,21,22.0,1006.0,NE,0.89,0,0
40688,2026,8,23,7,138.0,21,22.0,1006.0,cv,0.89,0,0
40689,2026,8,23,8,134.0,20,24.0,1006.0,cv,1.78,0,0
40690,2026,8,23,9,153.0,20,26.0,1006.0,cv,2.67,0,0
40691,2026,8,23,10,133.0,21,28.0,1006.0,cv,3.56,0,0
40692,2026,8,23,11,134.0,21,29.0,1006.0,cv,5.35,0,0
40693,2026,8,23,12,116.0,20,30.0,1005.0,SE,1.79,0,0
40694,2026,8,23,13,106.0,19,32.0,1004.0,cv,1.79,0,0
40695,2026,8,23,14,87.0,18,32.0,1003.0,cv,2.68,0,0
40696,2026,8,23,15,83.0,19,32.0,1003.0,SE,3.13,0,0
40697,2026,8,23,16,108.0,19,31.0,1003.0,SE,6.26,0,0
40698,2026,8,23,17,95.0,20,32.0,1003.0,SE,9.39,0,0
40699,2026,8,23,18,104.0,21,31.0,1003.0,SE,11.18,0,0
40700,2026,8,23,19,118.0,21,30.0,1004.0,SE,14.31,0,0
40701,2026,8,23,20,133.0,22,28.0,1004.0,SE,16.1,0,0
40702,2026,8,23,21,151.0,23,27.0,1005.0,cv,0.89,0,0
40703,2026,8,23,22,171.0,22,27.0,1006.0,SE,1.79,0,0
40704,2026,8,23,23,35.0,18,25.0,1006.0,NW,7.15,0,0
40705,2026,8,24,0,26.0,19,24.0,1006.0,NW,11.17,0,1
40706,2026,8,24,1,20.0,18,22.0,1006.0,NE,1.79,0,2
40707,2026,8,24,2,25.0,19,22.0,1005.0,NW,4.92,0,0
40708,2026,8,24,3,31.0,19,22.0,1006.0,NW,8.05,0,0
40709,2026,8,24,4,35.0,20,22.0,1006.0,cv,0.89,0,0
40710,2026,8,24,5,39.0,20,22.0,1007.0,SE,3.13,0,0
40711,2026,8,24,6,45.0,20,22.0,1007.0,SE,4.02,0,0
40712,2026,8,24,7,29.0,20,22.0,1007.0,cv,0.89,0,0
40713,2026,8,24,8,3.0,19,24.0,1008.0,NW,4.02,0,0
40714,2026,8,24,9,6.0,15,27.0,1007.0,NW,8.94,0,0
40715,2026,8,24,10,7.0,12,27.0,1007.0,NW,14.75,0,0
40716,2026,8,24,11,5.0,12,31.0,1007.0,NW,17.88,0,0
40717,2026,8,24,12,4.0,11,30.0,1007.0,cv,0.89,0,0
40718,2026,8,24,13,8.0,12,32.0,1006.0,cv,4.02,0,0
40719,2026,8,24,14,6.0,12,32.0,1006.0,cv,5.81,0,0
40720,2026,8,24,15,10.0,12,32.0,1005.0,cv,6.7,0,0
40721,2026,8,24,16,7.0,12,32.0,1005.0,cv,8.49,0,0
40722,2026,8,24,17,6.0,12,30.0,1006.0,SE,3.13,0,0
40723,2026,8,24,18,7.0,15,29.0,1006.0,SE,6.26,0,0
40724,2026,8,24,19,12.0,17,27.0,1007.0,SE,8.05,0,0
40725,2026,8,24,20,17.0,19,26.0,1008.0,SE,11.18,0,0
40726,2026,8,24,21,46.0,19,26.0,1009.0,SE,12.97,0,0
40727,2026,8,24,22,44.0,17,24.0,1010.0,SE,14.76,0,0
40728,2026,8,24,23,38.0,18,23.0,1010.0,cv,0.89,0,0
40729,2026,8,25,0,25.0,18,22.0,1010.0,SE,0.89,0,0
40730,2026,8,25,1,16.0,18,22.0,1010.0,NE,0.89,0,0
40731,2026,8,25,2,27.0,18,21.0,1010.0,NE,1.78,0,0
40732,2026,8,25,3,24.0,17,20.0,1011.0,NW,1.79,0,0
40733,2026,8,25,4,27.0,16,19.0,1011.0,NW,3.58,0,0
40734,2026,8,25,5,19.0,16,18.0,1011.0,NW,5.37,0,0
40735,2026,8,25,6,15.0,16,18.0,1011.0,NW,8.5,0,0
40736,2026,8,25,7,16.0,17,22.0,1012.0,NW,11.63,0,0
40737,2026,8,25,8,17.0,14,24.0,1012.0,NE,3.13,0,0
40738,2026,8,25,9,17.0,12,27.0,1012.0,NW,3.13,0,0
40739,2026,8,25,10,10.0,11,29.0,1012.0,NW,8.05,0,0
40740,2026,8,25,11,7.0,11,30.0,1012.0,NE,4.02,0,0
40741,2026,8,25,12,7.0,11,31.0,1011.0,NW,4.02,0,0
40742,2026,8,25,13,9.0,9,32.0,1011.0,NW,8.04,0,0
40743,2026,8,25,14,7.0,8,32.0,1010.0,cv,1.79,0,0
40744,2026,8,25,15,9.0,9,32.0,1009.0,SE,1.79,0,0
40745,2026,8,25,16,6.0,8,32.0,1009.0,SE,3.58,0,0
40746,2026,8,25,17,6.0,9,31.0,1009.0,SE,5.37,0,0
40747,2026,8,25,18,8.0,9,30.0,1009.0,SE,7.16,0,0
40748,2026,8,25,19,11.0,9,29.0,1010.0,SE,11.18,0,0
40749,2026,8,25,20,18.0,9,28.0,1011.0,SE,15.2,0,0
40750,2026,8,25,21,21.0,11,27.0,1012.0,SE,19.22,0,0
40751,2026,8,25,22,30.0,11,27.0,1012.0,SE,23.24,0,0
40752,2026,8,25,23,26.0,13,22.0,1012.0,NE,1.79,0,0
40753,2026,8,26,0,26.0,14,21.0,1013.0,cv,0.89,0,0
40754,2026,8,26,1,41.0,15,19.0,1013.0,cv,1.34,0,0
40755,2026,8,26,2,35.0,15,19.0,1012.0,SE,1.79,0,0
40756,2026,8,26,3,39.0,14,18.0,1013.0,NW,1.79,0,0
40757,2026,8,26,4,40.0,13,18.0,1013.0,NW,3.58,0,0
40758,2026,8,26,5,23.0,13,16.0,1013.0,NW,6.71,0,0
40759,2026,8,26,6,27.0,13,17.0,1014.0,NW,9.84,0,0
40760,2026,8,26,7,15.0,14,21.0,1014.0,NW,13.86,0,0
40761,2026,8,26,8,19.0,13,25.0,1014.0,NW,15.65,0,0
40762,2026,8,26,9,19.0,12,27.0,1014.0,NW,18.78,0,0
40763,2026,8,26,10,17.0,10,30.0,1014.0,NW,20.57,0,0
40764,2026,8,26,11,17.0,10,32.0,1014.0,cv,0.89,0,0
40765,2026,8,26,12,13.0,9,33.0,1013.0,cv,1.78,0,0
40766,2026,8,26,13,10.0,7,34.0,1013.0,NE,1.79,0,0
40767,2026,8,26,14,6.0,5,35.0,1012.0,cv,1.79,0,0
40768,2026,8,26,15,8.0,4,35.0,1012.0,cv,4.92,0,0
40769,2026,8,26,16,10.0,4,35.0,1011.0,cv,6.71,0,0
40770,2026,8,26,17,6.0,5,34.0,1011.0,cv,7.6,0,0
40771,2026,8,26,18,13.0,8,32.0,1011.0,SE,1.79,0,0
40772,2026,8,26,19,19.0,7,30.0,1012.0,SE,5.81,0,0
40773,2026,8,26,20,27.0,8,29.0,1012.0,SE,8.94,0,0
40774,2026,8,26,21,31.0,9,30.0,1012.0,SE,12.07,0,0
40775,2026,8,26,22,29.0,9,28.0,1012.0,SE,15.2,0,0
40776,2026,8,26,23,39.0,13,22.0,1013.0,NE,1.79,0,0
40777,2026,8,27,0,57.0,14,21.0,1013.0,SE,1.79,0,0
40778,2026,8,27,1,71.0,15,20.0,1013.0,cv,0.45,0,0
40779,2026,8,27,2,68.0,15,19.0,1013.0,cv,1.34,0,0
40780,2026,8,27,3,79.0,14,19.0,1013.0,cv,1.79,0,0
40781,2026,8,27,4,89.0,14,18.0,1013.0,cv,2.68,0,0
40782,2026,8,27,5,45.0,13,17.0,1013.0,cv,3.13,0,0
40783,2026,8,27,6,31.0,13,17.0,1013.0,NW,1.79,0,0
40784,2026,8,27,7,21.0,15,19.0,1014.0,NW,4.92,0,0
40785,2026,8,27,8,27.0,13,25.0,1014.0,NW,8.05,0,0
40786,2026,8,27,9,24.0,13,27.0,1014.0,NE,1.79,0,0
40787,2026,8,27,10,30.0,13,29.0,1014.0,cv,0.89,0,0
40788,2026,8,27,11,25.0,11,32.0,1014.0,cv,1.78,0,0
40789,2026,8,27,12,38.0,13,33.0,1013.0,SE,1.79,0,0
40790,2026,8,27,13,43.0,13,34.0,1013.0,cv,3.13,0,0
40791,2026,8,27,14,48.0,11,34.0,1012.0,SE,4.02,0,0
40792,2026,8,27,15,48.0,12,34.0,1012.0,SE,8.04,0,0
40793,2026,8,27,16,47.0,14,33.0,1012.0,SE,12.96,0,0
40794,2026,8,27,17,63.0,14,33.0,1012.0,SE,17.88,0,0
40795,2026,8,27,18,62.0,13,31.0,1012.0,SE,21.01,0,0
40796,2026,8,27,19,67.0,14,29.0,1012.0,SE,22.8,0,0
40797,2026,8,27,20,73.0,16,25.0,1013.0,cv,0.89,0,0
40798,2026,8,27,21,82.0,17,24.0,1013.0,SE,1.79,0,0
40799,2026,8,27,22,94.0,16,26.0,1013.0,SE,3.58,0,0
40800,2026,8,27,23,93.0,16,26.0,1013.0,SE,5.37,0,0
40801,2026,8,28,0,89.0,17,24.0,1013.0,SE,6.26,0,0
40802,2026,8,28,1,90.0,17,24.0,1013.0,SE,8.05,0,0
40803,2026,8,28,2,100.0,17,23.0,1013.0,SE,8.94,0,0
40804,2026,8,28,3,103.0,16,24.0,1013.0,cv,0.89,0,0
40805,2026,8,28,4,108.0,18,22.0,1014.0,NE,0.89,0,0
40806,2026,8,28,5,91.0,17,22.0,1014.0,NE,1.78,0,0
40807,2026,8,28,6,83.0,17,23.0,1014.0,cv,0.45,0,0
40808,2026,8,28,7,69.0,18,24.0,1015.0,cv,1.34,0,0
40809,2026,8,28,8,64.0,17,24.0,1015.0,cv,2.23,0,0
40810,2026,8,28,9,67.0,17,25.0,1015.0,NW,1.79,0,0
40811,2026,8,28,10,62.0,17,25.0,1015.0,cv,0.89,0,0
40812,2026,8,28,11,68.0,16,25.0,1015.0,NW,4.02,0,0
40813,2026,8,28,12,66.0,15,28.0,1015.0,NW,7.15,0,0
40814,2026,8,28,13,60.0,16,28.0,1015.0,cv,1.79,0,0
40815,2026,8,28,14,73.0,16,28.0,1014.0,cv,2.68,0,0
40816,2026,8,28,15,80.0,16,28.0,1013.0,cv,3.57,0,1
40817,2026,8,28,16,80.0,18,27.0,1013.0,cv,4.46,0,2
40818,2026,8,28,17,84.0,19,27.0,1013.0,SE,1.79,0,3
40819,2026,8,28,18,98.0,19,26.0,1013.0,SE,3.58,0,4
40820,2026,8,28,19,99.0,21,24.0,1013.0,SE,4.47,0,5
40821,2026,8,28,20,129.0,19,20.0,1013.0,NW,7.15,0,6
40822,2026,8,28,21,125.0,18,20.0,1015.0,SE,4.92,0,0
40823,2026,8,28,22,74.0,18,19.0,1016.0,NW,3.13,0,0
40824,2026,8,28,23,58.0,18,19.0,1016.0,SE,1.79,0,1
40825,2026,8,29,0,79.0,18,19.0,1015.0,NE,1.79,0,0
40826,2026,8,29,1,77.0,18,19.0,1015.0,NW,1.79,0,0
40827,2026,8,29,2,80.0,19,20.0,1016.0,SE,4.02,0,1
40828,2026,8,29,3,85.0,18,19.0,1015.0,cv,0.89,0,2
40829,2026,8,29,4,74.0,18,19.0,1015.0,NE,1.79,0,0
40830,2026,8,29,5,78.0,18,19.0,1015.0,NW,1.79,0,0
40831,2026,8,29,6,90.0,18,19.0,1015.0,NE,1.79,0,0
40832,2026,8,29,7,89.0,18,19.0,1015.0,NE,2.68,0,0
40833,2026,8,29,8,68.0,18,21.0,1016.0,cv,0.89,0,0
40834,2026,8,29,9,71.0,18,23.0,1016.0,cv,1.78,0,0
40835,2026,8,29,10,66.0,19,24.0,1016.0,NW,1.79,0,0
40836,2026,8,29,11,59.0,18,26.0,1016.0,cv,0.89,0,0
40837,2026,8,29,12,49.0,18,26.0,1016.0,cv,2.68,0,0
40838,2026,8,29,13,62.0,18,26.0,1015.0,cv,3.57,0,0
40839,2026,8,29,14,74.0,19,26.0,1015.0,SE,1.79,0,0
40840,2026,8,29,15,81.0,18,26.0,1015.0,cv,0.89,0,0
40841,2026,8,29,16,85.0,18,27.0,1015.0,cv,1.78,0,0
40842,2026,8,29,17,88.0,18,26.0,1014.0,SE,1.79,0,0
40843,2026,8,29,18,87.0,19,26.0,1015.0,SE,2.68,0,0
40844,2026,8,29,19,95.0,20,24.0,1015.0,SE,3.57,0,0
40845,2026,8,29,20,121.0,20,23.0,1015.0,cv,0.89,0,0
40846,2026,8,29,21,139.0,20,22.0,1016.0,cv,1.34,0,0
40847,2026,8,29,22,132.0,21,22.0,1016.0,SE,1.79,0,0
40848,2026,8,29,23,111.0,21,22.0,1016.0,SE,2.68,0,0
40849,2026,8,30,0,107.0,20,23.0,1016.0,SE,3.57,0,0
40850,2026,8,30,1,102.0,20,22.0,1016.0,NE,1.79,0,0
40851,2026,8,30,2,125.0,20,22.0,1016.0,cv,0.89,0,0
40852,2026,8,30,3,174.0,20,22.0,1016.0,cv,1.78,0,0
40853,2026,8,30,4,151.0,20,21.0,1016.0,cv,2.67,0,0
40854,2026,8,30,5,154.0,20,21.0,1016.0,NE,1.79,0,0
40855,2026,8,30,6,163.0,20,22.0,1016.0,NE,3.58,0,0
40856,2026,8,30,7,148.0,20,22.0,1016.0,cv,0.89,0,1
40857,2026,8,30,8,152.0,20,22.0,1016.0,NW,1.79,0,0
40858,2026,8,30,9,151.0,20,23.0,1016.0,cv,0.89,0,0
40859,2026,8,30,10,160.0,20,24.0,1016.0,cv,1.78,0,0
40860,2026,8,30,11,173.0,21,24.0,1015.0,NE,1.79,0,0
40861,2026,8,30,12,196.0,21,25.0,1015.0,NE,3.58,0,0
40862,2026,8,30,13,181.0,21,25.0,1014.0,NE,5.37,0,0
40863,2026,8,30,14,183.0,21,25.0,1013.0,SE,3.13,0,0
40864,2026,8,30,15,130.0,21,25.0,1013.0,cv,0.89,0,1
40865,2026,8,30,16,158.0,22,24.0,1013.0,cv,1.78,0,0
40866,2026,8,30,17,164.0,22,24.0,1013.0,NE,1.79,0,0
40867,2026,8,30,18,149.0,21,23.0,1012.0,SE,1.79,0,0
40868,2026,8,30,19,141.0,21,22.0,1013.0,cv,0.89,0,0
40869,2026,8,30,20,143.0,20,22.0,1013.0,SE,0.89,0,0
40870,2026,8,30,21,143.0,20,22.0,1014.0,SE,2.68,0,0
40871,2026,8,30,22,138.0,21,22.0,1013.0,cv,0.89,0,0
40872,2026,8,30,23,102.0,20,22.0,1014.0,SE,3.13,0,1
40873,2026,8,31,0,100.0,20,21.0,1014.0,NE,1.79,0,2
40874,2026,8,31,1,107.0,20,21.0,1013.0,cv,0.89,0,3
40875,2026,8,31,2,131.0,20,21.0,1013.0,cv,1.78,0,0
40876,2026,8,31,3,139.0,20,21.0,1013.0,NE,0.89,0,0
40877,2026,8,31,4,121.0,20,21.0,1012.0,NE,2.68,0,0
40878,2026,8,31,5,97.0,20,21.0,1013.0,NW,1.79,0,0
40879,2026,8,31,6,86.0,20,21.0,1013.0,NW,3.58,0,0
40880,2026,8,31,7,85.0,20,21.0,1013.0,cv,0.89,0,0
40881,2026,8,31,8,79.0,20,21.0,1013.0,cv,1.78,0,0
40882,2026,8,31,9,80.0,21,23.0,1014.0,SE,1.79,0,0
40883,2026,8,31,10,105.0,21,23.0,1013.0,NE,3.13,0,0
40884,2026,8,31,11,61.0,20,24.0,1013.0,NE,4.92,0,0
40885,2026,8,31,12,58.0,19,25.0,1013.0,cv,0.89,0,0
40886,2026,8,31,13,55.0,20,26.0,1013.0,SE,1.79,0,0
40887,2026,8,31,14,65.0,21,27.0,1012.0,SE,4.92,0,0
40888,2026,8,31,15,78.0,20,26.0,1012.0,SE,9.84,0,0
40889,2026,8,31,16,79.0,20,26.0,1012.0,SE,13.86,0,0
40890,2026,8,31,17,71.0,20,22.0,1012.0,NE,4.02,0,1
40891,2026,8,31,18,72.0,20,22.0,1012.0,SE,1.79,0,2
40892,2026,8,31,19,75.0,21,22.0,1013.0,NE,1.79,0,0
40893,2026,8,31,20,93.0,21,22.0,1013.0,NW,0.89,0,0
40894,2026,8,31,21,99.0,21,21.0,1014.0,NW,2.68,0,0
40895,2026,8,31,22,104.0,20,21.0,1014.0,NW,3.57,0,0
40896,2026,8,31,23,104.0,20,21.0,1014.0,NE,0.89,0,0
40897,2026,9,1,0,103.0,20,20.0,1014.0,NE,1.78,0,0
40898,2026,9,1,1,96.0,20,20.0,1014.0,SE,0.89,0,0
40899,2026,9,1,2,95.0,21,21.0,1014.0,cv,0.45,0,0
40900,2026,9,1,3,87.0,21,21.0,1014.0,SE,0.89,0,0
40901,2026,9,1,4,96.0,21,21.0,1014.0,cv,0.89,0,0
40902,2026,9,1,5,102.0,20,21.0,1013.0,SE,0.89,0,0
40903,2026,9,1,6,101.0,20,21.0,1014.0,NE,0.89,0,0
40904,2026,9,1,7,106.0,20,21.0,1014.0,cv,0.89,0,0
40905,2026,9,1,8,109.0,20,22.0,1014.0,SE,1.79,0,0
40906,2026,9,1,9,123.0,20,23.0,1014.0,SE,3.58,0,0
40907,2026,9,1,10,132.0,20,24.0,1014.0,SE,5.37,0,0
40908,2026,9,1,11,139.0,20,25.0,1014.0,SE,7.16,0,0
40909,2026,9,1,12,144.0,20,25.0,1013.0,SE,8.95,0,0
40910,2026,9,1,13,153.0,20,25.0,1012.0,SE,10.74,0,0
40911,2026,9,1,14,146.0,21,26.0,1011.0,SE,12.53,0,1
40912,2026,9,1,15,163.0,21,22.0,1011.0,cv,4.02,0,3
40913,2026,9,1,16,95.0,20,22.0,1011.0,NE,4.02,0,4
40914,2026,9,1,17,149.0,22,23.0,1011.0,cv,0.89,0,0
40915,2026,9,1,18,157.0,22,23.0,1011.0,NE,0.89,0,0
40916,2026,9,1,19,163.0,22,23.0,1011.0,NW,1.79,0,2
40917,2026,9,1,20,175.0,20,21.0,1011.0,NE,1.79,0,3
40918,2026,9,1,21,84.0,19,20.0,1012.0,NW,8.94,0,5
40919,2026,9,1,22,25.0,19,20.0,1012.0,SE,3.13,0,0
40920,2026,9,1,23,21.0,19,20.0,1011.0,SE,4.92,0,0
40921,2026,9,2,0,36.0,19,20.0,1011.0,cv,0.89,0,0
40922,2026,9,2,1,50.0,19,20.0,1010.0,cv,1.78,0,1
40923,2026,9,2,2,59.0,20,20.0,1011.0,cv,2.67,0,2
40924,2026,9,2,3,49.0,19,20.0,1010.0,NE,0.89,0,3
40925,2026,9,2,4,30.0,19,20.0,1010.0,NW,1.79,0,4
40926,2026,9,2,5,28.0,19,20.0,1009.0,NE,1.79,0,5
40927,2026,9,2,6,27.0,19,19.0,1010.0,NW,1.79,0,6
40928,2026,9,2,7,21.0,19,19.0,1010.0,NW,3.58,0,7
40929,2026,9,2,8,21.0,19,20.0,1010.0,SE,1.79,0,8
40930,2026,9,2,9,25.0,20,20.0,1010.0,NE,1.79,0,9
40931,2026,9,2,10,34.0,20,21.0,1011.0,NE,3.58,0,0
40932,2026,9,2,11,37.0,20,21.0,1010.0,NE,5.37,0,1
40933,2026,9,2,12,39.0,19,21.0,1010.0,cv,0.89,0,0
40934,2026,9,2,13,36.0,19,21.0,1010.0,NE,1.79,0,0
40935,2026,9,2,14,19.0,20,24.0,1010.0,NE,3.58,0,0
40936,2026,9,2,15,23.0,19,21.0,1010.0,SE,1.79,0,0
40937,2026,9,2,16,24.0,19,21.0,1010.0,NE,1.79,0,1
40938,2026,9,2,17,25.0,19,20.0,1011.0,cv,0.89,0,2
40939,2026,9,2,18,12.0,18,20.0,1011.0,NE,3.13,0,3
40940,2026,9,2,19,9.0,18,20.0,1011.0,NW,3.13,0,0
40941,2026,9,2,20,8.0,17,21.0,1012.0,NE,3.13,0,0
40942,2026,9,2,21,10.0,16,21.0,1012.0,NE,4.92,0,0
40943,2026,9,2,22,6.0,17,19.0,1012.0,NW,1.79,0,0
40944,2026,9,2,23,11.0,17,19.0,1012.0,NW,3.58,0,0
40945,2026,9,3,0,10.0,16,18.0,1012.0,cv,0.45,0,0
40946,2026,9,3,1,9.0,16,17.0,1011.0,NW,3.13,0,0
40947,2026,9,3,2,9.0,16,17.0,1011.0,NW,6.26,0,0
40948,2026,9,3,3,12.0,15,17.0,1011.0,NE,0.89,0,0
40949,2026,9,3,4,9.0,15,16.0,1011.0,NW,1.79,0,0
40950,2026,9,3,5,7.0,15,16.0,1011.0,NW,4.92,0,0
40951,2026,9,3,6,6.0,15,16.0,1011.0,NW,8.05,0,0
40952,2026,9,3,7,14.0,15,19.0,1012.0,NW,12.07,0,0
40953,2026,9,3,8,11.0,16,21.0,1012.0,NW,15.2,0,0
40954,2026,9,3,9,17.0,16,23.0,1012.0,NW,18.33,0,0
40955,2026,9,3,10,16.0,15,25.0,1012.0,NW,21.46,0,0
40956,2026,9,3,11,13.0,13,27.0,1011.0,cv,0.89,0,0
40957,2026,9,3,12,8.0,12,28.0,1010.0,cv,2.68,0,0
40958,2026,9,3,13,12.0,12,28.0,1009.0,NW,1.79,0,0
40959,2026,9,3,14,10.0,11,29.0,1008.0,SE,3.13,0,0
40960,2026,9,3,15,12.0,10,31.0,1007.0,cv,0.89,0,0
40961,2026,9,3,16,11.0,11,30.0,1006.0,SE,4.92,0,0
40962,2026,9,3,17,16.0,12,30.0,1006.0,SE,10.73,0,0
40963,2026,9,3,18,12.0,13,28.0,1006.0,SE,14.75,0,0
40964,2026,9,3,19,11.0,13,27.0,1006.0,SE,19.67,0,0
40965,2026,9,3,20,15.0,13,26.0,1006.0,SE,24.59,0,0
40966,2026,9,3,21,21.0,13,25.0,1007.0,SE,26.38,0,0
40967,2026,9,3,22,19.0,15,21.0,1007.0,cv,0.89,0,0
40968,2026,9,3,23,23.0,16,19.0,1006.0,cv,1.78,0,0
40969,2026,9,4,0,23.0,16,18.0,1006.0,NE,1.79,0,0
40970,2026,9,4,1,51.0,16,17.0,1006.0,NE,2.68,0,0
40971,2026,9,4,2,38.0,16,17.0,1006.0,NE,3.57,0,0
40972,2026,9,4,3,47.0,15,16.0,1006.0,cv,0.89,0,0
40973,2026,9,4,4,50.0,15,16.0,1005.0,cv,1.78,0,0
40974,2026,9,4,5,54.0,15,15.0,1005.0,NW,0.89,0,0
40975,2026,9,4,6,53.0,14,15.0,1006.0,NW,2.68,0,0
40976,2026,9,4,7,56.0,17,19.0,1006.0,NW,4.47,0,0
40977,2026,9,4,8,81.0,16,22.0,1006.0,NW,6.26,0,0
40978,2026,9,4,9,48.0,15,24.0,1006.0,cv,0.89,0,0
40979,2026,9,4,10,44.0,15,27.0,1006.0,cv,1.78,0,0
40980,2026,9,4,11,27.0,16,29.0,1005.0,SE,1.79,0,0
40981,2026,9,4,12,31.0,14,31.0,1005.0,cv,1.79,0,0
40982,2026,9,4,13,45.0,14,33.0,1004.0,SE,3.13,0,0
40983,2026,9,4,14,33.0,12,34.0,1003.0,SE,7.15,0,0
40984,2026,9,4,15,17.0,12,34.0,1003.0,SE,12.07,0,0
40985,2026,9,4,16,15.0,14,34.0,1003.0,SE,16.99,0,0
40986,2026,9,4,17,27.0,15,33.0,1003.0,SE,21.01,0,0
40987,2026,9,4,18,35.0,16,30.0,1003.0,SE,25.93,0,0
40988,2026,9,4,19,31.0,17,28.0,1004.0,SE,29.06,0,0
40989,2026,9,4,20,38.0,19,23.0,1004.0,SE,29.95,0,0
40990,2026,9,4,21,60.0,18,23.0,1005.0,cv,0.89,0,0
40991,2026,9,4,22,49.0,17,24.0,1006.0,SE,1.79,0,0
40992,2026,9,4,23,52.0,17,22.0,1006.0,SE,4.92,0,0
40993,2026,9,5,0,60.0,17,22.0,1006.0,SE,8.05,0,0
40994,2026,9,5,1,61.0,16,21.0,1006.0,SE,11.18,0,0
40995,2026,9,5,2,64.0,16,20.0,1006.0,cv,0.89,0,0
40996,2026,9,5,3,74.0,16,19.0,1007.0,NE,0.89,0,0
40997,2026,9,5,4,80.0,16,19.0,1007.0,cv,0.89,0,0
40998,2026,9,5,5,76.0,16,18.0,1008.0,NE,1.79,0,0
40999,2026,9,5,6,70.0,16,18.0,1009.0,NE,3.58,0,0
41000,2026,9,5,7,73.0,17,20.0,1010.0,NE,4.47,0,0
41001,2026,9,5,8,86.0,16,21.0,1011.0,NE,6.26,0,0
41002,2026,9,5,9,93.0,17,23.0,1011.0,cv,0.89,0,0
41003,2026,9,5,10,96.0,18,25.0,1011.0,SE,3.13,0,0
41004,2026,9,5,11,109.0,19,26.0,1011.0,SE,6.26,0,0
41005,2026,9,5,12,109.0,19,27.0,1011.0,SE,9.39,0,0
41006,2026,9,5,13,114.0,20,29.0,1010.0,SE,11.18,0,0
41007,2026,9,5,14,90.0,19,29.0,1009.0,SE,14.31,0,0
41008,2026,9,5,15,74.0,19,29.0,1009.0,SE,17.44,0,0
41009,2026,9,5,16,75.0,19,29.0,1009.0,SE,20.57,0,0
41010,2026,9,5,17,68.0,19,28.0,1009.0,SE,24.59,0,0
41011,2026,9,5,18,70.0,19,27.0,1009.0,SE,27.72,0,0
41012,2026,9,5,19,88.0,20,26.0,1009.0,SE,30.85,0,0
41013,2026,9,5,20,143.0,21,25.0,1010.0,SE,33.98,0,0
41014,2026,9,5,21,155.0,20,25.0,1011.0,SE,37.11,0,0
41015,2026,9,5,22,147.0,20,23.0,1011.0,SE,38.9,0,0
41016,2026,9,5,23,143.0,20,23.0,1011.0,SE,42.03,0,0
41017,2026,9,6,0,148.0,20,22.0,1012.0,NE,0.89,0,0
41018,2026,9,6,1,157.0,20,22.0,1012.0,cv,0.89,0,0
41019,2026,9,6,2,152.0,21,22.0,1011.0,SE,1.79,0,0
41020,2026,9,6,3,152.0,20,22.0,1012.0,SE,3.58,0,0
41021,2026,9,6,4,147.0,20,21.0,1011.0,SE,5.37,0,0
41022,2026,9,6,5,143.0,20,21.0,1012.0,SE,6.26,0,0
41023,2026,9,6,6,139.0,20,21.0,1012.0,SE,8.05,0,0
41024,2026,9,6,7,142.0,20,21.0,1012.0,cv,0.89,0,0
41025,2026,9,6,8,139.0,20,22.0,1013.0,NE,0.89,0,0
41026,2026,9,6,9,133.0,20,24.0,1013.0,cv,0.89,0,0
41027,2026,9,6,10,137.0,20,25.0,1013.0,SE,1.79,0,0
41028,2026,9,6,11,138.0,20,27.0,1012.0,cv,0.89,0,0
41029,2026,9,6,12,138.0,20,27.0,1012.0,SE,1.79,0,0
41030,2026,9,6,13,132.0,20,28.0,1011.0,SE,3.58,0,0
41031,2026,9,6,14,135.0,20,28.0,1010.0,SE,6.71,0,0
41032,2026,9,6,15,127.0,20,28.0,1010.0,SE,9.84,0,0
41033,2026,9,6,16,109.0,20,28.0,1009.0,SE,13.86,0,0
41034,2026,9,6,17,94.0,20,28.0,1009.0,SE,15.65,0,0
41035,2026,9,6,18,100.0,19,27.0,1009.0,SE,17.44,0,0
41036,2026,9,6,19,110.0,18,27.0,1009.0,SE,20.57,0,0
41037,2026,9,6,20,123.0,20,25.0,1009.0,SE,23.7,0,0
41038,2026,9,6,21,132.0,20,25.0,1009.0,SE,27.72,0,0
41039,2026,9,6,22,138.0,19,24.0,1009.0,SE,30.85,0,0
41040,2026,9,6,23,151.0,19,24.0,1009.0,SE,33.98,0,0
41041,2026,9,7,0,162.0,19,24.0,1009.0,SE,35.77,0,0
41042,2026,9,7,1,155.0,19,24.0,1009.0,SE,37.56,0,0
41043,2026,9,7,2,143.0,19,24.0,1009.0,SE,39.35,0,0
41044,2026,9,7,3,145.0,20,22.0,1008.0,SE,40.24,0,0
41045,2026,9,7,4,147.0,20,22.0,1008.0,SE,42.03,0,0
41046,2026,9,7,5,154.0,19,22.0,1008.0,SE,43.82,0,1
41047,2026,9,7,6,163.0,20,22.0,1008.0,cv,0.89,0,2
41048,2026,9,7,7,170.0,21,22.0,1009.0,cv,1.78,0,0
41049,2026,9,7,8,174.0,21,23.0,1009.0,SE,1.79,0,0
41050,2026,9,7,9,196.0,21,23.0,1009.0,cv,0.89,0,0
41051,2026,9,7,10,207.0,21,24.0,1009.0,SE,1.79,0,1
41052,2026,9,7,11,198.0,20,26.0,1008.0,SE,3.58,0,0
41053,2026,9,7,12,176.0,20,27.0,1008.0,SE,5.37,0,0
41054,2026,9,7,13,111.0,20,28.0,1007.0,SE,8.5,0,0
41055,2026,9,7,14,85.0,17,29.0,1006.0,SE,12.52,0,0
41056,2026,9,7,15,79.0,17,30.0,1005.0,SE,16.54,0,0
41057,2026,9,7,16,100.0,18,29.0,1005.0,SE,19.67,0,0
41058,2026,9,7,17,105.0,19,29.0,1005.0,SE,22.8,0,0
41059,2026,9,7,18,110.0,20,27.0,1005.0,SE,25.93,0,0
41060,2026,9,7,19,123.0,19,28.0,1006.0,SE,27.72,0,0
41061,2026,9,7,20,124.0,20,25.0,1007.0,cv,0.89,0,0
41062,2026,9,7,21,129.0,20,24.0,1008.0,NW,1.79,0,0
41063,2026,9,7,22,140.0,20,22.0,1008.0,NW,2.68,0,0
41064,2026,9,7,23,156.0,20,23.0,1009.0,NW,5.81,0,0
41065,2026,9,8,0,104.0,19,21.0,1009.0,NW,8.94,0,0
41066,2026,9,8,1,2.0,16,20.0,1010.0,NW,13.86,0,0
41067,2026,9,8,2,2.0,10,19.0,1010.0,NW,16.99,0,0
41068,2026,9,8,3,6.0,10,17.0,1010.0,NW,20.12,0,0
41069,2026,9,8,4,5.0,7,18.0,1011.0,cv,0.89,0,0
41070,2026,9,8,5,5.0,9,18.0,1011.0,NW,3.13,0,0
41071,2026,9,8,6,6.0,8,18.0,1012.0,NW,6.26,0,0
41072,2026,9,8,7,3.0,8,20.0,1012.0,NW,9.39,0,0
41073,2026,9,8,8,3.0,8,23.0,1012.0,NW,13.41,0,0
41074,2026,9,8,9,7.0,9,26.0,1012.0,NW,17.43,0,0
41075,2026,9,8,10,7.0,8,27.0,1012.0,NE,1.79,0,0
41076,2026,9,8,11,3.0,6,28.0,1011.0,NW,4.02,0,0
41077,2026,9,8,12,3.0,6,29.0,1011.0,NW,7.15,0,0
41078,2026,9,8,13,4.0,6,29.0,1010.0,cv,1.79,0,0
41079,2026,9,8,14,6.0,5,29.0,1009.0,NW,1.79,0,0
41080,2026,9,8,15,6.0,6,29.0,1008.0,cv,1.79,0,0
41081,2026,9,8,16,4.0,7,29.0,1008.0,SE,1.79,0,0
41082,2026,9,8,17,10.0,8,27.0,1008.0,SE,3.58,0,0
41083,2026,9,8,18,15.0,9,25.0,1008.0,SE,6.71,0,0
41084,2026,9,8,19,12.0,8,24.0,1008.0,SE,10.73,0,0
41085,2026,9,8,20,14.0,8,24.0,1009.0,SE,13.86,0,0
41086,2026,9,8,21,20.0,13,19.0,1009.0,cv,0.89,0,0
41087,2026,9,8,22,19.0,12,18.0,1009.0,cv,1.78,0,0
41088,2026,9,8,23,22.0,13,17.0,1009.0,cv,2.67,0,0
41089,2026,9,9,0,30.0,13,17.0,1009.0,cv,3.56,0,0
41090,2026,9,9,1,37.0,12,15.0,1009.0,NE,1.79,0,0
41091,2026,9,9,2,39.0,13,15.0,1009.0,NE,2.68,0,0
41092,2026,9,9,3,45.0,13,15.0,1009.0,NW,0.89,0,0
41093,2026,9,9,4,42.0,12,14.0,1009.0,NW,1.78,0,0
41094,2026,9,9,5,39.0,12,14.0,1010.0,cv,0.89,0,0
41095,2026,9,9,6,25.0,12,14.0,1010.0,NW,1.79,0,0
41096,2026,9,9,7,23.0,13,17.0,1010.0,NW,3.58,0,0
41097,2026,9,9,8,17.0,12,21.0,1011.0,NW,5.37,0,0
41098,2026,9,9,9,27.0,13,23.0,1011.0,NW,7.16,0,0
41099,2026,9,9,10,19.0,11,24.0,1011.0,SE,1.79,0,0
41100,2026,9,9,11,22.0,12,26.0,1011.0,cv,0.89,0,0
41101,2026,9,9,12,31.0,13,27.0,1010.0,SE,1.79,0,0
41102,2026,9,9,13,43.0,13,28.0,1010.0,SE,3.58,0,0
41103,2026,9,9,14,54.0,14,28.0,1009.0,cv,1.79,0,0
41104,2026,9,9,15,45.0,13,29.0,1009.0,SE,3.13,0,0
41105,2026,9,9,16,44.0,13,29.0,1009.0,SE,6.26,0,0
41106,2026,9,9,17,35.0,13,28.0,1009.0,SE,9.39,0,0
41107,2026,9,9,18,41.0,14,27.0,1009.0,SE,11.18,0,0
41108,2026,9,9,19,46.0,14,25.0,1009.0,SE,14.31,0,0
41109,2026,9,9,20,47.0,17,21.0,1010.0,SE,15.2,0,0
41110,2026,9,9,21,61.0,15,24.0,1011.0,SE,18.33,0,0
41111,2026,9,9,22,80.0,15,22.0,1011.0,SE,21.46,0,0
41112,2026,9,9,23,52.0,13,23.0,1012.0,SE,24.59,0,0
41113,2026,9,10,0,41.0,15,20.0,1012.0,SE,26.38,0,0
41114,2026,9,10,1,46.0,15,19.0,1012.0,NE,1.79,0,0
41115,2026,9,10,2,44.0,16,18.0,1012.0,NE,3.58,0,0
41116,2026,9,10,3,54.0,15,18.0,1013.0,cv,0.89,0,0
41117,2026,9,10,4,59.0,16,18.0,1013.0,SE,1.79,0,0
41118,2026,9,10,5,79.0,15,18.0,1013.0,SE,3.58,0,0
41119,2026,9,10,6,115.0,15,17.0,1014.0,NE,0.89,0,0
41120,2026,9,10,7,96.0,16,19.0,1014.0,cv,0.89,0,0
41121,2026,9,10,8,108.0,15,21.0,1015.0,cv,1.78,0,0
41122,2026,9,10,9,112.0,16,23.0,1015.0,cv,2.67,0,0
41123,2026,9,10,10,118.0,16,24.0,1015.0,cv,3.56,0,0
41124,2026,9,10,11,92.0,16,26.0,1015.0,SE,1.79,0,0
41125,2026,9,10,12,74.0,16,27.0,1014.0,SE,3.58,0,0
41126,2026,9,10,13,50.0,14,28.0,1014.0,SE,6.71,0,0
41127,2026,9,10,14,36.0,13,28.0,1014.0,SE,10.73,0,0
41128,2026,9,10,15,30.0,13,28.0,1013.0,SE,14.75,0,0
41129,2026,9,10,16,38.0,14,28.0,1013.0,SE,18.77,0,0
41130,2026,9,10,17,36.0,14,28.0,1013.0,SE,21.9,0,0
41131,2026,9,10,18,43.0,14,26.0,1013.0,SE,25.03,0,0
41132,2026,9,10,19,48.0,16,25.0,1013.0,SE,26.82,0,0
41133,2026,9,10,20,57.0,16,23.0,1013.0,SE,28.61,0,0
41134,2026,9,10,21,65.0,15,23.0,1014.0,SE,30.4,0,0
41135,2026,9,10,22,83.0,15,22.0,1014.0,cv,0.89,0,0
41136,2026,9,10,23,95.0,16,21.0,1015.0,SE,1.79,0,0
41137,2026,9,11,0,82.0,15,21.0,1014.0,SE,3.58,0,0
41138,2026,9,11,1,61.0,15,20.0,1014.0,SE,5.37,0,0
41139,2026,9,11,2,73.0,15,19.0,1015.0,cv,0.89,0,0
41140,2026,9,11,3,77.0,15,19.0,1015.0,cv,1.78,0,0
41141,2026,9,11,4,86.0,15,19.0,1014.0,cv,2.67,0,0
41142,2026,9,11,5,81.0,15,19.0,1014.0,cv,3.56,0,0
41143,2026,9,11,6,81.0,15,19.0,1015.0,cv,4.01,0,0
41144,2026,9,11,7,89.0,16,20.0,1015.0,cv,4.9,0,0
41145,2026,9,11,8,91.0,15,21.0,1015.0,cv,5.79,0,0
41146,2026,9,11,9,94.0,15,22.0,1015.0,SE,1.79,0,0
41147,2026,9,11,10,108.0,17,23.0,1015.0,SE,3.58,0,0
41148,2026,9,11,11,101.0,17,24.0,1014.0,SE,5.37,0,0
41149,2026,9,11,12,93.0,17,25.0,1014.0,cv,0.89,0,0
41150,2026,9,11,13,88.0,17,26.0,1013.0,NE,1.79,0,0
41151,2026,9,11,14,84.0,17,26.0,1013.0,NE,3.58,0,0
41152,2026,9,11,15,91.0,17,26.0,1013.0,NE,5.37,0,0
41153,2026,9,11,16,92.0,18,25.0,1012.0,cv,0.89,0,0
41154,2026,9,11,17,88.0,19,25.0,1012.0,cv,1.78,0,0
41155,2026,9,11,18,116.0,19,24.0,1012.0,SE,1.79,0,1
41156,2026,9,11,19,120.0,20,22.0,1013.0,NW,3.13,0,2
41157,2026,9,11,20,124.0,19,21.0,1013.0,NW,8.05,0,0
41158,2026,9,11,21,113.0,19,20.0,1014.0,cv,0.89,0,1
41159,2026,9,11,22,104.0,19,20.0,1014.0,NW,3.13,0,0
41160,2026,9,11,23,106.0,18,21.0,1014.0,NW,4.92,0,1
41161,2026,9,12,0,121.0,19,20.0,1014.0,NW,6.71,0,0
41162,2026,9,12,1,124.0,19,20.0,1014.0,cv,0.89,0,0
41163,2026,9,12,2,135.0,19,20.0,1014.0,cv,1.78,0,0
41164,2026,9,12,3,147.0,19,20.0,1014.0,cv,2.67,0,0
41165,2026,9,12,4,82.0,19,20.0,1014.0,NW,1.79,0,1
41166,2026,9,12,5,60.0,19,19.0,1014.0,cv,0.89,0,2
41167,2026,9,12,6,60.0,18,19.0,1015.0,cv,1.78,0,3
41168,2026,9,12,7,52.0,18,19.0,1015.0,cv,2.67,0,0
41169,2026,9,12,8,54.0,18,20.0,1015.0,SE,0.89,0,0
41170,2026,9,12,9,59.0,18,21.0,1016.0,SE,2.68,0,0
41171,2026,9,12,10,59.0,18,21.0,1016.0,SE,3.57,0,0
41172,2026,9,12,11,74.0,17,22.0,1016.0,cv,0.89,0,0
41173,2026,9,12,12,68.0,17,23.0,1015.0,cv,2.68,0,0
41174,2026,9,12,13,65.0,17,24.0,1015.0,cv,3.57,0,0
41175,2026,9,12,14,68.0,17,24.0,1014.0,cv,4.46,0,0
41176,2026,9,12,15,45.0,16,24.0,1014.0,SE,1.79,0,0
41177,2026,9,12,16,36.0,16,24.0,1014.0,SE,4.92,0,0
41178,2026,9,12,17,63.0,16,24.0,1014.0,SE,6.71,0,0
41179,2026,9,12,18,54.0,16,23.0,1014.0,SE,8.5,0,0
41180,2026,9,12,19,48.0,17,22.0,1014.0,SE,10.29,0,0
41181,2026,9,12,20,57.0,17,22.0,1015.0,SE,12.08,0,0
41182,2026,9,12,21,58.0,17,21.0,1015.0,SE,13.87,0,0
41183,2026,9,12,22,63.0,16,22.0,1015.0,SE,15.66,0,0
41184,2026,9,12,23,51.0,17,20.0,1015.0,cv,0.89,0,0
41185,2026,9,13,0,52.0,18,20.0,1015.0,SE,0.89,0,0
41186,2026,9,13,1,50.0,18,19.0,1015.0,SE,1.78,0,0
41187,2026,9,13,2,54.0,18,19.0,1015.0,NE,0.89,0,0
41188,2026,9,13,3,62.0,18,19.0,1015.0,NE,1.78,0,0
41189,2026,9,13,4,64.0,18,19.0,1015.0,cv,0.89,0,0
41190,2026,9,13,5,108.0,18,19.0,1015.0,cv,1.34,0,1
41191,2026,9,13,6,95.0,18,19.0,1015.0,NE,0.89,0,0
41192,2026,9,13,7,93.0,18,19.0,1015.0,NE,1.78,0,0
41193,2026,9,13,8,94.0,18,20.0,1016.0,cv,0.89,0,0
41194,2026,9,13,9,96.0,18,22.0,1016.0,SE,1.79,0,0
41195,2026,9,13,10,51.0,16,24.0,1016.0,SE,3.58,0,0
41196,2026,9,13,11,60.0,14,25.0,1015.0,SE,6.71,0,0
41197,2026,9,13,12,50.0,14,25.0,1015.0,SE,9.84,0,0
41198,2026,9,13,13,46.0,14,26.0,1014.0,SE,13.86,0,0
41199,2026,9,13,14,39.0,13,27.0,1013.0,SE,17.88,0,0
41200,2026,9,13,15,38.0,13,27.0,1013.0,SE,22.8,0,0
41201,2026,9,13,16,47.0,13,27.0,1013.0,SE,27.72,0,0
41202,2026,9,13,17,46.0,13,26.0,1012.0,SE,31.74,0,0
41203,2026,9,13,18,48.0,13,25.0,1012.0,SE,34.87,0,0
41204,2026,9,13,19,53.0,14,23.0,1013.0,SE,38.0,0,0
41205,2026,9,13,20,67.0,13,24.0,1013.0,SE,41.13,0,0
41206,2026,9,13,21,61.0,14,22.0,1014.0,SE,42.92,0,0
41207,2026,9,13,22,73.0,16,19.0,1014.0,cv,0.89,0,0
41208,2026,9,13,23,79.0,16,18.0,1014.0,cv,1.78,0,0
41209,2026,9,14,0,74.0,17,19.0,1014.0,cv,2.67,0,0
41210,2026,9,14,1,71.0,16,19.0,1014.0,SE,0.89,0,0
41211,2026,9,14,2,76.0,16,18.0,1014.0,cv,0.89,0,0
41212,2026,9,14,3,75.0,16,19.0,1014.0,SE,0.89,0,0
41213,2026,9,14,4,78.0,17,19.0,1014.0,NE,1.79,0,0
41214,2026,9,14,5,86.0,16,19.0,1015.0,NE,2.68,0,0
41215,2026,9,14,6,95.0,16,19.0,1015.0,cv,0.89,0,0
41216,2026,9,14,7,106.0,16,20.0,1016.0,NW,4.02,0,0
41217,2026,9,14,8,79.0,16,20.0,1017.0,NW,8.04,0,0
41218,2026,9,14,9,63.0,11,21.0,1017.0,NE,4.92,0,0
41219,2026,9,14,10,49.0,8,22.0,1018.0,NE,8.94,0,0
41220,2026,9,14,11,27.0,5,22.0,1018.0,NE,12.96,0,0
41221,2026,9,14,12,11.0,3,22.0,1019.0,NE,17.88,0,0
41222,2026,9,14,13,10.0,4,22.0,1019.0,NE,21.01,0,0
41223,2026,9,14,14,6.0,6,22.0,1018.0,NE,24.14,0,0
41224,2026,9,14,15,11.0,5,23.0,1018.0,NW,3.13,0,0
41225,2026,9,14,16,12.0,6,24.0,1017.0,NW,6.26,0,0
41226,2026,9,14,17,13.0,7,23.0,1018.0,cv,0.89,0,0
41227,2026,9,14,18,10.0,11,20.0,1018.0,cv,1.78,0,0
41228,2026,9,14,19,15.0,12,18.0,1018.0,SE,0.89,0,0
41229,2026,9,14,20,23.0,12,18.0,1019.0,NE,0.89,0,0
41230,2026,9,14,21,34.0,11,17.0,1019.0,SE,0.89,0,0
41231,2026,9,14,22,36.0,13,17.0,1019.0,cv,0.45,0,0
41232,2026,9,14,23,42.0,12,15.0,1019.0,NE,0.89,0,0
41233,2026,9,15,0,42.0,12,14.0,1019.0,NW,0.89,0,0
41234,2026,9,15,1,47.0,12,14.0,1019.0,cv,0.89,0,0
41235,2026,9,15,2,47.0,12,14.0,1019.0,NW,0.89,0,0
41236,2026,9,15,3,28.0,10,13.0,1019.0,NW,4.02,0,0
41237,2026,9,15,4,20.0,10,13.0,1020.0,NW,8.04,0,0
41238,2026,9,15,5,23.0,9,13.0,1020.0,NW,11.17,0,0
41239,2026,9,15,6,16.0,9,11.0,1020.0,NW,14.3,0,0
41240,2026,9,15,7,16.0,10,14.0,1020.0,NW,18.32,0,0
41241,2026,9,15,8,15.0,9,18.0,1020.0,NW,22.34,0,0
41242,2026,9,15,9,11.0,8,19.0,1021.0,NE,1.79,0,0
41243,2026,9,15,10,11.0,5,23.0,1020.0,NW,3.13,0,0
41244,2026,9,15,11,7.0,5,26.0,1019.0,NW,7.15,0,0
41245,2026,9,15,12,4.0,-1,26.0,1019.0,NW,11.17,0,0
41246,2026,9,15,13,3.0,0,28.0,1018.0,cv,1.79,0,0
41247,2026,9,15,14,6.0,0,29.0,1017.0,NW,3.13,0,0
41248,2026,9,15,15,8.0,-2,28.0,1016.0,NW,7.15,0,0
41249,2026,9,15,16,6.0,-1,29.0,1016.0,NW,10.28,0,0
41250,2026,9,15,17,11.0,0,27.0,1016.0,SE,4.02,0,0
41251,2026,9,15,18,16.0,2,25.0,1015.0,SE,8.04,0,0
41252,2026,9,15,19,18.0,4,24.0,1016.0,SE,12.96,0,0
41253,2026,9,15,20,20.0,3,23.0,1016.0,SE,17.88,0,0
41254,2026,9,15,21,25.0,4,22.0,1017.0,SE,21.9,0,0
41255,2026,9,15,22,20.0,4,22.0,1017.0,SE,25.03,0,0
41256,2026,9,15,23,26.0,8,16.0,1017.0,cv,0.89,0,0
41257,2026,9,16,0,30.0,8,14.0,1017.0,SE,1.79,0,0
41258,2026,9,16,1,34.0,9,14.0,1018.0,cv,0.89,0,0
41259,2026,9,16,2,30.0,10,13.0,1018.0,NE,0.89,0,0
41260,2026,9,16,3,53.0,10,13.0,1018.0,cv,0.89,0,0
41261,2026,9,16,4,49.0,10,14.0,1018.0,NW,1.79,0,0
41262,2026,9,16,5,33.0,8,12.0,1018.0,NW,5.81,0,0
41263,2026,9,16,6,18.0,9,12.0,1018.0,NW,8.94,0,0
41264,2026,9,16,7,,9,15.0,1019.0,cv,0.89,0,0
41265,2026,9,16,8,15.0,8,18.0,1019.0,NW,4.02,0,0
41266,2026,9,16,9,20.0,7,19.0,1019.0,NE,1.79,0,0
41267,2026,9,16,10,25.0,8,20.0,1019.0,NE,3.58,0,0
41268,2026,9,16,11,19.0,8,20.0,1019.0,NE,5.37,0,0
41269,2026,9,16,12,22.0,10,20.0,1018.0,SE,1.79,0,0
41270,2026,9,16,13,30.0,10,21.0,1018.0,cv,0.89,0,0
41271,2026,9,16,14,45.0,12,21.0,1018.0,cv,1.78,0,0
41272,2026,9,16,15,69.0,11,21.0,1017.0,SE,0.89,0,0
41273,2026,9,16,16,90.0,13,20.0,1018.0,cv,0.89,0,0
41274,2026,9,16,17,98.0,13,20.0,1018.0,NE,0.89,0,0
41275,2026,9,16,18,93.0,13,19.0,1018.0,cv,0.89,0,0
41276,2026,9,16,19,64.0,13,18.0,1018.0,SE,1.79,0,0
41277,2026,9,16,20,,14,18.0,1018.0,SE,3.58,0,0
41278,2026,9,16,21,56.0,12,19.0,1019.0,SE,6.71,0,0
41279,2026,9,16,22,56.0,12,19.0,1019.0,SE,9.84,0,0
41280,2026,9,16,23,68.0,13,18.0,1019.0,SE,11.63,0,0
41281,2026,9,17,0,56.0,11,19.0,1019.0,SE,13.42,0,0
41282,2026,9,17,1,30.0,9,19.0,1019.0,SE,15.21,0,0
41283,2026,9,17,2,25.0,11,15.0,1020.0,cv,0.89,0,0
41284,2026,9,17,3,16.0,11,15.0,1019.0,NE,0.89,0,0
41285,2026,9,17,4,10.0,12,14.0,1019.0,cv,0.45,0,0
41286,2026,9,17,5,13.0,11,14.0,1019.0,SE,1.79,0,0
41287,2026,9,17,6,19.0,11,15.0,1020.0,SE,4.92,0,0
41288,2026,9,17,7,25.0,10,17.0,1021.0,SE,8.05,0,0
41289,2026,9,17,8,22.0,10,18.0,1021.0,cv,0.89,0,0
41290,2026,9,17,9,18.0,11,19.0,1021.0,cv,2.68,0,0
41291,2026,9,17,10,19.0,11,19.0,1021.0,NE,1.79,0,0
41292,2026,9,17,11,29.0,11,20.0,1022.0,cv,0.89,0,0
41293,2026,9,17,12,44.0,12,20.0,1021.0,cv,1.78,0,0
41294,2026,9,17,13,75.0,12,21.0,1021.0,cv,2.67,0,0
41295,2026,9,17,14,60.0,12,21.0,1020.0,cv,4.46,0,0
41296,2026,9,17,15,60.0,13,22.0,1020.0,SE,3.13,0,0
41297,2026,9,17,16,60.0,12,22.0,1019.0,SE,4.92,0,0
41298,2026,9,17,17,38.0,12,22.0,1019.0,SE,8.05,0,0
41299,2026,9,17,18,35.0,12,20.0,1020.0,SE,9.84,0,0
41300,2026,9,17,19,32.0,12,17.0,1020.0,SE,11.63,0,0
41301,2026,9,17,20,41.0,12,19.0,1021.0,SE,14.76,0,0
41302,2026,9,17,21,49.0,12,17.0,1021.0,cv,0.89,0,0
41303,2026,9,17,22,49.0,13,15.0,1021.0,SE,1.79,0,0
41304,2026,9,17,23,55.0,12,15.0,1021.0,cv,0.89,0,0
41305,2026,9,18,0,56.0,13,13.0,1021.0,NE,0.89,0,0
41306,2026,9,18,1,62.0,12,13.0,1021.0,NE,1.78,0,0
41307,2026,9,18,2,80.0,12,13.0,1021.0,cv,0.45,0,0
41308,2026,9,18,3,99.0,12,13.0,1021.0,cv,1.34,0,0
41309,2026,9,18,4,104.0,11,11.0,1021.0,NW,3.13,0,0
41310,2026,9,18,5,99.0,11,12.0,1021.0,NW,7.15,0,0
41311,2026,9,18,6,97.0,11,12.0,1021.0,NW,10.28,0,0
41312,2026,9,18,7,108.0,12,14.0,1021.0,NW,13.41,0,0
41313,2026,9,18,8,99.0,12,17.0,1022.0,NW,16.54,0,0
41314,2026,9,18,9,119.0,12,20.0,1022.0,NW,19.67,0,0
41315,2026,9,18,10,93.0,12,22.0,1022.0,NW,21.46,0,0
41316,2026,9,18,11,78.0,10,23.0,1021.0,cv,0.89,0,0
41317,2026,9,18,12,67.0,11,26.0,1020.0,NW,1.79,0,0
41318,2026,9,18,13,69.0,12,26.0,1019.0,cv,0.89,0,0
41319,2026,9,18,14,51.0,9,27.0,1018.0,SE,3.13,0,0
41320,2026,9,18,15,41.0,6,28.0,1017.0,SE,6.26,0,0
41321,2026,9,18,16,34.0,6,28.0,1017.0,SE,8.05,0,0
41322,2026,9,18,17,21.0,7,26.0,1016.0,SE,9.84,0,0
41323,2026,9,18,18,27.0,7,24.0,1016.0,SE,11.63,0,0
41324,2026,9,18,19,34.0,9,21.0,1016.0,SE,13.42,0,0
41325,2026,9,18,20,37.0,9,19.0,1017.0,SE,15.21,0,0
41326,2026,9,18,21,51.0,9,19.0,1017.0,SE,17.0,0,0
41327,2026,9,18,22,61.0,9,21.0,1017.0,SE,20.13,0,0
41328,2026,9,18,23,63.0,10,21.0,1017.0,SE,23.26,0,0
41329,2026,9,19,0,59.0,12,15.0,1016.0,SE,25.05,0,0
41330,2026,9,19,1,70.0,12,15.0,1016.0,SE,25.94,0,0
41331,2026,9,19,2,78.0,11,14.0,1015.0,NE,0.89,0,0
41332,2026,9,19,3,84.0,11,13.0,1015.0,cv,0.89,0,0
41333,2026,9,19,4,97.0,11,13.0,1014.0,NE,1.79,0,0
41334,2026,9,19,5,110.0,10,12.0,1014.0,NE,2.68,0,0
41335,2026,9,19,6,106.0,11,13.0,1014.0,NE,3.57,0,0
41336,2026,9,19,7,92.0,11,14.0,1015.0,NE,4.46,0,0
41337,2026,9,19,8,110.0,13,16.0,1014.0,SE,1.79,0,0
41338,2026,9,19,9,121.0,15,18.0,1014.0,SE,3.58,0,0
41339,2026,9,19,10,136.0,15,20.0,1014.0,SE,5.37,0,0
41340,2026,9,19,11,150.0,15,21.0,1013.0,cv,1.79,0,0
41341,2026,9,19,12,118.0,14,24.0,1012.0,cv,4.92,0,0
41342,2026,9,19,13,91.0,14,24.0,1011.0,SE,3.13,0,0
41343,2026,9,19,14,86.0,14,24.0,1010.0,SE,6.26,0,0
41344,2026,9,19,15,67.0,14,25.0,1009.0,SE,10.28,0,0
41345,2026,9,19,16,60.0,15,24.0,1009.0,SE,14.3,0,0
41346,2026,9,19,17,53.0,14,24.0,1009.0,SE,16.09,0,0
41347,2026,9,19,18,53.0,15,23.0,1010.0,NE,3.13,0,0
41348,2026,9,19,19,,17,19.0,1010.0,SE,3.13,0,1
41349,2026,9,19,20,97.0,17,19.0,1010.0,NE,1.79,0,2
41350,2026,9,19,21,105.0,17,19.0,1011.0,cv,0.89,0,0
41351,2026,9,19,22,119.0,17,18.0,1011.0,cv,1.78,0,0
41352,2026,9,19,23,140.0,16,18.0,1010.0,NE,1.79,0,0
41353,2026,9,20,0,144.0,16,18.0,1010.0,cv,0.89,0,0
41354,2026,9,20,1,141.0,16,18.0,1010.0,NE,0.89,0,0
41355,2026,9,20,2,145.0,17,18.0,1010.0,cv,0.89,0,0
41356,2026,9,20,3,142.0,17,18.0,1009.0,cv,1.78,0,0
41357,2026,9,20,4,141.0,17,18.0,1009.0,cv,2.23,0,0
41358,2026,9,20,5,136.0,16,17.0,1009.0,cv,2.68,0,0
41359,2026,9,20,6,128.0,16,17.0,1010.0,NW,3.13,0,0
41360,2026,9,20,7,110.0,16,17.0,1010.0,cv,0.45,0,0
41361,2026,9,20,8,116.0,17,19.0,1011.0,NW,1.79,0,0
41362,2026,9,20,9,123.0,17,20.0,1011.0,NW,3.58,0,0
41363,2026,9,20,10,127.0,17,22.0,1011.0,cv,0.89,0,0
41364,2026,9,20,11,124.0,18,23.0,1011.0,cv,2.68,0,0
41365,2026,9,20,12,115.0,16,24.0,1010.0,cv,3.57,0,0
41366,2026,9,20,13,117.0,17,26.0,1010.0,cv,4.46,0,0
41367,2026,9,20,14,113.0,16,27.0,1009.0,SE,1.79,0,0
41368,2026,9,20,15,89.0,16,27.0,1008.0,cv,1.79,0,0
41369,2026,9,20,16,95.0,14,27.0,1008.0,cv,2.68,0,0
41370,2026,9,20,17,78.0,14,26.0,1008.0,SE,1.79,0,0
41371,2026,9,20,18,140.0,16,23.0,1009.0,cv,0.89,0,0
41372,2026,9,20,19,153.0,16,22.0,1010.0,SE,1.79,0,0
41373,2026,9,20,20,159.0,17,20.0,1011.0,cv,0.89,0,0
41374,2026,9,20,21,180.0,17,19.0,1012.0,SE,1.79,0,0
41375,2026,9,20,22,200.0,18,20.0,1012.0,SE,3.58,0,0
41376,2026,9,20,23,228.0,18,20.0,1013.0,SE,5.37,0,0
41377,2026,9,21,0,229.0,15,21.0,1014.0,SE,10.29,0,0
41378,2026,9,21,1,200.0,14,20.0,1014.0,SE,15.21,0,0
41379,2026,9,21,2,146.0,14,20.0,1015.0,SE,18.34,0,0
41380,2026,9,21,3,133.0,14,19.0,1015.0,cv,0.89,0,0
41381,2026,9,21,4,125.0,14,19.0,1016.0,cv,1.78,0,0
41382,2026,9,21,5,79.0,14,19.0,1016.0,cv,2.67,0,0
41383,2026,9,21,6,80.0,13,18.0,1017.0,SE,0.89,0,0
41384,2026,9,21,7,72.0,14,19.0,1017.0,cv,0.89,0,0
41385,2026,9,21,8,59.0,14,19.0,1018.0,SE,1.79,0,0
41386,2026,9,21,9,63.0,14,20.0,1018.0,cv,0.89,0,0
41387,2026,9,21,10,64.0,14,21.0,1019.0,cv,1.78,0,0
41388,2026,9,21,11,52.0,12,22.0,1018.0,SE,1.79,0,0
41389,2026,9,21,12,67.0,14,23.0,1018.0,SE,3.58,0,0
41390,2026,9,21,13,78.0,14,24.0,1017.0,SE,5.37,0,0
41391,2026,9,21,14,89.0,16,24.0,1017.0,SE,7.16,0,0
41392,2026,9,21,15,88.0,17,25.0,1016.0,SE,8.95,0,0
41393,2026,9,21,16,96.0,16,25.0,1016.0,SE,12.08,0,0
41394,2026,9,21,17,100.0,16,24.0,1016.0,SE,15.21,0,0
41395,2026,9,21,18,93.0,17,23.0,1016.0,SE,18.34,0,0
41396,2026,9,21,19,85.0,17,21.0,1017.0,SE,20.13,0,0
41397,2026,9,21,20,88.0,17,20.0,1018.0,SE,21.92,0,0
41398,2026,9,21,21,82.0,18,21.0,1018.0,SE,25.05,0,0
41399,2026,9,21,22,80.0,17,21.0,1018.0,SE,28.18,0,0
41400,2026,9,21,23,59.0,17,21.0,1019.0,SE,29.97,0,0
41401,2026,9,22,0,75.0,16,21.0,1019.0,SE,33.1,0,0
41402,2026,9,22,1,77.0,17,20.0,1019.0,cv,0.89,0,0
41403,2026,9,22,2,70.0,17,20.0,1019.0,cv,1.78,0,0
41404,2026,9,22,3,80.0,17,20.0,1019.0,SE,1.79,0,0
41405,2026,9,22,4,81.0,16,20.0,1019.0,SE,3.58,0,0
41406,2026,9,22,5,79.0,16,20.0,1018.0,SE,5.37,0,0
41407,2026,9,22,6,89.0,16,20.0,1019.0,cv,0.89,0,0
41408,2026,9,22,7,106.0,16,20.0,1019.0,cv,1.78,0,0
41409,2026,9,22,8,112.0,16,20.0,1019.0,cv,2.67,0,0
41410,2026,9,22,9,118.0,17,20.0,1020.0,SE,1.79,0,0
41411,2026,9,22,10,120.0,17,21.0,1020.0,NE,1.79,0,0
41412,2026,9,22,11,119.0,17,21.0,1019.0,NE,3.58,0,0
41413,2026,9,22,12,127.0,17,21.0,1019.0,NE,5.37,0,0
41414,2026,9,22,13,128.0,17,21.0,1018.0,NE,7.16,0,0
41415,2026,9,22,14,135.0,17,21.0,1017.0,NE,8.95,0,0
41416,2026,9,22,15,133.0,17,21.0,1017.0,NE,10.74,0,0
41417,2026,9,22,16,124.0,17,21.0,1016.0,NE,11.63,0,0
41418,2026,9,22,17,112.0,18,20.0,1017.0,NW,1.79,0,1
41419,2026,9,22,18,107.0,18,20.0,1017.0,NW,3.58,0,0
41420,2026,9,22,19,109.0,18,20.0,1018.0,NE,1.79,0,1
41421,2026,9,22,20,108.0,18,19.0,1018.0,NW,4.02,0,2
41422,2026,9,22,21,119.0,18,19.0,1018.0,NW,7.15,0,3
41423,2026,9,22,22,117.0,18,19.0,1018.0,NW,10.28,0,0
41424,2026,9,22,23,120.0,18,19.0,1018.0,cv,0.89,0,1
41425,2026,9,23,0,123.0,18,19.0,1018.0,NE,1.79,0,2
41426,2026,9,23,1,114.0,18,19.0,1018.0,NE,3.58,0,3
41427,2026,9,23,2,109.0,18,19.0,1018.0,NW,0.89,0,4
41428,2026,9,23,3,96.0,18,19.0,1017.0,NW,4.02,0,5
41429,2026,9,23,4,102.0,18,19.0,1017.0,NW,7.15,0,6
41430,2026,9,23,5,95.0,18,18.0,1017.0,NW,8.94,0,7
41431,2026,9,23,6,81.0,18,18.0,1018.0,NW,10.73,0,8
41432,2026,9,23,7,73.0,18,18.0,1018.0,NW,12.52,0,9
41433,2026,9,23,8,63.0,17,18.0,1018.0,NW,15.65,0,10
41434,2026,9,23,9,45.0,16,18.0,1019.0,NW,18.78,0,11
41435,2026,9,23,10,51.0,17,18.0,1019.0,NW,21.91,0,12
41436,2026,9,23,11,40.0,16,18.0,1018.0,NE,4.02,0,13
41437,2026,9,23,12,36.0,16,18.0,1018.0,NW,4.02,0,14
41438,2026,9,23,13,34.0,16,18.0,1018.0,NE,3.13,0,15
41439,2026,9,23,14,24.0,16,18.0,1017.0,cv,0.89,0,16
41440,2026,9,23,15,27.0,17,18.0,1017.0,cv,1.78,0,17
41441,2026,9,23,16,,17,18.0,1016.0,cv,2.23,0,18
41442,2026,9,23,17,38.0,17,18.0,1016.0,SE,1.79,0,19
41443,2026,9,23,18,42.0,17,18.0,1016.0,cv,0.89,0,20
41444,2026,9,23,19,,18,18.0,1016.0,cv,1.78,0,21
41445,2026,9,23,20,56.0,17,17.0,1016.0,SE,1.79,0,22
41446,2026,9,23,21,75.0,17,17.0,1017.0,SE,2.68,0,23
41447,2026,9,23,22,68.0,16,17.0,1016.0,SE,4.47,0,0
41448,2026,9,23,23,88.0,16,17.0,1017.0,NE,1.79,0,1
41449,2026,9,24,0,50.0,16,17.0,1017.0,cv,0.89,0,2
41450,2026,9,24,1,38.0,16,17.0,1017.0,NE,1.79,0,3
41451,2026,9,24,2,38.0,16,17.0,1017.0,NE,3.58,0,4
41452,2026,9,24,3,46.0,16,17.0,1016.0,NE,5.37,0,5
41453,2026,9,24,4,35.0,16,16.0,1016.0,NE,7.16,0,6
41454,2026,9,24,5,20.0,16,17.0,1016.0,NW,0.89,0,0
41455,2026,9,24,6,9.0,16,17.0,1016.0,cv,0.89,0,0
41456,2026,9,24,7,11.0,17,17.0,1017.0,NW,1.79,0,0
41457,2026,9,24,8,17.0,16,17.0,1017.0,NW,4.92,0,0
41458,2026,9,24,9,22.0,16,20.0,1018.0,NW,8.05,0,0
41459,2026,9,24,10,13.0,17,22.0,1018.0,NE,1.79,0,0
41460,2026,9,24,11,17.0,16,22.0,1017.0,SE,1.79,0,0
41461,2026,9,24,12,14.0,15,24.0,1016.0,cv,1.79,0,0
41462,2026,9,24,13,16.0,14,24.0,1016.0,cv,2.68,0,0
41463,2026,9,24,14,14.0,14,25.0,1015.0,cv,3.57,0,0
41464,2026,9,24,15,11.0,14,25.0,1014.0,SE,1.79,0,0
41465,2026,9,24,16,10.0,13,26.0,1014.0,cv,1.79,0,0
41466,2026,9,24,17,10.0,15,24.0,1014.0,SE,4.02,0,0
41467,2026,9,24,18,31.0,15,22.0,1015.0,SE,8.04,0,0
41468,2026,9,24,19,39.0,16,21.0,1015.0,SE,11.17,0,0
41469,2026,9,24,20,56.0,16,20.0,1016.0,SE,12.96,0,0
41470,2026,9,24,21,61.0,16,19.0,1016.0,SE,14.75,0,0
41471,2026,9,24,22,64.0,16,17.0,1017.0,SE,15.64,0,0
41472,2026,9,24,23,101.0,16,17.0,1017.0,cv,0.89,0,0
41473,2026,9,25,0,111.0,15,17.0,1017.0,SE,1.79,0,0
41474,2026,9,25,1,82.0,16,17.0,1017.0,SE,3.58,0,0
41475,2026,9,25,2,84.0,15,16.0,1017.0,SE,4.47,0,0
41476,2026,9,25,3,89.0,15,15.0,1017.0,cv,0.89,0,0
41477,2026,9,25,4,91.0,15,15.0,1017.0,cv,1.34,0,0
41478,2026,9,25,5,81.0,14,14.0,1017.0,NE,0.89,0,0
41479,2026,9,25,6,103.0,15,16.0,1017.0,cv,0.45,0,0
41480,2026,9,25,7,99.0,16,16.0,1018.0,cv,1.34,0,0
41481,2026,9,25,8,105.0,17,17.0,1018.0,NE,0.89,0,0
41482,2026,9,25,9,121.0,17,18.0,1019.0,NE,2.68,0,0
41483,2026,9,25,10,139.0,17,19.0,1019.0,cv,0.89,0,0
41484,2026,9,25,11,141.0,17,20.0,1018.0,SE,1.79,0,0
41485,2026,9,25,12,148.0,17,20.0,1018.0,SE,3.58,0,0
41486,2026,9,25,13,168.0,17,21.0,1017.0,SE,6.71,0,0
41487,2026,9,25,14,157.0,17,21.0,1016.0,SE,9.84,0,0
41488,2026,9,25,15,159.0,17,22.0,1016.0,cv,1.79,0,0
41489,2026,9,25,16,151.0,17,21.0,1015.0,SE,1.79,0,0
41490,2026,9,25,17,137.0,17,21.0,1014.0,SE,3.58,0,0
41491,2026,9,25,18,128.0,18,20.0,1014.0,SE,4.47,0,0
41492,2026,9,25,19,144.0,17,20.0,1014.0,SE,6.26,0,0
41493,2026,9,25,20,147.0,17,19.0,1014.0,NE,0.89,0,0
41494,2026,9,25,21,157.0,17,19.0,1014.0,SE,1.79,0,0
41495,2026,9,25,22,145.0,17,19.0,1014.0,SE,4.92,0,0
41496,2026,9,25,23,74.0,16,19.0,1014.0,SE,8.05,0,0
41497,2026,9,26,0,60.0,16,19.0,1014.0,SE,9.84,0,0
41498,2026,9,26,1,75.0,16,18.0,1014.0,SE,11.63,0,0
41499,2026,9,26,2,86.0,16,18.0,1013.0,SE,15.65,0,0
41500,2026,9,26,3,87.0,16,18.0,1013.0,cv,0.89,0,0
41501,2026,9,26,4,99.0,16,18.0,1013.0,SE,1.79,0,0
41502,2026,9,26,5,96.0,16,17.0,1012.0,SE,3.58,0,0
41503,2026,9,26,6,107.0,16,17.0,1011.0,SE,7.6,0,0
41504,2026,9,26,7,111.0,16,17.0,1012.0,SE,9.39,0,0
41505,2026,9,26,8,120.0,16,18.0,1012.0,SE,12.52,0,0
41506,2026,9,26,9,121.0,16,19.0,1012.0,SE,14.31,0,0
41507,2026,9,26,10,126.0,16,19.0,1012.0,SE,16.1,0,0
41508,2026,9,26,11,130.0,16,20.0,1011.0,SE,19.23,0,0
41509,2026,9,26,12,123.0,16,21.0,1010.0,SE,21.02,0,0
41510,2026,9,26,13,129.0,16,22.0,1009.0,SE,24.15,0,0
41511,2026,9,26,14,146.0,17,23.0,1008.0,cv,1.79,0,0
41512,2026,9,26,15,155.0,17,22.0,1009.0,cv,2.68,0,1
41513,2026,9,26,16,193.0,17,20.0,1009.0,NE,3.13,0,0
41514,2026,9,26,17,194.0,18,20.0,1009.0,cv,0.89,0,0
41515,2026,9,26,18,203.0,17,19.0,1010.0,NW,4.02,0,0
41516,2026,9,26,19,217.0,17,18.0,1011.0,NW,7.15,0,0
41517,2026,9,26,20,219.0,17,19.0,1011.0,NW,8.94,0,0
41518,2026,9,26,21,196.0,17,17.0,1012.0,cv,0.89,0,0
41519,2026,9,26,22,166.0,17,18.0,1012.0,NW,1.79,0,0
41520,2026,9,26,23,149.0,16,17.0,1012.0,NW,4.92,0,0
41521,2026,9,27,0,119.0,15,16.0,1013.0,NE,1.79,0,0
41522,2026,9,27,1,132.0,14,15.0,1013.0,NE,3.58,0,0
41523,2026,9,27,2,61.0,14,14.0,1014.0,NW,3.13,0,0
41524,2026,9,27,3,9.0,13,14.0,1014.0,NW,4.92,0,0
41525,2026,9,27,4,9.0,12,13.0,1015.0,cv,0.89,0,0
41526,2026,9,27,5,42.0,11,13.0,1016.0,NW,1.79,0,0
41527,2026,9,27,6,43.0,11,12.0,1016.0,NW,4.92,0,0
41528,2026,9,27,7,51.0,12,14.0,1017.0,NW,6.71,0,0
41529,2026,9,27,8,28.0,12,18.0,1018.0,NW,8.5,0,0
41530,2026,9,27,9,26.0,10,20.0,1018.0,NE,3.13,0,0
41531,2026,9,27,10,14.0,9,21.0,1019.0,NE,7.15,0,0
41532,2026,9,27,11,15.0,9,22.0,1018.0,NE,10.28,0,0
41533,2026,9,27,12,10.0,9,23.0,1017.0,cv,1.79,0,0
41534,2026,9,27,13,6.0,8,25.0,1016.0,cv,3.58,0,0
41535,2026,9,27,14,10.0,7,25.0,1015.0,SE,1.79,0,0
41536,2026,9,27,15,10.0,7,25.0,1015.0,cv,0.89,0,0
41537,2026,9,27,16,17.0,8,25.0,1015.0,SE,1.79,0,0
41538,2026,9,27,17,16.0,8,24.0,1015.0,SE,3.58,0,0
41539,2026,9,27,18,22.0,13,20.0,1015.0,cv,0.89,0,0
41540,2026,9,27,19,32.0,13,18.0,1016.0,cv,1.78,0,0
41541,2026,9,27,20,54.0,13,17.0,1016.0,cv,2.23,0,0
41542,2026,9,27,21,52.0,13,17.0,1016.0,NE,0.89,0,0
41543,2026,9,27,22,59.0,14,16.0,1017.0,NE,2.68,0,0
41544,2026,9,27,23,59.0,13,16.0,1017.0,NE,3.57,0,0
41545,2026,9,28,0,77.0,13,16.0,1017.0,SE,0.89,0,0
41546,2026,9,28,1,83.0,13,15.0,1018.0,SE,1.78,0,0
41547,2026,9,28,2,83.0,12,15.0,1017.0,cv,0.89,0,0
41548,2026,9,28,3,66.0,11,15.0,1017.0,cv,1.78,0,0
41549,2026,9,28,4,59.0,12,14.0,1017.0,NE,0.89,0,0
41550,2026,9,28,5,49.0,12,14.0,1017.0,NE,1.78,0,0
41551,2026,9,28,6,58.0,12,14.0,1017.0,cv,0.89,0,0
41552,2026,9,28,7,61.0,12,15.0,1018.0,cv,1.78,0,0
41553,2026,9,28,8,63.0,12,16.0,1018.0,NW,0.89,0,0
41554,2026,9,28,9,71.0,13,18.0,1018.0,cv,0.89,0,0
41555,2026,9,28,10,82.0,14,20.0,1018.0,cv,1.78,0,0
41556,2026,9,28,11,87.0,14,20.0,1018.0,SE,1.79,0,0
41557,2026,9,28,12,98.0,15,21.0,1017.0,SE,3.58,0,0
41558,2026,9,28,13,101.0,16,22.0,1016.0,SE,5.37,0,0
41559,2026,9,28,14,69.0,15,22.0,1015.0,SE,8.5,0,0
41560,2026,9,28,15,62.0,14,23.0,1014.0,SE,12.52,0,0
41561,2026,9,28,16,45.0,15,22.0,1014.0,SE,15.65,0,0
41562,2026,9,28,17,53.0,15,21.0,1014.0,SE,18.78,0,0
41563,2026,9,28,18,46.0,15,20.0,1015.0,SE,20.57,0,0
41564,2026,9,28,19,57.0,15,20.0,1014.0,SE,22.36,0,0
41565,2026,9,28,20,53.0,16,18.0,1015.0,SE,23.25,0,0
41566,2026,9,28,21,51.0,17,18.0,1015.0,cv,0.89,0,0
41567,2026,9,28,22,58.0,16,17.0,1014.0,cv,1.78,0,0
41568,2026,9,28,23,75.0,16,16.0,1014.0,cv,2.67,0,0
41569,2026,9,29,0,75.0,15,15.0,1014.0,NE,1.79,0,0
41570,2026,9,29,1,79.0,15,15.0,1014.0,NE,2.68,0,0
41571,2026,9,29,2,97.0,15,15.0,1014.0,cv,0.89,0,0
41572,2026,9,29,3,105.0,13,14.0,1013.0,cv,1.78,0,0
41573,2026,9,29,4,105.0,14,14.0,1013.0,cv,2.67,0,0
41574,2026,9,29,5,107.0,14,14.0,1014.0,NW,0.89,0,0
41575,2026,9,29,6,103.0,14,14.0,1015.0,cv,0.89,0,0
41576,2026,9,29,7,102.0,15,15.0,1016.0,NW,1.79,0,0
41577,2026,9,29,8,97.0,15,18.0,1016.0,NE,1.79,0,0
41578,2026,9,29,9,99.0,15,20.0,1018.0,NW,3.13,0,0
41579,2026,9,29,10,85.0,10,23.0,1018.0,NE,7.15,0,0
41580,2026,9,29,11,77.0,9,24.0,1019.0,NE,14.3,0,0
41581,2026,9,29,12,17.0,7,23.0,1019.0,NE,21.45,0,0
41582,2026,9,29,13,13.0,6,23.0,1019.0,NE,27.26,0,0
41583,2026,9,29,14,10.0,6,23.0,1020.0,NE,32.18,0,0
41584,2026,9,29,15,10.0,4,23.0,1020.0,SE,4.02,0,0
41585,2026,9,29,16,12.0,3,22.0,1020.0,NE,4.92,0,0
41586,2026,9,29,17,13.0,1,20.0,1021.0,NE,8.05,0,0
41587,2026,9,29,18,12.0,0,19.0,1022.0,NE,12.07,0,0
41588,2026,9,29,19,12.0,0,17.0,1024.0,SE,3.13,0,0
41589,2026,9,29,20,14.0,6,15.0,1025.0,SE,4.92,0,0
41590,2026,9,29,21,21.0,5,14.0,1026.0,SE,8.05,0,0
41591,2026,9,29,22,17.0,4,14.0,1027.0,SE,12.97,0,0
41592,2026,9,29,23,23.0,2,13.0,1028.0,SE,16.1,0,0
41593,2026,9,30,0,26.0,4,12.0,1028.0,SE,17.89,0,0
41594,2026,9,30,1,20.0,3,12.0,1029.0,SE,19.68,0,0
41595,2026,9,30,2,24.0,4,12.0,1029.0,SE,22.81,0,0
41596,2026,9,30,3,22.0,3,11.0,1029.0,SE,24.6,0,0
41597,2026,9,30,4,17.0,2,11.0,1029.0,SE,26.39,0,0
41598,2026,9,30,5,17.0,2,11.0,1029.0,SE,28.18,0,0
41599,2026,9,30,6,20.0,2,11.0,1029.0,SE,29.97,0,0
41600,2026,9,30,7,13.0,1,11.0,1029.0,SE,33.1,0,0
41601,2026,9,30,8,18.0,2,11.0,1029.0,cv,0.89,0,0
41602,2026,9,30,9,15.0,2,12.0,1029.0,cv,1.78,0,0
41603,2026,9,30,10,17.0,1,12.0,1029.0,cv,2.67,0,0
41604,2026,9,30,11,23.0,1,13.0,1028.0,SE,1.79,0,0
41605,2026,9,30,12,22.0,0,14.0,1027.0,SE,3.58,0,0
41606,2026,9,30,13,16.0,0,15.0,1026.0,cv,1.79,0,0
41607,2026,9,30,14,22.0,0,16.0,1025.0,SE,3.13,0,0
41608,2026,9,30,15,21.0,0,15.0,1024.0,cv,1.79,0,0
41609,2026,9,30,16,23.0,0,15.0,1023.0,SE,3.13,0,0
41610,2026,9,30,17,20.0,1,15.0,1023.0,SE,4.92,0,0
41611,2026,9,30,18,26.0,3,13.0,1022.0,SE,6.71,0,0
41612,2026,9,30,19,31.0,3,13.0,1022.0,SE,9.84,0,0
41613,2026,9,30,20,44.0,5,11.0,1022.0,SE,10.73,0,0
41614,2026,9,30,21,53.0,5,10.0,1022.0,cv,0.89,0,0
41615,2026,9,30,22,57.0,6,11.0,1022.0,cv,1.78,0,0
41616,2026,9,30,23,60.0,5,12.0,1021.0,SE,1.79,0,0
41617,2026,10,1,0,78.0,6,11.0,1021.0,SE,3.58,0,0
41618,2026,10,1,1,85.0,6,11.0,1020.0,cv,0.89,0,0
41619,2026,10,1,2,83.0,6,11.0,1019.0,NE,1.79,0,0
41620,2026,10,1,3,89.0,6,11.0,1018.0,SE,1.79,0,0
41621,2026,10,1,4,80.0,7,11.0,1018.0,SE,2.68,0,0
41622,2026,10,1,5,80.0,7,11.0,1018.0,cv,0.89,0,0
41623,2026,10,1,6,69.0,8,12.0,1018.0,cv,1.78,0,0
41624,2026,10,1,7,58.0,7,12.0,1018.0,cv,2.67,0,0
41625,2026,10,1,8,62.0,8,12.0,1017.0,cv,3.56,0,0
41626,2026,10,1,9,73.0,9,13.0,1017.0,cv,4.45,0,0
41627,2026,10,1,10,77.0,8,14.0,1017.0,SE,1.79,0,0
41628,2026,10,1,11,90.0,9,15.0,1017.0,NW,3.13,0,0
41629,2026,10,1,12,91.0,8,14.0,1016.0,NE,1.79,0,0
41630,2026,10,1,13,96.0,9,13.0,1015.0,NW,4.92,0,1
41631,2026,10,1,14,71.0,10,11.0,1015.0,NW,8.05,0,2
41632,2026,10,1,15,77.0,10,11.0,1015.0,NW,9.84,0,3
41633,2026,10,1,16,76.0,10,11.0,1014.0,NW,12.97,0,4
41634,2026,10,1,17,100.0,10,11.0,1014.0,NW,16.1,0,5
41635,2026,10,1,18,100.0,10,11.0,1014.0,NW,17.89,0,6
41636,2026,10,1,19,97.0,11,11.0,1014.0,cv,0.89,0,7
41637,2026,10,1,20,93.0,10,11.0,1015.0,NW,3.13,0,8
41638,2026,10,1,21,88.0,11,11.0,1015.0,NW,4.92,0,9
41639,2026,10,1,22,82.0,10,11.0,1015.0,cv,0.89,0,10
41640,2026,10,1,23,86.0,11,11.0,1014.0,NW,1.79,0,11
41641,2026,10,2,0,82.0,11,11.0,1014.0,NW,4.92,0,0
41642,2026,10,2,1,69.0,10,11.0,1013.0,NW,6.71,0,0
41643,2026,10,2,2,66.0,9,10.0,1013.0,NW,8.5,0,0
41644,2026,10,2,3,59.0,10,11.0,1013.0,NW,11.63,0,0
41645,2026,10,2,4,62.0,10,10.0,1012.0,NW,13.42,0,0
41646,2026,10,2,5,73.0,10,10.0,1012.0,NW,15.21,0,0
41647,2026,10,2,6,80.0,9,9.0,1013.0,NW,17.0,0,0
41648,2026,10,2,7,74.0,9,10.0,1013.0,NW,18.79,0,0
41649,2026,10,2,8,79.0,11,12.0,1013.0,NW,21.92,0,0
41650,2026,10,2,9,64.0,12,15.0,1013.0,cv,0.89,0,0
41651,2026,10,2,10,61.0,11,17.0,1013.0,NW,1.79,0,0
41652,2026,10,2,11,75.0,11,18.0,1013.0,cv,0.89,0,0
41653,2026,10,2,12,64.0,11,20.0,1012.0,NW,1.79,0,0
41654,2026,10,2,13,39.0,11,21.0,1012.0,cv,0.89,0,0
41655,2026,10,2,14,31.0,13,20.0,1011.0,SE,1.79,0,0
41656,2026,10,2,15,27.0,12,21.0,1011.0,cv,0.89,0,0
41657,2026,10,2,16,21.0,13,20.0,1012.0,SE,1.79,0,0
41658,2026,10,2,17,27.0,13,20.0,1012.0,SE,3.58,0,0
41659,2026,10,2,18,33.0,13,17.0,1013.0,SE,5.37,0,0
41660,2026,10,2,19,60.0,13,16.0,1014.0,SE,7.16,0,0
41661,2026,10,2,20,79.0,13,14.0,1014.0,cv,0.89,0,0
41662,2026,10,2,21,93.0,13,15.0,1015.0,SE,1.79,0,0
41663,2026,10,2,22,129.0,12,15.0,1016.0,SE,3.58,0,0
41664,2026,10,2,23,132.0,12,14.0,1016.0,SE,5.37,0,0
41665,2026,10,3,0,121.0,12,14.0,1016.0,cv,0.89,0,0
41666,2026,10,3,1,115.0,11,12.0,1017.0,cv,1.78,0,0
41667,2026,10,3,2,113.0,11,11.0,1017.0,NE,1.79,0,0
41668,2026,10,3,3,135.0,12,13.0,1017.0,cv,0.89,0,0
41669,2026,10,3,4,115.0,11,13.0,1017.0,cv,1.78,0,0
41670,2026,10,3,5,149.0,12,14.0,1017.0,cv,2.23,0,0
41671,2026,10,3,6,109.0,12,14.0,1017.0,NW,0.89,0,0
41672,2026,10,3,7,73.0,12,13.0,1018.0,NW,2.68,0,0
41673,2026,10,3,8,57.0,11,14.0,1019.0,NW,4.47,0,0
41674,2026,10,3,9,53.0,12,14.0,1019.0,cv,0.89,0,0
41675,2026,10,3,10,59.0,11,15.0,1019.0,NW,1.79,0,1
41676,2026,10,3,11,57.0,11,15.0,1019.0,cv,0.89,0,0
41677,2026,10,3,12,84.0,12,16.0,1018.0,cv,1.78,0,0
41678,2026,10,3,13,91.0,13,16.0,1017.0,cv,2.67,0,0
41679,2026,10,3,14,133.0,13,17.0,1017.0,SE,1.79,0,0
41680,2026,10,3,15,172.0,13,18.0,1016.0,SE,3.58,0,0
41681,2026,10,3,16,182.0,14,18.0,1016.0,SE,5.37,0,0
41682,2026,10,3,17,201.0,14,17.0,1016.0,SE,7.16,0,0
41683,2026,10,3,18,207.0,14,16.0,1017.0,NE,1.79,0,0
41684,2026,10,3,19,199.0,14,16.0,1017.0,cv,0.89,0,0
41685,2026,10,3,20,177.0,14,16.0,1017.0,cv,1.78,0,0
41686,2026,10,3,21,161.0,14,16.0,1018.0,cv,2.67,0,0
41687,2026,10,3,22,156.0,14,16.0,1018.0,cv,3.12,0,1
41688,2026,10,3,23,152.0,14,15.0,1018.0,SE,1.79,0,2
41689,2026,10,4,0,130.0,13,15.0,1017.0,SE,4.92,0,3
41690,2026,10,4,1,94.0,14,15.0,1017.0,SE,8.05,0,4
41691,2026,10,4,2,81.0,14,15.0,1017.0,SE,9.84,0,5
41692,2026,10,4,3,81.0,14,15.0,1017.0,SE,12.97,0,6
41693,2026,10,4,4,78.0,14,15.0,1017.0,SE,17.89,0,7
41694,2026,10,4,5,69.0,13,14.0,1017.0,SE,21.91,0,8
41695,2026,10,4,6,59.0,13,14.0,1018.0,SE,23.7,0,9
41696,2026,10,4,7,55.0,13,14.0,1018.0,SE,25.49,0,0
41697,2026,10,4,8,54.0,13,14.0,1019.0,SE,26.38,0,1
41698,2026,10,4,9,58.0,13,14.0,1019.0,SE,27.27,0,0
41699,2026,10,4,10,61.0,13,14.0,1020.0,NE,1.79,0,0
41700,2026,10,4,11,75.0,14,15.0,1019.0,NE,2.68,0,1
41701,2026,10,4,12,78.0,13,15.0,1019.0,SE,0.89,0,0
41702,2026,10,4,13,97.0,14,15.0,1019.0,cv,0.89,0,0
41703,2026,10,4,14,105.0,14,16.0,1018.0,SE,1.79,0,0
41704,2026,10,4,15,103.0,14,16.0,1019.0,NE,1.79,0,0
41705,2026,10,4,16,100.0,14,16.0,1019.0,cv,0.89,0,1
41706,2026,10,4,17,107.0,14,15.0,1019.0,cv,1.78,0,0
41707,2026,10,4,18,109.0,14,15.0,1020.0,cv,2.67,0,0
41708,2026,10,4,19,116.0,13,14.0,1020.0,SE,3.13,0,0
41709,2026,10,4,20,112.0,13,14.0,1021.0,SE,6.26,0,0
41710,2026,10,4,21,101.0,13,14.0,1022.0,SE,9.39,0,0
41711,2026,10,4,22,80.0,13,14.0,1023.0,SE,11.18,0,0
41712,2026,10,4,23,77.0,12,13.0,1023.0,SE,12.97,0,0
41713,2026,10,5,0,79.0,13,13.0,1023.0,cv,0.89,0,0
41714,2026,10,5,1,86.0,12,13.0,1023.0,SE,1.79,0,0
41715,2026,10,5,2,72.0,11,12.0,1023.0,cv,0.89,0,0
41716,2026,10,5,3,70.0,11,11.0,1022.0,SE,0.89,0,0
41717,2026,10,5,4,64.0,11,11.0,1023.0,SE,1.78,0,0
41718,2026,10,5,5,67.0,10,10.0,1023.0,NE,0.89,0,0
41719,2026,10,5,6,63.0,11,11.0,1024.0,NW,0.89,0,0
41720,2026,10,5,7,54.0,9,12.0,1024.0,NE,3.13,0,0
41721,2026,10,5,8,50.0,9,15.0,1025.0,NW,4.92,0,0
41722,2026,10,5,9,21.0,8,17.0,1025.0,NW,9.84,0,0
41723,2026,10,5,10,11.0,5,18.0,1025.0,NW,16.99,0,0
41724,2026,10,5,11,10.0,5,20.0,1025.0,NW,24.14,0,0
41725,2026,10,5,12,8.0,4,22.0,1024.0,NW,29.95,0,0
41726,2026,10,5,13,7.0,5,20.0,1024.0,NW,35.76,0,0
41727,2026,10,5,14,10.0,5,21.0,1024.0,NW,39.78,0,0
41728,2026,10,5,15,12.0,4,22.0,1023.0,NE,4.02,0,0
41729,2026,10,5,16,8.0,2,20.0,1024.0,NE,9.83,0,0
41730,2026,10,5,17,6.0,2,19.0,1024.0,NE,13.85,0,0
41731,2026,10,5,18,11.0,3,17.0,1024.0,NE,15.64,0,0
41732,2026,10,5,19,17.0,7,13.0,1025.0,NE,17.43,0,0
41733,2026,10,5,20,22.0,6,12.0,1026.0,NW,1.79,0,0
41734,2026,10,5,21,27.0,6,10.0,1026.0,NE,1.79,0,0
41735,2026,10,5,22,43.0,6,11.0,1027.0,NW,1.79,0,0
41736,2026,10,5,23,34.0,4,13.0,1027.0,cv,0.89,0,0
41737,2026,10,6,0,39.0,5,7.0,1027.0,cv,1.78,0,0
41738,2026,10,6,1,32.0,6,8.0,1027.0,NW,1.79,0,0
41739,2026,10,6,2,28.0,6,7.0,1027.0,cv,0.45,0,0
41740,2026,10,6,3,28.0,5,10.0,1027.0,NW,3.13,0,0
41741,2026,10,6,4,22.0,5,7.0,1026.0,cv,0.89,0,0
41742,2026,10,6,5,27.0,4,6.0,1026.0,NW,1.79,0,0
41743,2026,10,6,6,22.0,4,6.0,1027.0,NW,3.58,0,0
41744,2026,10,6,7,22.0,5,7.0,1027.0,NW,6.71,0,0
41745,2026,10,6,8,25.0,7,11.0,1027.0,NW,9.84,0,0
41746,2026,10,6,9,21.0,5,15.0,1027.0,NW,11.63,0,0
41747,2026,10,6,10,22.0,3,16.0,1027.0,NE,3.13,0,0
41748,2026,10,6,11,18.0,3,19.0,1026.0,cv,0.89,0,0
41749,2026,10,6,12,18.0,0,20.0,1025.0,cv,1.78,0,0
41750,2026,10,6,13,22.0,0,21.0,1024.0,SE,3.13,0,0
41751,2026,10,6,14,20.0,0,21.0,1023.0,SE,6.26,0,0
41752,2026,10,6,15,25.0,0,21.0,1022.0,SE,10.28,0,0
41753,2026,10,6,16,22.0,0,20.0,1021.0,SE,14.3,0,0
41754,2026,10,6,17,25.0,2,19.0,1021.0,SE,16.09,0,0
41755,2026,10,6,18,33.0,4,17.0,1021.0,SE,17.88,0,0
41756,2026,10,6,19,50.0,6,14.0,1021.0,SE,18.77,0,0
41757,2026,10,6,20,61.0,8,13.0,1021.0,SE,19.66,0,0
41758,2026,10,6,21,74.0,8,12.0,1021.0,cv,0.89,0,0
41759,2026,10,6,22,79.0,7,12.0,1021.0,cv,1.78,0,0
41760,2026,10,6,23,77.0,7,11.0,1021.0,SE,0.89,0,0
41761,2026,10,7,0,91.0,7,11.0,1021.0,SE,2.68,0,0
41762,2026,10,7,1,94.0,7,11.0,1020.0,SE,4.47,0,0
41763,2026,10,7,2,107.0,7,10.0,1020.0,NE,0.89,0,0
41764,2026,10,7,3,114.0,7,9.0,1020.0,cv,0.89,0,0
41765,2026,10,7,4,104.0,7,8.0,1020.0,NW,0.89,0,0
41766,2026,10,7,5,93.0,7,8.0,1020.0,NW,1.78,0,0
41767,2026,10,7,6,85.0,7,8.0,1020.0,NW,2.67,0,0
41768,2026,10,7,7,75.0,7,8.0,1021.0,cv,0.89,0,0
41769,2026,10,7,8,75.0,8,11.0,1021.0,NW,1.79,0,0
41770,2026,10,7,9,66.0,7,13.0,1022.0,NE,1.79,0,0
41771,2026,10,7,10,66.0,7,15.0,1021.0,NE,3.58,0,0
41772,2026,10,7,11,82.0,8,16.0,1021.0,cv,1.79,0,0
41773,2026,10,7,12,104.0,9,18.0,1020.0,cv,2.68,0,0
41774,2026,10,7,13,118.0,8,19.0,1019.0,cv,3.57,0,0
41775,2026,10,7,14,140.0,9,20.0,1019.0,cv,4.46,0,0
41776,2026,10,7,15,158.0,9,21.0,1018.0,SE,1.79,0,0
41777,2026,10,7,16,179.0,9,20.0,1018.0,SE,4.92,0,0
41778,2026,10,7,17,182.0,10,19.0,1018.0,SE,5.81,0,0
41779,2026,10,7,18,189.0,11,16.0,1018.0,cv,0.89,0,0
41780,2026,10,7,19,220.0,12,14.0,1019.0,cv,1.34,0,0
41781,2026,10,7,20,245.0,12,13.0,1019.0,SE,0.89,0,0
41782,2026,10,7,21,255.0,11,12.0,1019.0,NE,0.89,0,0
41783,2026,10,7,22,284.0,11,12.0,1020.0,cv,0.89,0,0
41784,2026,10,7,23,326.0,11,12.0,1020.0,cv,1.78,0,0
41785,2026,10,8,0,301.0,11,12.0,1020.0,cv,2.23,0,0
41786,2026,10,8,1,289.0,11,12.0,1020.0,cv,3.12,0,0
41787,2026,10,8,2,269.0,11,12.0,1020.0,cv,3.57,0,0
41788,2026,10,8,3,249.0,10,12.0,1020.0,NW,1.79,0,0
41789,2026,10,8,4,232.0,11,12.0,1019.0,NW,2.68,0,0
41790,2026,10,8,5,222.0,10,11.0,1020.0,NW,3.57,0,0
41791,2026,10,8,6,217.0,10,12.0,1019.0,NE,0.89,0,0
41792,2026,10,8,7,215.0,11,13.0,1020.0,NW,0.89,0,0
41793,2026,10,8,8,243.0,11,13.0,1020.0,NW,2.68,0,1
41794,2026,10,8,9,224.0,11,14.0,1021.0,NW,5.81,0,0
41795,2026,10,8,10,236.0,11,16.0,1021.0,cv,0.89,0,0
41796,2026,10,8,11,256.0,11,17.0,1020.0,SE,1.79,0,0
41797,2026,10,8,12,272.0,12,17.0,1019.0,NE,1.79,0,0
41798,2026,10,8,13,266.0,12,19.0,1019.0,cv,0.89,0,0
41799,2026,10,8,14,280.0,13,19.0,1018.0,SE,1.79,0,0
41800,2026,10,8,15,320.0,13,20.0,1017.0,SE,4.92,0,0
41801,2026,10,8,16,364.0,14,20.0,1017.0,cv,0.89,0,0
41802,2026,10,8,17,383.0,15,18.0,1017.0,NE,0.89,0,0
41803,2026,10,8,18,402.0,14,16.0,1017.0,NE,1.78,0,0
41804,2026,10,8,19,396.0,14,15.0,1018.0,NE,2.67,0,0
41805,2026,10,8,20,419.0,14,15.0,1018.0,cv,0.89,0,0
41806,2026,10,8,21,432.0,13,14.0,1019.0,NE,0.89,0,0
41807,2026,10,8,22,432.0,13,14.0,1019.0,cv,0.89,0,0
41808,2026,10,8,23,406.0,13,13.0,1019.0,cv,1.34,0,0
41809,2026,10,9,0,388.0,12,14.0,1019.0,NE,1.79,0,0
41810,2026,10,9,1,368.0,12,13.0,1019.0,cv,0.45,0,0
41811,2026,10,9,2,355.0,12,12.0,1019.0,NE,1.79,0,0
41812,2026,10,9,3,349.0,12,12.0,1018.0,NE,2.68,0,0
41813,2026,10,9,4,353.0,11,12.0,1019.0,SE,0.89,0,0
41814,2026,10,9,5,345.0,11,12.0,1019.0,NE,0.89,0,0
41815,2026,10,9,6,341.0,11,11.0,1019.0,NW,0.89,0,0
41816,2026,10,9,7,337.0,11,12.0,1020.0,cv,0.45,0,0
41817,2026,10,9,8,342.0,13,13.0,1020.0,NW,0.89,0,0
41818,2026,10,9,9,342.0,14,15.0,1021.0,NE,0.89,0,0
41819,2026,10,9,10,334.0,14,17.0,1021.0,cv,0.89,0,0
41820,2026,10,9,11,337.0,14,19.0,1021.0,NE,1.79,0,0
41821,2026,10,9,12,343.0,14,20.0,1020.0,cv,0.89,0,0
41822,2026,10,9,13,350.0,14,21.0,1019.0,cv,1.78,0,0
41823,2026,10,9,14,364.0,15,22.0,1019.0,cv,2.67,0,0
41824,2026,10,9,15,373.0,15,22.0,1018.0,SE,1.79,0,0
41825,2026,10,9,16,385.0,15,22.0,1018.0,cv,0.89,0,0
41826,2026,10,9,17,398.0,15,21.0,1018.0,cv,1.78,0,0
41827,2026,10,9,18,430.0,16,18.0,1019.0,cv,2.23,0,0
41828,2026,10,9,19,442.0,15,16.0,1019.0,cv,3.12,0,0
41829,2026,10,9,20,443.0,15,15.0,1020.0,NW,0.89,0,0
41830,2026,10,9,21,438.0,14,15.0,1020.0,NW,1.78,0,0
41831,2026,10,9,22,420.0,14,15.0,1021.0,cv,0.45,0,0
41832,2026,10,9,23,454.0,14,14.0,1021.0,cv,1.34,0,0
41833,2026,10,10,0,430.0,13,14.0,1021.0,cv,2.23,0,0
41834,2026,10,10,1,396.0,13,14.0,1022.0,NW,1.79,0,0
41835,2026,10,10,2,386.0,13,14.0,1022.0,SE,0.89,0,0
41836,2026,10,10,3,375.0,12,13.0,1022.0,cv,0.89,0,0
41837,2026,10,10,4,344.0,12,13.0,1022.0,NE,0.89,0,0
41838,2026,10,10,5,348.0,12,12.0,1022.0,cv,0.45,0,0
41839,2026,10,10,6,338.0,11,12.0,1022.0,NW,0.89,0,0
41840,2026,10,10,7,319.0,13,13.0,1023.0,NE,0.89,0,0
41841,2026,10,10,8,324.0,14,14.0,1024.0,cv,0.89,0,0
41842,2026,10,10,9,323.0,15,16.0,1024.0,cv,1.78,0,0
41843,2026,10,10,10,331.0,15,18.0,1024.0,SE,1.79,0,0
41844,2026,10,10,11,332.0,15,19.0,1024.0,SE,4.92,0,0
41845,2026,10,10,12,328.0,15,21.0,1023.0,cv,0.89,0,0
41846,2026,10,10,13,310.0,15,22.0,1022.0,SE,3.13,0,0
41847,2026,10,10,14,298.0,15,22.0,1021.0,SE,4.92,0,0
41848,2026,10,10,15,267.0,15,22.0,1021.0,SE,8.05,0,0
41849,2026,10,10,16,261.0,15,22.0,1020.0,SE,9.84,0,0
41850,2026,10,10,17,243.0,15,20.0,1020.0,SE,11.63,0,0
41851,2026,10,10,18,263.0,15,18.0,1020.0,NE,0.89,0,0
41852,2026,10,10,19,302.0,15,17.0,1020.0,SE,1.79,0,0
41853,2026,10,10,20,331.0,15,18.0,1021.0,SE,3.58,0,0
41854,2026,10,10,21,330.0,15,17.0,1021.0,SE,5.37,0,0
41855,2026,10,10,22,308.0,14,15.0,1021.0,cv,0.89,0,0
41856,2026,10,10,23,322.0,14,15.0,1021.0,cv,1.78,0,0
41857,2026,10,11,0,328.0,14,15.0,1021.0,SE,0.89,0,0
41858,2026,10,11,1,303.0,15,15.0,1021.0,SE,2.68,0,0
41859,2026,10,11,2,290.0,14,14.0,1021.0,cv,0.89,0,0
41860,2026,10,11,3,317.0,14,15.0,1021.0,cv,1.78,0,0
41861,2026,10,11,4,314.0,14,15.0,1020.0,SE,1.79,0,0
41862,2026,10,11,5,269.0,14,14.0,1020.0,SE,2.68,0,0
41863,2026,10,11,6,204.0,15,15.0,1021.0,cv,0.89,0,0
41864,2026,10,11,7,217.0,15,15.0,1021.0,SE,1.79,0,0
41865,2026,10,11,8,202.0,15,15.0,1021.0,SE,3.58,0,0
41866,2026,10,11,9,196.0,15,15.0,1022.0,SE,5.37,0,0
41867,2026,10,11,10,230.0,15,16.0,1022.0,SE,6.26,0,0
41868,2026,10,11,11,256.0,15,17.0,1021.0,SE,8.05,0,0
41869,2026,10,11,12,246.0,15,18.0,1021.0,SE,9.84,0,0
41870,2026,10,11,13,243.0,14,19.0,1020.0,cv,0.89,0,0
41871,2026,10,11,14,237.0,15,20.0,1020.0,cv,1.78,0,0
41872,2026,10,11,15,233.0,15,20.0,1020.0,NW,1.79,0,0
41873,2026,10,11,16,239.0,15,20.0,1021.0,NW,4.92,0,0
41874,2026,10,11,17,253.0,15,19.0,1021.0,NW,8.05,0,0
41875,2026,10,11,18,108.0,9,20.0,1022.0,NW,15.2,0,0
41876,2026,10,11,19,21.0,7,19.0,1024.0,NW,22.35,0,0
41877,2026,10,11,20,18.0,6,19.0,1025.0,NW,28.16,0,0
41878,2026,10,11,21,5.0,5,18.0,1026.0,NW,35.31,0,0
41879,2026,10,11,22,6.0,5,17.0,1026.0,NW,42.46,0,0
41880,2026,10,11,23,7.0,5,17.0,1027.0,NW,49.61,0,0
41881,2026,10,12,0,8.0,7,16.0,1028.0,NW,55.42,0,1
41882,2026,10,12,1,5.0,6,15.0,1028.0,NW,60.34,0,2
41883,2026,10,12,2,7.0,9,13.0,1028.0,NW,64.36,0,3
41884,2026,10,12,3,9.0,8,13.0,1029.0,NE,3.13,0,4
41885,2026,10,12,4,9.0,8,13.0,1029.0,NW,3.13,0,0
41886,2026,10,12,5,9.0,8,13.0,1029.0,NW,4.92,0,0
41887,2026,10,12,6,8.0,5,14.0,1030.0,NW,8.05,0,0
41888,2026,10,12,7,7.0,-4,16.0,1031.0,NW,16.1,0,0
41889,2026,10,12,8,4.0,-2,15.0,1032.0,NW,20.12,0,0
41890,2026,10,12,9,3.0,1,15.0,1033.0,NE,3.13,0,0
41891,2026,10,12,10,4.0,-3,16.0,1033.0,NE,7.15,0,0
41892,2026,10,12,11,6.0,-1,17.0,1033.0,NE,10.28,0,0
41893,2026,10,12,12,3.0,-3,18.0,1032.0,NE,15.2,0,0
41894,2026,10,12,13,5.0,-3,18.0,1031.0,NW,3.13,0,0
41895,2026,10,12,14,6.0,-4,18.0,1030.0,NW,8.05,0,0
41896,2026,10,12,15,6.0,-4,18.0,1030.0,NW,12.07,0,0
41897,2026,10,12,16,4.0,-1,16.0,1030.0,NW,13.86,0,0
41898,2026,10,12,17,7.0,-4,16.0,1030.0,NW,18.78,0,0
41899,2026,10,12,18,6.0,-4,16.0,1030.0,NW,23.7,0,0
41900,2026,10,12,19,7.0,-1,14.0,1030.0,NW,26.83,0,0
41901,2026,10,12,20,13.0,-1,13.0,1030.0,NW,29.96,0,0
41902,2026,10,12,21,8.0,0,12.0,1031.0,NW,33.09,0,0
41903,2026,10,12,22,10.0,0,10.0,1031.0,NW,37.11,0,0
41904,2026,10,12,23,10.0,-2,10.0,1031.0,NW,40.24,0,0
41905,2026,10,13,0,7.0,-3,8.0,1031.0,NW,42.03,0,0
41906,2026,10,13,1,5.0,-3,6.0,1031.0,NW,45.16,0,0
41907,2026,10,13,2,3.0,-3,6.0,1031.0,NW,48.29,0,0
41908,2026,10,13,3,3.0,-4,5.0,1030.0,NW,50.08,0,0
41909,2026,10,13,4,7.0,-4,5.0,1030.0,NW,51.87,0,0
41910,2026,10,13,5,9.0,-2,3.0,1030.0,NW,53.66,0,0
41911,2026,10,13,6,7.0,-2,3.0,1030.0,NE,1.79,0,0
41912,2026,10,13,7,5.0,-2,4.0,1030.0,NW,4.02,0,0
41913,2026,10,13,8,5.0,-2,11.0,1031.0,NW,5.81,0,0
41914,2026,10,13,9,7.0,-5,12.0,1031.0,NW,9.83,0,0
41915,2026,10,13,10,9.0,-8,14.0,1030.0,NW,13.85,0,0
41916,2026,10,13,11,8.0,-8,15.0,1029.0,NW,17.87,0,0
41917,2026,10,13,12,9.0,-9,16.0,1027.0,NW,21.0,0,0
41918,2026,10,13,13,9.0,-10,16.0,1026.0,NW,22.79,0,0
41919,2026,10,13,14,8.0,-9,17.0,1025.0,cv,1.79,0,0
41920,2026,10,13,15,10.0,-8,17.0,1024.0,cv,2.68,0,0
41921,2026,10,13,16,10.0,-8,17.0,1023.0,SE,1.79,0,0
41922,2026,10,13,17,8.0,-5,15.0,1023.0,SE,3.58,0,0
41923,2026,10,13,18,13.0,1,11.0,1023.0,SE,4.47,0,0
41924,2026,10,13,19,24.0,1,9.0,1023.0,SE,6.26,0,0
41925,2026,10,13,20,35.0,2,7.0,1023.0,cv,0.89,0,0
41926,2026,10,13,21,35.0,3,7.0,1024.0,cv,1.78,0,0
41927,2026,10,13,22,51.0,3,6.0,1023.0,cv,2.67,0,0
41928,2026,10,13,23,59.0,2,5.0,1023.0,cv,3.56,0,0
41929,2026,10,14,0,61.0,3,5.0,1023.0,cv,4.01,0,0
41930,2026,10,14,1,47.0,3,5.0,1023.0,NE,0.89,0,0
41931,2026,10,14,2,42.0,2,4.0,1023.0,cv,0.89,0,0
41932,2026,10,14,3,45.0,1,4.0,1022.0,NW,3.13,0,0
41933,2026,10,14,4,47.0,0,4.0,1022.0,NW,4.92,0,0
41934,2026,10,14,5,33.0,0,3.0,1022.0,NW,6.71,0,0
41935,2026,10,14,6,20.0,0,4.0,1022.0,cv,0.89,0,0
41936,2026,10,14,7,25.0,0,4.0,1022.0,NW,1.79,0,0
41937,2026,10,14,8,22.0,1,8.0,1022.0,NW,4.92,0,0
41938,2026,10,14,9,17.0,0,11.0,1022.0,NW,6.71,0,0
41939,2026,10,14,10,26.0,-1,14.0,1021.0,cv,0.89,0,0
41940,2026,10,14,11,28.0,0,16.0,1021.0,cv,1.78,0,0
41941,2026,10,14,12,31.0,0,18.0,1020.0,cv,3.57,0,0
41942,2026,10,14,13,46.0,-1,20.0,1018.0,SE,4.02,0,0
41943,2026,10,14,14,49.0,0,21.0,1017.0,SE,7.15,0,0
41944,2026,10,14,15,37.0,0,22.0,1016.0,SE,11.17,0,0
41945,2026,10,14,16,31.0,-1,21.0,1016.0,SE,15.19,0,0
41946,2026,10,14,17,31.0,0,20.0,1015.0,SE,18.32,0,0
41947,2026,10,14,18,54.0,0,19.0,1016.0,SE,21.45,0,0
41948,2026,10,14,19,67.0,1,18.0,1016.0,SE,26.37,0,0
41949,2026,10,14,20,75.0,2,16.0,1016.0,SE,30.39,0,0
41950,2026,10,14,21,88.0,3,17.0,1015.0,cv,3.13,0,0
41951,2026,10,14,22,114.0,6,10.0,1015.0,cv,4.02,0,0
41952,2026,10,14,23,128.0,6,9.0,1015.0,cv,4.91,0,0
41953,2026,10,15,0,141.0,6,8.0,1015.0,cv,5.8,0,0
41954,2026,10,15,1,149.0,6,8.0,1014.0,cv,6.69,0,0
41955,2026,10,15,2,149.0,5,6.0,1014.0,NW,0.89,0,0
41956,2026,10,15,3,125.0,5,6.0,1013.0,cv,0.89,0,0
41957,2026,10,15,4,92.0,5,6.0,1013.0,cv,1.78,0,0
41958,2026,10,15,5,110.0,4,5.0,1013.0,cv,2.67,0,0
41959,2026,10,15,6,89.0,4,5.0,1013.0,NW,1.79,0,0
41960,2026,10,15,7,84.0,5,7.0,1013.0,cv,0.89,0,0
41961,2026,10,15,8,95.0,6,11.0,1014.0,NW,1.79,0,0
41962,2026,10,15,9,62.0,5,13.0,1014.0,NE,1.79,0,0
41963,2026,10,15,10,23.0,-2,21.0,1014.0,NW,9.83,0,0
41964,2026,10,15,11,11.0,-2,21.0,1014.0,NW,18.77,0,0
41965,2026,10,15,12,13.0,-2,21.0,1014.0,NW,28.6,0,0
41966,2026,10,15,13,9.0,-2,22.0,1014.0,NW,37.54,0,0
41967,2026,10,15,14,12.0,-5,23.0,1014.0,NW,48.72,0,0
41968,2026,10,15,15,9.0,-8,23.0,1014.0,NW,58.55,0,0
41969,2026,10,15,16,8.0,-11,22.0,1015.0,NW,67.49,0,0
41970,2026,10,15,17,9.0,-9,20.0,1016.0,NW,76.43,0,0
41971,2026,10,15,18,8.0,-8,17.0,1017.0,NW,85.37,0,0
41972,2026,10,15,19,7.0,-11,17.0,1018.0,NW,94.31,0,0
41973,2026,10,15,20,16.0,-9,15.0,1020.0,NW,100.12,0,0
41974,2026,10,15,21,20.0,-8,13.0,1021.0,NW,103.25,0,0
41975,2026,10,15,22,17.0,-6,12.0,1021.0,NE,1.79,0,0
41976,2026,10,15,23,20.0,-3,9.0,1021.0,cv,0.89,0,0
41977,2026,10,16,0,40.0,-1,7.0,1022.0,cv,1.78,0,0
41978,2026,10,16,1,27.0,-2,7.0,1022.0,SE,1.79,0,0
41979,2026,10,16,2,27.0,0,5.0,1022.0,cv,0.89,0,0
41980,2026,10,16,3,29.0,1,5.0,1022.0,cv,1.78,0,0
41981,2026,10,16,4,31.0,0,4.0,1022.0,cv,2.67,0,0
41982,2026,10,16,5,37.0,0,4.0,1023.0,cv,3.56,0,0
41983,2026,10,16,6,36.0,1,3.0,1023.0,cv,4.01,0,0
41984,2026,10,16,7,43.0,1,3.0,1024.0,cv,4.9,0,0
41985,2026,10,16,8,44.0,2,10.0,1025.0,cv,5.79,0,0
41986,2026,10,16,9,44.0,1,13.0,1025.0,cv,6.68,0,0
41987,2026,10,16,10,25.0,1,16.0,1024.0,cv,7.57,0,0
41988,2026,10,16,11,17.0,-5,19.0,1023.0,SE,4.92,0,0
41989,2026,10,16,12,17.0,-6,20.0,1022.0,SE,9.84,0,0
41990,2026,10,16,13,27.0,-6,21.0,1020.0,SE,16.99,0,0
41991,2026,10,16,14,29.0,-6,21.0,1019.0,SE,24.14,0,0
41992,2026,10,16,15,29.0,-6,22.0,1018.0,SE,31.29,0,0
41993,2026,10,16,16,36.0,-5,21.0,1018.0,SE,38.44,0,0
41994,2026,10,16,17,59.0,-4,20.0,1018.0,SE,44.25,0,0
41995,2026,10,16,18,59.0,-2,15.0,1018.0,SE,47.38,0,0
41996,2026,10,16,19,57.0,-1,15.0,1018.0,SE,50.51,0,0
41997,2026,10,16,20,55.0,-1,13.0,1018.0,SE,53.64,0,0
41998,2026,10,16,21,60.0,0,13.0,1018.0,SE,55.43,0,0
41999,2026,10,16,22,70.0,3,9.0,1018.0,cv,0.89,0,0
42000,2026,10,16,23,80.0,3,8.0,1018.0,SE,1.79,0,0
42001,2026,10,17,0,85.0,3,8.0,1018.0,cv,0.89,0,0
42002,2026,10,17,1,88.0,3,8.0,1017.0,cv,1.78,0,0
42003,2026,10,17,2,91.0,2,5.0,1017.0,NW,0.89,0,0
42004,2026,10,17,3,98.0,4,6.0,1017.0,cv,0.45,0,0
42005,2026,10,17,4,103.0,4,5.0,1016.0,NW,0.89,0,0
42006,2026,10,17,5,101.0,3,4.0,1017.0,NW,2.68,0,0
42007,2026,10,17,6,98.0,3,6.0,1016.0,NW,3.57,0,0
42008,2026,10,17,7,99.0,4,6.0,1017.0,cv,0.89,0,0
42009,2026,10,17,8,95.0,5,9.0,1017.0,NW,0.89,0,0
42010,2026,10,17,9,76.0,3,13.0,1018.0,NW,2.68,0,0
42011,2026,10,17,10,80.0,3,15.0,1017.0,NW,4.47,0,0
42012,2026,10,17,11,87.0,3,18.0,1017.0,cv,0.89,0,0
42013,2026,10,17,12,87.0,4,20.0,1016.0,cv,2.68,0,0
42014,2026,10,17,13,82.0,3,22.0,1015.0,cv,4.47,0,0
42015,2026,10,17,14,105.0,3,23.0,1014.0,SE,3.13,0,0
42016,2026,10,17,15,116.0,4,24.0,1014.0,SE,6.26,0,0
42017,2026,10,17,16,103.0,4,23.0,1014.0,SE,10.28,0,0
42018,2026,10,17,17,109.0,5,22.0,1014.0,SE,14.3,0,0
42019,2026,10,17,18,118.0,7,16.0,1014.0,cv,0.89,0,0
42020,2026,10,17,19,127.0,8,13.0,1015.0,SE,1.79,0,0
42021,2026,10,17,20,144.0,8,15.0,1015.0,SE,3.58,0,0
42022,2026,10,17,21,189.0,8,13.0,1016.0,SE,4.47,0,0
42023,2026,10,17,22,190.0,7,13.0,1016.0,cv,0.89,0,0
42024,2026,10,17,23,225.0,8,11.0,1017.0,cv,1.78,0,0
42025,2026,10,18,0,211.0,8,10.0,1017.0,NW,0.89,0,0
42026,2026,10,18,1,197.0,7,11.0,1017.0,NW,2.68,0,0
42027,2026,10,18,2,200.0,7,9.0,1017.0,NE,1.79,0,0
42028,2026,10,18,3,197.0,6,9.0,1017.0,NW,1.79,0,0
42029,2026,10,18,4,193.0,6,8.0,1016.0,cv,0.89,0,0
42030,2026,10,18,5,180.0,6,8.0,1017.0,NW,1.79,0,0
42031,2026,10,18,6,117.0,6,8.0,1017.0,NW,3.58,0,0
42032,2026,10,18,7,110.0,5,8.0,1018.0,NW,5.37,0,0
42033,2026,10,18,8,111.0,7,11.0,1018.0,NW,8.5,0,0
42034,2026,10,18,9,94.0,7,14.0,1019.0,NE,1.79,0,0
42035,2026,10,18,10,112.0,7,17.0,1018.0,cv,0.89,0,0
42036,2026,10,18,11,110.0,8,20.0,1018.0,cv,1.78,0,0
42037,2026,10,18,12,155.0,8,22.0,1017.0,cv,2.67,0,0
42038,2026,10,18,13,186.0,8,23.0,1016.0,cv,4.46,0,0
42039,2026,10,18,14,194.0,8,24.0,1015.0,cv,5.35,0,0
42040,2026,10,18,15,210.0,8,24.0,1014.0,SE,3.13,0,0
42041,2026,10,18,16,215.0,8,23.0,1015.0,SE,6.26,0,0
42042,2026,10,18,17,230.0,10,21.0,1014.0,SE,8.05,0,0
42043,2026,10,18,18,239.0,12,17.0,1015.0,NE,0.89,0,0
42044,2026,10,18,19,272.0,12,15.0,1015.0,NE,1.78,0,0
42045,2026,10,18,20,296.0,11,14.0,1015.0,SE,0.89,0,0
42046,2026,10,18,21,315.0,11,13.0,1016.0,SE,1.78,0,0
42047,2026,10,18,22,357.0,11,13.0,1016.0,cv,0.89,0,0
42048,2026,10,18,23,382.0,12,14.0,1016.0,cv,1.34,0,0
42049,2026,10,19,0,406.0,11,14.0,1015.0,cv,2.23,0,0
42050,2026,10,19,1,405.0,11,15.0,1015.0,cv,4.02,0,0
42051,2026,10,19,2,389.0,12,14.0,1015.0,NE,0.89,0,0
42052,2026,10,19,3,397.0,12,14.0,1014.0,SE,0.89,0,0
42053,2026,10,19,4,413.0,12,13.0,1014.0,cv,0.89,0,0
42054,2026,10,19,5,373.0,12,13.0,1014.0,NE,0.89,0,0
42055,2026,10,19,6,362.0,12,13.0,1014.0,cv,0.89,0,0
42056,2026,10,19,7,356.0,11,13.0,1014.0,cv,1.78,0,0
42057,2026,10,19,8,344.0,12,15.0,1015.0,SE,1.79,0,0
42058,2026,10,19,9,352.0,12,16.0,1015.0,cv,0.89,0,0
42059,2026,10,19,10,357.0,12,17.0,1015.0,SE,1.79,0,0
42060,2026,10,19,11,353.0,12,18.0,1015.0,SE,3.58,0,0
42061,2026,10,19,12,292.0,11,20.0,1014.0,SE,6.71,0,0
42062,2026,10,19,13,213.0,11,20.0,1014.0,SE,10.73,0,0
42063,2026,10,19,14,210.0,12,20.0,1013.0,SE,13.86,0,0
42064,2026,10,19,15,183.0,12,20.0,1013.0,SE,16.99,0,0
42065,2026,10,19,16,161.0,12,20.0,1013.0,SE,20.12,0,0
42066,2026,10,19,17,153.0,12,19.0,1013.0,SE,21.91,0,0
42067,2026,10,19,18,169.0,13,16.0,1014.0,NE,0.89,0,0
42068,2026,10,19,19,196.0,13,17.0,1014.0,cv,0.89,0,0
42069,2026,10,19,20,200.0,13,16.0,1015.0,SE,0.89,0,0
42070,2026,10,19,21,197.0,13,16.0,1015.0,SE,2.68,0,0
42071,2026,10,19,22,178.0,13,16.0,1015.0,SE,5.81,0,0
42072,2026,10,19,23,161.0,13,16.0,1016.0,SE,7.6,0,0
42073,2026,10,20,0,161.0,13,16.0,1016.0,SE,9.39,0,0
42074,2026,10,20,1,166.0,13,15.0,1016.0,SE,10.28,0,0
42075,2026,10,20,2,171.0,13,15.0,1016.0,SE,12.07,0,0
42076,2026,10,20,3,177.0,12,13.0,1015.0,NE,0.89,0,0
42077,2026,10,20,4,177.0,12,12.0,1015.0,NE,1.78,0,0
42078,2026,10,20,5,189.0,11,11.0,1016.0,cv,0.89,0,0
42079,2026,10,20,6,187.0,11,11.0,1016.0,cv,1.78,0,0
42080,2026,10,20,7,192.0,12,12.0,1017.0,SE,0.89,0,0
42081,2026,10,20,8,203.0,12,13.0,1017.0,cv,0.89,0,0
42082,2026,10,20,9,234.0,14,14.0,1018.0,cv,1.78,0,0
42083,2026,10,20,10,261.0,12,17.0,1018.0,NE,4.02,0,0
42084,2026,10,20,11,265.0,13,16.0,1018.0,SE,4.92,0,0
42085,2026,10,20,12,268.0,13,16.0,1018.0,SE,8.94,0,0
42086,2026,10,20,13,285.0,13,16.0,1018.0,SE,12.96,0,0
42087,2026,10,20,14,264.0,14,17.0,1018.0,SE,14.75,0,0
42088,2026,10,20,15,253.0,13,18.0,1018.0,SE,16.54,0,0
42089,2026,10,20,16,,13,17.0,1018.0,SE,18.33,0,0
42090,2026,10,20,17,239.0,13,17.0,1018.0,SE,20.12,0,0
42091,2026,10,20,18,256.0,13,15.0,1020.0,cv,0.45,0,0
42092,2026,10,20,19,253.0,13,15.0,1021.0,SE,0.89,0,0
42093,2026,10,20,20,262.0,13,16.0,1022.0,SE,2.68,0,0
42094,2026,10,20,21,239.0,13,15.0,1022.0,SE,4.47,0,0
42095,2026,10,20,22,143.0,10,15.0,1023.0,SE,7.6,0,0
42096,2026,10,20,23,71.0,9,14.0,1023.0,SE,9.39,0,0
42097,2026,10,21,0,61.0,7,14.0,1024.0,SE,12.52,0,0
42098,2026,10,21,1,34.0,7,13.0,1024.0,SE,14.31,0,0
42099,2026,10,21,2,36.0,6,13.0,1025.0,SE,15.2,0,0
42100,2026,10,21,3,33.0,6,12.0,1024.0,SE,16.09,0,0
42101,2026,10,21,4,31.0,3,12.0,1024.0,SE,19.22,0,0
42102,2026,10,21,5,24.0,2,12.0,1024.0,SE,20.11,0,0
42103,2026,10,21,6,31.0,1,12.0,1024.0,SE,21.9,0,0
42104,2026,10,21,7,38.0,0,12.0,1025.0,SE,25.03,0,0
42105,2026,10,21,8,38.0,-2,13.0,1026.0,SE,28.16,0,0
42106,2026,10,21,9,38.0,-3,13.0,1026.0,SE,31.29,0,0
42107,2026,10,21,10,38.0,-2,13.0,1026.0,SE,34.42,0,0
42108,2026,10,21,11,36.0,-3,13.0,1026.0,SE,37.55,0,0
42109,2026,10,21,12,38.0,-4,14.0,1026.0,SE,40.68,0,0
42110,2026,10,21,13,37.0,-3,14.0,1025.0,SE,42.47,0,0
42111,2026,10,21,14,36.0,-3,15.0,1024.0,cv,1.79,0,0
42112,2026,10,21,15,35.0,-4,15.0,1023.0,SE,4.02,0,0
42113,2026,10,21,16,33.0,-3,15.0,1023.0,SE,7.15,0,0
42114,2026,10,21,17,41.0,-3,13.0,1023.0,SE,8.94,0,0
42115,2026,10,21,18,38.0,0,10.0,1023.0,cv,0.89,0,0
42116,2026,10,21,19,51.0,3,9.0,1024.0,cv,1.78,0,0
42117,2026,10,21,20,67.0,2,8.0,1024.0,SE,0.89,0,0
42118,2026,10,21,21,84.0,3,7.0,1024.0,SE,2.68,0,0
42119,2026,10,21,22,91.0,2,8.0,1025.0,SE,4.47,0,0
42120,2026,10,21,23,97.0,3,6.0,1025.0,NE,0.89,0,0
42121,2026,10,22,0,60.0,3,6.0,1025.0,cv,0.89,0,0
42122,2026,10,22,1,50.0,3,7.0,1024.0,cv,1.78,0,0
42123,2026,10,22,2,47.0,3,6.0,1024.0,cv,2.67,0,0
42124,2026,10,22,3,52.0,4,7.0,1024.0,NE,0.89,0,0
42125,2026,10,22,4,73.0,4,7.0,1024.0,cv,0.89,0,0
42126,2026,10,22,5,111.0,3,8.0,1024.0,cv,1.78,0,0
42127,2026,10,22,6,104.0,3,8.0,1024.0,cv,2.67,0,0
42128,2026,10,22,7,90.0,3,8.0,1024.0,cv,3.12,0,0
42129,2026,10,22,8,84.0,3,9.0,1025.0,cv,4.01,0,0
42130,2026,10,22,9,79.0,2,10.0,1025.0,cv,4.9,0,0
42131,2026,10,22,10,83.0,3,10.0,1024.0,cv,5.79,0,0
42132,2026,10,22,11,92.0,4,11.0,1024.0,cv,6.68,0,0
42133,2026,10,22,12,104.0,5,11.0,1023.0,SE,1.79,0,0
42134,2026,10,22,13,100.0,6,12.0,1022.0,SE,3.58,0,0
42135,2026,10,22,14,101.0,6,13.0,1021.0,SE,6.71,0,0
42136,2026,10,22,15,86.0,6,13.0,1021.0,SE,9.84,0,0
42137,2026,10,22,16,85.0,7,13.0,1020.0,SE,11.63,0,0
42138,2026,10,22,17,83.0,7,12.0,1020.0,SE,13.42,0,0
42139,2026,10,22,18,97.0,6,12.0,1020.0,NE,1.79,0,0
42140,2026,10,22,19,117.0,7,12.0,1020.0,NE,3.58,0,0
42141,2026,10,22,20,124.0,7,12.0,1020.0,cv,0.89,0,0
42142,2026,10,22,21,127.0,7,12.0,1020.0,cv,1.78,0,0
42143,2026,10,22,22,132.0,7,11.0,1020.0,cv,2.23,0,0
42144,2026,10,22,23,130.0,7,12.0,1019.0,cv,2.68,0,0
42145,2026,10,23,0,126.0,8,12.0,1019.0,NE,0.89,0,0
42146,2026,10,23,1,119.0,8,11.0,1019.0,cv,0.89,0,0
42147,2026,10,23,2,108.0,7,12.0,1018.0,SE,0.89,0,0
42148,2026,10,23,3,108.0,7,11.0,1018.0,cv,0.89,0,0
42149,2026,10,23,4,102.0,8,11.0,1017.0,NW,0.89,0,0
42150,2026,10,23,5,110.0,8,11.0,1017.0,NW,1.78,0,0
42151,2026,10,23,6,113.0,8,11.0,1017.0,cv,0.89,0,0
42152,2026,10,23,7,108.0,8,12.0,1017.0,cv,1.78,0,0
42153,2026,10,23,8,116.0,8,12.0,1017.0,NE,1.79,0,0
42154,2026,10,23,9,130.0,7,13.0,1017.0,NW,3.13,0,0
42155,2026,10,23,10,134.0,7,14.0,1016.0,NE,1.79,0,0
42156,2026,10,23,11,136.0,7,15.0,1016.0,cv,0.89,0,0
42157,2026,10,23,12,145.0,7,15.0,1015.0,cv,1.78,0,0
42158,2026,10,23,13,149.0,7,16.0,1014.0,cv,2.67,0,0
42159,2026,10,23,14,133.0,8,16.0,1013.0,cv,3.56,0,0
42160,2026,10,23,15,143.0,8,16.0,1012.0,SE,1.79,0,0
42161,2026,10,23,16,149.0,8,16.0,1012.0,SE,3.58,0,0
42162,2026,10,23,17,164.0,8,14.0,1012.0,SE,5.37,0,0
42163,2026,10,23,18,170.0,9,13.0,1012.0,cv,0.45,0,0
42164,2026,10,23,19,174.0,9,12.0,1013.0,cv,1.34,0,0
42165,2026,10,23,20,191.0,9,10.0,1013.0,cv,2.23,0,0
42166,2026,10,23,21,196.0,9,9.0,1013.0,SE,0.89,0,0
42167,2026,10,23,22,195.0,8,9.0,1013.0,SE,1.78,0,0
42168,2026,10,23,23,214.0,8,9.0,1013.0,NE,0.89,0,0
42169,2026,10,24,0,227.0,8,9.0,1012.0,NW,0.89,0,0
42170,2026,10,24,1,217.0,9,10.0,1012.0,cv,0.89,0,0
42171,2026,10,24,2,195.0,8,9.0,1012.0,NW,1.79,0,0
42172,2026,10,24,3,183.0,8,9.0,1012.0,NW,3.58,0,0
42173,2026,10,24,4,179.0,8,8.0,1012.0,NW,5.37,0,0
42174,2026,10,24,5,191.0,7,8.0,1012.0,NW,7.16,0,0
42175,2026,10,24,6,178.0,7,8.0,1012.0,NW,8.95,0,0
42176,2026,10,24,7,183.0,7,8.0,1012.0,NW,10.74,0,0
42177,2026,10,24,8,185.0,8,10.0,1012.0,NW,12.53,0,0
42178,2026,10,24,9,192.0,9,12.0,1013.0,NW,15.66,0,0
42179,2026,10,24,10,199.0,10,14.0,1013.0,NW,18.79,0,0
42180,2026,10,24,11,231.0,11,16.0,1012.0,cv,0.89,0,0
42181,2026,10,24,12,253.0,12,17.0,1011.0,cv,1.78,0,0
42182,2026,10,24,13,281.0,12,17.0,1010.0,cv,2.67,0,0
42183,2026,10,24,14,294.0,12,18.0,1010.0,SE,1.79,0,0
42184,2026,10,24,15,317.0,12,17.0,1009.0,SE,3.58,0,0
42185,2026,10,24,16,318.0,12,17.0,1009.0,SE,5.37,0,0
42186,2026,10,24,17,323.0,12,15.0,1010.0,SE,6.26,0,0
42187,2026,10,24,18,339.0,11,13.0,1011.0,NE,0.89,0,0
42188,2026,10,24,19,341.0,12,13.0,1011.0,cv,0.45,0,0
42189,2026,10,24,20,346.0,11,12.0,1011.0,NE,0.89,0,0
42190,2026,10,24,21,356.0,10,10.0,1012.0,cv,0.89,0,0
42191,2026,10,24,22,383.0,10,11.0,1011.0,NE,0.89,0,0
42192,2026,10,24,23,363.0,10,11.0,1011.0,cv,0.45,0,0
42193,2026,10,25,0,381.0,10,11.0,1012.0,cv,0.9,0,0
42194,2026,10,25,1,352.0,10,10.0,1012.0,NW,1.79,0,0
42195,2026,10,25,2,319.0,9,10.0,1012.0,NW,3.58,0,0
42196,2026,10,25,3,310.0,10,10.0,1011.0,NE,0.89,0,0
42197,2026,10,25,4,331.0,9,9.0,1011.0,NW,1.79,0,0
42198,2026,10,25,5,332.0,8,8.0,1011.0,NW,3.58,0,0
42199,2026,10,25,6,315.0,8,9.0,1011.0,NW,5.37,0,0
42200,2026,10,25,7,312.0,10,10.0,1011.0,NW,7.16,0,0
42201,2026,10,25,8,310.0,11,12.0,1012.0,NW,10.29,0,0
42202,2026,10,25,9,324.0,11,13.0,1012.0,NW,12.08,0,0
42203,2026,10,25,10,330.0,12,14.0,1012.0,NW,13.87,0,0
42204,2026,10,25,11,324.0,13,16.0,1012.0,cv,0.89,0,0
42205,2026,10,25,12,331.0,12,17.0,1011.0,cv,1.78,0,0
42206,2026,10,25,13,346.0,13,18.0,1011.0,SE,1.79,0,0
42207,2026,10,25,14,352.0,13,19.0,1010.0,SE,3.58,0,0
42208,2026,10,25,15,376.0,13,19.0,1010.0,SE,5.37,0,0
42209,2026,10,25,16,402.0,13,19.0,1010.0,SE,7.16,0,0
42210,2026,10,25,17,423.0,13,17.0,1010.0,SE,8.05,0,0
42211,2026,10,25,18,440.0,13,15.0,1011.0,cv,0.89,0,0
42212,2026,10,25,19,449.0,12,13.0,1011.0,SE,0.89,0,0
42213,2026,10,25,20,472.0,14,15.0,1012.0,SE,2.68,0,0
42214,2026,10,25,21,453.0,12,13.0,1012.0,cv,0.89,0,0
42215,2026,10,25,22,413.0,12,12.0,1013.0,cv,1.78,0,0
42216,2026,10,25,23,396.0,13,13.0,1014.0,cv,2.67,0,0
42217,2026,10,26,0,395.0,13,13.0,1014.0,NW,1.79,0,0
42218,2026,10,26,1,379.0,13,13.0,1015.0,NW,3.58,0,0
42219,2026,10,26,2,341.0,12,12.0,1016.0,NW,6.71,0,0
42220,2026,10,26,3,312.0,10,10.0,1016.0,NW,10.73,0,0
42221,2026,10,26,4,257.0,9,11.0,1017.0,NE,1.79,0,0
42222,2026,10,26,5,183.0,3,14.0,1019.0,NW,4.02,0,0
42223,2026,10,26,6,39.0,0,14.0,1020.0,NW,9.83,0,0
42224,2026,10,26,7,16.0,-2,14.0,1022.0,NE,7.15,0,0
42225,2026,10,26,8,14.0,-4,14.0,1025.0,NE,12.96,0,0
42226,2026,10,26,9,16.0,-4,14.0,1026.0,NE,20.11,0,0
42227,2026,10,26,10,10.0,-8,15.0,1027.0,NE,28.16,0,0
42228,2026,10,26,11,10.0,-9,16.0,1027.0,NE,35.31,0,0
42229,2026,10,26,12,9.0,-12,16.0,1027.0,NE,43.36,0,0
42230,2026,10,26,13,7.0,-11,16.0,1026.0,NE,49.17,0,0
42231,2026,10,26,14,9.0,-13,17.0,1026.0,NE,54.09,0,0
42232,2026,10,26,15,9.0,-11,18.0,1026.0,NE,58.11,0,0
42233,2026,10,26,16,10.0,-14,17.0,1026.0,NE,62.13,0,0
42234,2026,10,26,17,8.0,-12,16.0,1026.0,NE,65.26,0,0
42235,2026,10,26,18,9.0,-12,14.0,1027.0,NE,68.39,0,0
42236,2026,10,26,19,17.0,-13,14.0,1027.0,NE,72.41,0,0
42237,2026,10,26,20,15.0,-13,13.0,1028.0,NW,4.92,0,0
42238,2026,10,26,21,15.0,-13,12.0,1029.0,NE,4.02,0,0
42239,2026,10,26,22,12.0,-12,9.0,1030.0,NE,7.15,0,0
42240,2026,10,26,23,9.0,-13,10.0,1031.0,NE,11.17,0,0
42241,2026,10,27,0,10.0,-14,11.0,1031.0,NE,15.19,0,0
42242,2026,10,27,1,9.0,-15,10.0,1032.0,NE,19.21,0,0
42243,2026,10,27,2,12.0,-13,9.0,1032.0,NE,22.34,0,0
42244,2026,10,27,3,9.0,-13,9.0,1032.0,NE,25.47,0,0
42245,2026,10,27,4,13.0,-11,8.0,1032.0,NE,27.26,0,0
42246,2026,10,27,5,14.0,-9,6.0,1032.0,cv,0.89,0,0
42247,2026,10,27,6,12.0,-5,3.0,1033.0,cv,1.34,0,0
42248,2026,10,27,7,24.0,-5,3.0,1033.0,cv,2.23,0,0
42249,2026,10,27,8,23.0,-7,8.0,1034.0,cv,3.12,0,0
42250,2026,10,27,9,31.0,-10,10.0,1034.0,cv,4.01,0,0
42251,2026,10,27,10,57.0,-9,11.0,1034.0,cv,5.8,0,0
42252,2026,10,27,11,43.0,-11,13.0,1034.0,cv,7.59,0,0
42253,2026,10,27,12,35.0,-9,13.0,1033.0,SE,3.13,0,0
42254,2026,10,27,13,31.0,-10,14.0,1032.0,SE,7.15,0,0
42255,2026,10,27,14,30.0,-9,14.0,1031.0,SE,10.28,0,0
42256,2026,10,27,15,25.0,-7,15.0,1030.0,SE,14.3,0,0
42257,2026,10,27,16,33.0,-5,14.0,1030.0,SE,17.43,0,0
42258,2026,10,27,17,39.0,-6,13.0,1029.0,SE,20.56,0,0
42259,2026,10,27,18,40.0,-6,11.0,1030.0,SE,23.69,0,0
42260,2026,10,27,19,60.0,-6,11.0,1030.0,SE,27.71,0,0
42261,2026,10,27,20,68.0,-4,10.0,1030.0,SE,30.84,0,0
42262,2026,10,27,21,57.0,-2,9.0,1030.0,SE,33.97,0,0
42263,2026,10,27,22,51.0,0,8.0,1030.0,SE,35.76,0,0
42264,2026,10,27,23,26.0,1,5.0,1030.0,NE,0.89,0,0
42265,2026,10,28,0,50.0,1,5.0,1030.0,SE,1.79,0,0
42266,2026,10,28,1,42.0,0,5.0,1030.0,cv,0.89,0,0
42267,2026,10,28,2,43.0,1,5.0,1029.0,NE,0.89,0,0
42268,2026,10,28,3,74.0,1,5.0,1029.0,cv,0.89,0,0
42269,2026,10,28,4,87.0,0,4.0,1029.0,SE,0.89,0,0
42270,2026,10,28,5,78.0,0,3.0,1029.0,SE,1.78,0,0
42271,2026,10,28,6,77.0,1,3.0,1029.0,NE,0.89,0,0
42272,2026,10,28,7,91.0,1,3.0,1029.0,NE,1.78,0,0
42273,2026,10,28,8,99.0,3,6.0,1029.0,NE,2.67,0,0
42274,2026,10,28,9,92.0,1,8.0,1029.0,cv,0.89,0,0
42275,2026,10,28,10,83.0,2,10.0,1029.0,cv,1.78,0,0
42276,2026,10,28,11,94.0,3,11.0,1028.0,cv,2.67,0,0
42277,2026,10,28,12,90.0,3,13.0,1027.0,cv,4.46,0,0
42278,2026,10,28,13,68.0,3,14.0,1026.0,cv,6.25,0,0
42279,2026,10,28,14,60.0,2,14.0,1025.0,SE,3.13,0,0
42280,2026,10,28,15,53.0,2,14.0,1025.0,cv,3.13,0,0
42281,2026,10,28,16,51.0,2,14.0,1025.0,SE,1.79,0,0
42282,2026,10,28,17,52.0,2,14.0,1024.0,SE,4.92,0,0
42283,2026,10,28,18,51.0,2,13.0,1025.0,SE,8.05,0,0
42284,2026,10,28,19,47.0,2,14.0,1025.0,SE,11.18,0,0
42285,2026,10,28,20,47.0,3,12.0,1025.0,cv,0.89,0,0
42286,2026,10,28,21,59.0,5,10.0,1025.0,SE,0.89,0,0
42287,2026,10,28,22,59.0,5,10.0,1025.0,SE,1.78,0,0
42288,2026,10,28,23,74.0,6,9.0,1025.0,SE,2.67,0,0
42289,2026,10,29,0,93.0,5,8.0,1025.0,NE,0.89,0,0
42290,2026,10,29,1,101.0,5,8.0,1025.0,cv,0.89,0,0
42291,2026,10,29,2,111.0,6,7.0,1025.0,cv,1.34,0,0
42292,2026,10,29,3,139.0,5,7.0,1024.0,cv,2.23,0,0
42293,2026,10,29,4,129.0,5,6.0,1024.0,NW,0.89,0,0
42294,2026,10,29,5,127.0,4,5.0,1024.0,NW,1.78,0,0
42295,2026,10,29,6,114.0,5,6.0,1024.0,NW,3.57,0,0
42296,2026,10,29,7,98.0,4,6.0,1025.0,NW,5.36,0,0
42297,2026,10,29,8,102.0,5,8.0,1025.0,NW,7.15,0,0
42298,2026,10,29,9,106.0,6,10.0,1025.0,NW,8.94,0,0
42299,2026,10,29,10,111.0,5,12.0,1025.0,NW,10.73,0,0
42300,2026,10,29,11,106.0,4,14.0,1025.0,cv,0.89,0,0
42301,2026,10,29,12,105.0,4,15.0,1024.0,cv,1.78,0,0
42302,2026,10,29,13,108.0,4,16.0,1024.0,cv,2.67,0,0
42303,2026,10,29,14,107.0,4,16.0,1023.0,cv,4.46,0,0
42304,2026,10,29,15,113.0,4,16.0,1023.0,cv,5.35,0,0
42305,2026,10,29,16,126.0,4,15.0,1023.0,SE,1.79,0,0
42306,2026,10,29,17,141.0,6,14.0,1023.0,NE,0.89,0,0
42307,2026,10,29,18,158.0,7,12.0,1023.0,SE,0.89,0,0
42308,2026,10,29,19,170.0,7,11.0,1023.0,SE,1.78,0,0
42309,2026,10,29,20,176.0,7,11.0,1023.0,SE,2.67,0,0
42310,2026,10,29,21,183.0,7,11.0,1023.0,SE,3.56,0,0
42311,2026,10,29,22,193.0,7,12.0,1024.0,cv,0.45,0,0
42312,2026,10,29,23,215.0,8,11.0,1024.0,SE,0.89,0,0
42313,2026,10,30,0,215.0,7,11.0,1023.0,SE,1.78,0,1
42314,2026,10,30,1,210.0,7,11.0,1023.0,SE,2.67,0,0
42315,2026,10,30,2,214.0,7,11.0,1023.0,SE,3.56,0,0
42316,2026,10,30,3,214.0,6,11.0,1023.0,cv,0.89,0,0
42317,2026,10,30,4,272.0,7,10.0,1022.0,NE,1.79,0,0
42318,2026,10,30,5,198.0,7,10.0,1022.0,NW,1.79,0,0
42319,2026,10,30,6,176.0,8,10.0,1022.0,cv,0.45,0,0
42320,2026,10,30,7,159.0,8,10.0,1023.0,cv,0.9,0,0
42321,2026,10,30,8,158.0,8,11.0,1024.0,cv,1.35,0,0
42322,2026,10,30,9,137.0,7,12.0,1024.0,NE,1.79,0,1
42323,2026,10,30,10,156.0,7,12.0,1024.0,NE,2.68,0,0
42324,2026,10,30,11,161.0,6,13.0,1024.0,cv,0.89,0,0
42325,2026,10,30,12,163.0,6,14.0,1023.0,cv,1.78,0,0
42326,2026,10,30,13,178.0,7,14.0,1022.0,NE,0.89,0,0
42327,2026,10,30,14,180.0,7,15.0,1022.0,cv,0.89,0,0
42328,2026,10,30,15,179.0,6,15.0,1021.0,SE,1.79,0,0
42329,2026,10,30,16,182.0,6,15.0,1021.0,cv,0.89,0,0
42330,2026,10,30,17,192.0,7,14.0,1021.0,cv,1.34,0,0
42331,2026,10,30,18,199.0,8,13.0,1022.0,cv,1.79,0,0
42332,2026,10,30,19,208.0,8,12.0,1022.0,cv,2.68,0,0
42333,2026,10,30,20,212.0,8,13.0,1022.0,NW,1.79,0,0
42334,2026,10,30,21,193.0,8,12.0,1023.0,cv,0.89,0,0
42335,2026,10,30,22,205.0,8,12.0,1023.0,cv,1.78,0,0
42336,2026,10,30,23,206.0,9,12.0,1023.0,cv,2.67,0,1
42337,2026,10,31,0,212.0,10,11.0,1022.0,NE,0.89,0,0
42338,2026,10,31,1,216.0,9,11.0,1022.0,cv,0.89,0,0
42339,2026,10,31,2,232.0,8,12.0,1022.0,NE,0.89,0,0
42340,2026,10,31,3,223.0,9,11.0,1022.0,NW,0.89,0,0
42341,2026,10,31,4,229.0,9,11.0,1021.0,SE,0.89,0,0
42342,2026,10,31,5,206.0,9,11.0,1021.0,NW,0.89,0,0
42343,2026,10,31,6,194.0,9,11.0,1021.0,cv,0.89,0,0
42344,2026,10,31,7,211.0,9,12.0,1021.0,NE,0.89,0,0
42345,2026,10,31,8,225.0,10,12.0,1022.0,NE,1.78,0,0
42346,2026,10,31,9,169.0,10,14.0,1022.0,cv,0.89,0,0
42347,2026,10,31,10,144.0,10,14.0,1022.0,cv,2.68,0,0
42348,2026,10,31,11,150.0,10,14.0,1021.0,cv,3.57,0,1
42349,2026,10,31,12,144.0,10,15.0,1021.0,SE,1.79,0,0
42350,2026,10,31,13,143.0,10,15.0,1020.0,SE,3.58,0,1
42351,2026,10,31,14,143.0,10,15.0,1019.0,SE,5.37,0,2
42352,2026,10,31,15,145.0,9,15.0,1019.0,SE,7.16,0,0
42353,2026,10,31,16,152.0,9,15.0,1019.0,SE,8.95,0,0
42354,2026,10,31,17,165.0,10,14.0,1018.0,cv,0.89,0,0
42355,2026,10,31,18,176.0,9,14.0,1019.0,cv,1.78,0,0
42356,2026,10,31,19,209.0,9,13.0,1019.0,cv,2.67,0,0
42357,2026,10,31,20,224.0,10,13.0,1019.0,cv,3.56,0,0
42358,2026,10,31,21,200.0,10,14.0,1020.0,SE,1.79,0,0
42359,2026,10,31,22,188.0,10,14.0,1020.0,SE,4.92,0,0
42360,2026,10,31,23,184.0,10,13.0,1019.0,SE,6.71,0,0
42361,2026,11,1,0,180.0,10,13.0,1019.0,NW,1.79,0,0
42362,2026,11,1,1,189.0,8,9.0,1019.0,cv,0.89,0,0
42363,2026,11,1,2,215.0,8,9.0,1019.0,cv,1.34,0,0
42364,2026,11,1,3,180.0,8,8.0,1019.0,NW,1.79,0,0
42365,2026,11,1,4,81.0,6,6.0,1019.0,cv,0.89,0,0
42366,2026,11,1,5,78.0,4,4.0,1019.0,NW,1.79,0,0
42367,2026,11,1,6,24.0,5,6.0,1019.0,NE,0.89,0,0
42368,2026,11,1,7,26.0,5,5.0,1020.0,cv,0.89,0,0
42369,2026,11,1,8,29.0,6,8.0,1020.0,cv,1.78,0,0
42370,2026,11,1,9,22.0,6,11.0,1020.0,cv,2.67,0,0
42371,2026,11,1,10,14.0,2,14.0,1021.0,NW,4.92,0,0
42372,2026,11,1,11,11.0,-2,15.0,1020.0,NW,12.97,0,0
42373,2026,11,1,12,12.0,-6,15.0,1020.0,NW,20.12,0,0
42374,2026,11,1,13,11.0,-6,15.0,1019.0,NW,25.93,0,0
42375,2026,11,1,14,13.0,-7,16.0,1018.0,NW,31.74,0,0
42376,2026,11,1,15,12.0,-7,16.0,1018.0,NW,37.55,0,0
42377,2026,11,1,16,9.0,-9,15.0,1018.0,NW,44.7,0,0
42378,2026,11,1,17,10.0,-8,15.0,1018.0,NW,50.51,0,0
42379,2026,11,1,18,10.0,-7,14.0,1018.0,NW,56.32,0,0
42380,2026,11,1,19,15.0,-6,14.0,1019.0,NW,61.24,0,0
42381,2026,11,1,20,18.0,-5,14.0,1019.0,NW,65.26,0,0
42382,2026,11,1,21,18.0,-5,13.0,1020.0,NW,69.28,0,0
42383,2026,11,1,22,14.0,-7,13.0,1021.0,NW,77.33,0,0
42384,2026,11,1,23,16.0,-8,12.0,1021.0,NW,88.51,0,0
42385,2026,11,2,0,10.0,-10,11.0,1022.0,NW,98.34,0,0
42386,2026,11,2,1,9.0,-10,10.0,1022.0,NW,106.39,0,0
42387,2026,11,2,2,6.0,-11,10.0,1022.0,NW,113.54,0,0
42388,2026,11,2,3,8.0,-12,9.0,1022.0,NW,120.69,0,0
42389,2026,11,2,4,6.0,-11,9.0,1022.0,NW,130.52,0,0
42390,2026,11,2,5,3.0,-11,9.0,1023.0,NW,138.57,0,0
42391,2026,11,2,6,2.0,-10,8.0,1023.0,NW,147.51,0,0
42392,2026,11,2,7,8.0,-9,9.0,1024.0,NW,153.32,0,0
42393,2026,11,2,8,8.0,-8,10.0,1025.0,NW,159.13,0,0
42394,2026,11,2,9,7.0,-9,11.0,1026.0,NW,164.05,0,0
42395,2026,11,2,10,6.0,-10,11.0,1025.0,NW,171.2,0,0
42396,2026,11,2,11,8.0,-10,12.0,1025.0,NW,177.01,0,0
42397,2026,11,2,12,6.0,-10,14.0,1024.0,NW,184.16,0,0
42398,2026,11,2,13,9.0,-12,14.0,1023.0,NW,193.99,0,0
42399,2026,11,2,14,8.0,-12,14.0,1022.0,NW,202.93,0,0
42400,2026,11,2,15,7.0,-12,15.0,1022.0,NW,210.08,0,0
42401,2026,11,2,16,10.0,-12,15.0,1022.0,NW,218.13,0,0
42402,2026,11,2,17,10.0,-12,14.0,1022.0,NW,223.94,0,0
42403,2026,11,2,18,11.0,-11,13.0,1022.0,NW,229.75,0,0
42404,2026,11,2,19,10.0,-11,12.0,1022.0,NW,234.67,0,0
42405,2026,11,2,20,7.0,-11,12.0,1022.0,NW,238.69,0,0
42406,2026,11,2,21,8.0,-7,8.0,1023.0,NW,240.48,0,0
42407,2026,11,2,22,7.0,-5,5.0,1022.0,cv,0.89,0,0
42408,2026,11,2,23,10.0,-4,5.0,1022.0,cv,1.78,0,0
42409,2026,11,3,0,17.0,-3,3.0,1022.0,cv,2.67,0,0
42410,2026,11,3,1,22.0,-3,3.0,1022.0,cv,3.12,0,0
42411,2026,11,3,2,28.0,-5,4.0,1022.0,cv,4.91,0,0
42412,2026,11,3,3,28.0,-3,3.0,1022.0,NE,0.89,0,0
42413,2026,11,3,4,26.0,-3,3.0,1022.0,cv,0.45,0,0
42414,2026,11,3,5,25.0,-4,1.0,1022.0,NW,3.13,0,0
42415,2026,11,3,6,20.0,-3,0.0,1022.0,cv,0.89,0,0
42416,2026,11,3,7,11.0,-3,0.0,1022.0,cv,1.78,0,0
42417,2026,11,3,8,28.0,-1,5.0,1023.0,SE,1.79,0,0
42418,2026,11,3,9,39.0,-4,10.0,1023.0,cv,0.89,0,0
42419,2026,11,3,10,38.0,-6,13.0,1022.0,NW,1.79,0,0
42420,2026,11,3,11,14.0,-5,15.0,1022.0,cv,1.79,0,0
42421,2026,11,3,12,11.0,-5,17.0,1021.0,cv,3.58,0,0
42422,2026,11,3,13,18.0,-7,18.0,1019.0,SE,3.13,0,0
42423,2026,11,3,14,8.0,-8,19.0,1018.0,SE,6.26,0,0
42424,2026,11,3,15,10.0,-8,20.0,1018.0,SE,9.39,0,0
42425,2026,11,3,16,10.0,-8,20.0,1018.0,SE,12.52,0,0
42426,2026,11,3,17,11.0,-8,20.0,1018.0,SE,15.65,0,0
42427,2026,11,3,18,23.0,-8,20.0,1018.0,SE,18.78,0,0
42428,2026,11,3,19,34.0,-5,14.66666667,1018.0,cv,0.89,0,0
42429,2026,11,3,20,40.0,1,9.333333333,1018.0,cv,1.78,0,0
42430,2026,11,3,21,43.0,0,4.0,1017.0,cv,2.67,0,0
42431,2026,11,3,22,48.0,0,4.0,1017.0,cv,3.56,0,0
42432,2026,11,3,23,57.0,0,4.0,1017.0,cv,4.45,0,0
42433,2026,11,4,0,61.0,0,4.0,1017.0,cv,5.34,0,0
42434,2026,11,4,1,60.0,0,4.0,1017.0,cv,6.23,0,0
42435,2026,11,4,2,68.0,-1,2.0,1017.0,NE,1.79,0,0
42436,2026,11,4,3,76.0,0,2.0,1016.0,NE,2.68,0,0
42437,2026,11,4,4,72.0,0,2.0,1016.0,cv,0.45,0,0
42438,2026,11,4,5,80.0,0,1.0,1016.0,cv,0.9,0,0
42439,2026,11,4,6,80.0,-1,1.0,1016.0,cv,1.79,0,0
42440,2026,11,4,7,66.0,0,1.0,1016.0,cv,2.68,0,0
42441,2026,11,4,8,64.0,1,3.0,1017.0,NE,0.89,0,0
42442,2026,11,4,9,85.0,0,7.0,1017.0,cv,0.89,0,0
42443,2026,11,4,10,96.0,-1,10.0,1017.0,SE,1.79,0,0
42444,2026,11,4,11,109.0,-1,11.0,1017.0,SE,3.58,0,0
42445,2026,11,4,12,118.0,0,13.0,1016.0,SE,5.37,0,0
42446,2026,11,4,13,141.0,-1,14.0,1015.0,SE,8.5,0,0
42447,2026,11,4,14,159.0,-1,15.0,1014.0,SE,12.52,0,0
42448,2026,11,4,15,153.0,0,15.0,1014.0,cv,3.13,0,0
42449,2026,11,4,16,153.0,0,15.0,1013.0,SE,4.02,0,0
42450,2026,11,4,17,152.0,1,12.0,1013.0,cv,0.45,0,0
42451,2026,11,4,18,157.0,3,8.0,1014.0,cv,1.34,0,0
42452,2026,11,4,19,159.0,3,7.0,1015.0,cv,2.23,0,0
42453,2026,11,4,20,196.0,3,6.0,1015.0,NE,0.89,0,0
42454,2026,11,4,21,208.0,3,5.0,1015.0,cv,0.89,0,0
42455,2026,11,4,22,215.0,2,5.0,1016.0,cv,1.78,0,0
42456,2026,11,4,23,255.0,2,4.0,1016.0,cv,2.67,0,0
42457,2026,11,5,0,239.0,1,4.0,1016.0,NW,3.13,0,0
42458,2026,11,5,1,232.0,1,4.0,1016.0,cv,0.89,0,0
42459,2026,11,5,2,210.0,2,3.0,1017.0,NE,1.79,0,0
42460,2026,11,5,3,184.0,0,3.0,1016.0,NW,4.02,0,0
42461,2026,11,5,4,174.0,0,4.0,1016.0,cv,0.89,0,0
42462,2026,11,5,5,164.0,-1,2.0,1016.0,NW,1.79,0,0
42463,2026,11,5,6,147.0,-1,3.0,1016.0,NW,4.92,0,0
42464,2026,11,5,7,98.0,-1,3.0,1017.0,NW,6.71,0,0
42465,2026,11,5,8,136.0,2,5.0,1018.0,NW,8.5,0,0
42466,2026,11,5,9,137.0,3,10.0,1018.0,NW,10.29,0,0
42467,2026,11,5,10,90.0,-2,14.0,1018.0,cv,0.89,0,0
42468,2026,11,5,11,14.0,-4,17.0,1018.0,NW,1.79,0,0
42469,2026,11,5,12,8.0,-8,19.0,1017.0,NW,7.6,0,0
42470,2026,11,5,13,8.0,-8,20.0,1016.0,NW,14.75,0,0
42471,2026,11,5,14,11.0,-9,20.0,1016.0,NW,22.8,0,0
42472,2026,11,5,15,9.0,-8,20.0,1016.0,NW,29.95,0,0
42473,2026,11,5,16,6.0,-8,20.0,1016.0,NW,37.1,0,0
42474,2026,11,5,17,6.0,-8,19.0,1016.0,NW,41.12,0,0
42475,2026,11,5,18,10.0,-8,18.0,1017.0,NW,46.93,0,0
42476,2026,11,5,19,10.0,-5,15.0,1019.0,NW,50.95,0,0
42477,2026,11,5,20,7.0,-7,13.0,1020.0,NE,4.02,0,0
42478,2026,11,5,21,6.0,-7,14.0,1022.0,NW,4.92,0,0
42479,2026,11,5,22,5.0,-6,10.0,1023.0,NW,8.05,0,0
42480,2026,11,5,23,6.0,-7,7.0,1024.0,NE,1.79,0,0
42481,2026,11,6,0,4.0,-7,7.0,1025.0,NW,4.02,0,0
42482,2026,11,6,1,5.0,-7,5.0,1025.0,NW,8.04,0,0
42483,2026,11,6,2,4.0,-8,7.0,1026.0,NW,9.83,0,0
42484,2026,11,6,3,3.0,-7,4.0,1026.0,NW,11.62,0,0
42485,2026,11,6,4,8.0,-7,5.0,1027.0,NE,3.13,0,0
42486,2026,11,6,5,9.0,-8,7.0,1028.0,NE,4.92,0,0
42487,2026,11,6,6,7.0,-8,7.0,1029.0,NE,8.94,0,0
42488,2026,11,6,7,7.0,-7,6.0,1029.0,NE,13.86,0,0
42489,2026,11,6,8,9.0,-6,8.0,1031.0,NE,18.78,0,0
42490,2026,11,6,9,11.0,-8,9.0,1032.0,NE,24.59,0,0
42491,2026,11,6,10,,-8,9.0,1032.0,NE,29.51,0,0
42492,2026,11,6,11,9.0,-9,10.0,1032.0,NE,35.32,0,0
42493,2026,11,6,12,7.0,-12,10.0,1031.0,NE,41.13,0,0
42494,2026,11,6,13,4.0,-14,11.0,1030.0,NE,46.05,0,0
42495,2026,11,6,14,3.0,-16,11.0,1029.0,NE,51.86,0,0
42496,2026,11,6,15,4.0,-15,12.0,1029.0,NE,55.88,0,0
42497,2026,11,6,16,7.0,-17,12.0,1029.0,NE,59.01,0,0
42498,2026,11,6,17,6.0,-13,9.0,1030.0,NE,59.9,0,0
42499,2026,11,6,18,6.0,-8,5.0,1030.0,cv,0.89,0,0
42500,2026,11,6,19,33.0,-7,5.0,1031.0,cv,1.78,0,0
42501,2026,11,6,20,40.0,-5,4.0,1031.0,cv,2.67,0,0
42502,2026,11,6,21,40.0,-4,4.0,1032.0,SE,0.89,0,0
42503,2026,11,6,22,48.0,-5,2.0,1033.0,cv,0.89,0,0
42504,2026,11,6,23,44.0,-3,2.0,1033.0,SE,0.89,0,0
42505,2026,11,7,0,41.0,-3,2.0,1033.0,SE,1.78,0,0
42506,2026,11,7,1,44.0,-4,2.0,1033.0,cv,0.89,0,0
42507,2026,11,7,2,45.0,-5,3.0,1032.0,cv,1.78,0,0
42508,2026,11,7,3,79.0,-5,0.0,1032.0,cv,2.67,0,0
42509,2026,11,7,4,76.0,-4,1.0,1032.0,cv,3.56,0,0
42510,2026,11,7,5,79.0,-3,0.0,1032.0,SE,0.89,0,0
42511,2026,11,7,6,90.0,-4,0.0,1032.0,NW,0.89,0,0
42512,2026,11,7,7,73.0,-4,1.0,1033.0,NW,1.78,0,0
42513,2026,11,7,8,70.0,-4,1.0,1033.0,NE,0.89,0,0
42514,2026,11,7,9,66.0,-6,5.0,1034.0,cv,0.89,0,0
42515,2026,11,7,10,59.0,-7,6.0,1034.0,cv,1.78,0,0
42516,2026,11,7,11,62.0,-7,7.0,1033.0,cv,2.67,0,0
42517,2026,11,7,12,60.0,-6,8.0,1033.0,cv,3.56,0,0
42518,2026,11,7,13,41.0,-5,8.0,1032.0,cv,4.45,0,0
42519,2026,11,7,14,38.0,-6,9.0,1031.0,cv,5.34,0,0
42520,2026,11,7,15,33.0,-5,9.0,1030.0,NE,1.79,0,0
42521,2026,11,7,16,18.0,-4,9.0,1030.0,cv,0.89,0,0
42522,2026,11,7,17,28.0,-4,8.0,1030.0,cv,1.78,0,0
42523,2026,11,7,18,46.0,-3,5.0,1030.0,cv,2.67,0,0
42524,2026,11,7,19,51.0,-4,8.0,1030.0,SE,3.13,0,0
42525,2026,11,7,20,57.0,-3,8.0,1030.0,SE,4.92,0,0
42526,2026,11,7,21,37.0,-1,7.0,1031.0,cv,1.79,0,0
42527,2026,11,7,22,35.0,0,3.0,1031.0,cv,2.68,0,0
42528,2026,11,7,23,41.0,-1,2.0,1030.0,SE,0.89,0,0
42529,2026,11,8,0,46.0,-1,1.0,1030.0,cv,0.89,0,0
42530,2026,11,8,1,56.0,-2,-1.0,1030.0,NW,1.79,0,0
42531,2026,11,8,2,69.0,-3,-1.0,1030.0,NW,3.58,0,0
42532,2026,11,8,3,79.0,-1,0.0,1029.0,cv,0.89,0,0
42533,2026,11,8,4,76.0,-2,0.0,1029.0,NW,0.89,0,0
42534,2026,11,8,5,65.0,-2,-1.0,1029.0,NW,2.68,0,0
42535,2026,11,8,6,69.0,-5,-2.0,1029.0,NW,5.81,0,0
42536,2026,11,8,7,74.0,-4,0.0,1029.0,NW,7.6,0,0
42537,2026,11,8,8,79.0,-2,3.0,1030.0,NW,10.73,0,0
42538,2026,11,8,9,78.0,-2,5.0,1030.0,NW,13.86,0,0
42539,2026,11,8,10,87.0,-3,8.0,1029.0,NW,15.65,0,0
42540,2026,11,8,11,82.0,-2,9.0,1029.0,NW,17.44,0,0
42541,2026,11,8,12,74.0,-2,11.0,1028.0,cv,1.79,0,0
42542,2026,11,8,13,77.0,-4,11.0,1027.0,cv,2.68,0,0
42543,2026,11,8,14,84.0,-2,12.0,1026.0,SE,1.79,0,0
42544,2026,11,8,15,87.0,-2,13.0,1025.0,SE,3.58,0,0
42545,2026,11,8,16,91.0,-2,12.0,1025.0,SE,7.6,0,0
42546,2026,11,8,17,77.0,-2,11.0,1025.0,SE,10.73,0,0
42547,2026,11,8,18,74.0,-1,11.0,1025.0,cv,1.79,0,0
42548,2026,11,8,19,84.0,-1,6.0,1026.0,cv,2.68,0,0
42549,2026,11,8,20,89.0,-1,3.0,1026.0,cv,3.57,0,0
42550,2026,11,8,21,94.0,0,2.0,1027.0,NE,0.89,0,0
42551,2026,11,8,22,92.0,-1,2.0,1027.0,SE,0.89,0,0
42552,2026,11,8,23,97.0,0,1.0,1027.0,cv,0.45,0,0
42553,2026,11,9,0,92.0,-2,0.0,1027.0,NW,1.79,0,0
42554,2026,11,9,1,98.0,-2,-1.0,1028.0,NW,3.58,0,0
42555,2026,11,9,2,116.0,-1,0.0,1027.0,cv,0.89,0,0
42556,2026,11,9,3,113.0,-2,-1.0,1027.0,NW,1.79,0,0
42557,2026,11,9,4,101.0,-4,-2.0,1027.0,NW,3.58,0,0
42558,2026,11,9,5,87.0,-4,-1.0,1027.0,NW,7.6,0,0
42559,2026,11,9,6,54.0,-4,-1.0,1027.0,NW,9.39,0,0
42560,2026,11,9,7,50.0,-5,-1.0,1027.0,NW,12.52,0,0
42561,2026,11,9,8,42.0,-4,3.0,1027.0,NW,16.54,0,0
42562,2026,11,9,9,38.0,-3,8.0,1028.0,NW,19.67,0,0
42563,2026,11,9,10,38.0,-7,11.0,1027.0,NW,22.8,0,0
42564,2026,11,9,11,39.0,-9,12.0,1027.0,NW,24.59,0,0
42565,2026,11,9,12,33.0,-9,14.0,1025.0,cv,1.79,0,0
42566,2026,11,9,13,34.0,-8,16.0,1024.0,NW,1.79,0,0
42567,2026,11,9,14,40.0,-7,16.0,1023.0,SE,3.13,0,0
42568,2026,11,9,15,48.0,-5,16.0,1023.0,SE,6.26,0,0
42569,2026,11,9,16,45.0,-5,15.0,1023.0,SE,9.39,0,0
42570,2026,11,9,17,39.0,-4,15.0,1023.0,SE,11.18,0,0
42571,2026,11,9,18,44.0,-3,9.0,1023.0,SE,12.97,0,0
42572,2026,11,9,19,57.0,-1,6.0,1023.0,cv,0.89,0,0
42573,2026,11,9,20,77.0,0,5.0,1024.0,cv,1.78,0,0
42574,2026,11,9,21,76.0,-1,3.0,1024.0,cv,2.67,0,0
42575,2026,11,9,22,98.0,-1,3.0,1024.0,cv,3.12,0,0
42576,2026,11,9,23,101.0,-2,1.0,1024.0,NE,0.89,0,0
42577,2026,11,10,0,104.0,-1,2.0,1024.0,NE,1.78,0,0
42578,2026,11,10,1,106.0,-1,1.0,1024.0,cv,0.89,0,0
42579,2026,11,10,2,108.0,-2,-1.0,1024.0,NW,1.79,0,0
42580,2026,11,10,3,98.0,-4,2.0,1023.0,NW,3.58,0,0
42581,2026,11,10,4,79.0,-5,1.0,1023.0,NW,5.37,0,0
42582,2026,11,10,5,44.0,-6,1.0,1023.0,NW,7.16,0,0
42583,2026,11,10,6,33.0,-6,-1.0,1023.0,NW,8.95,0,0
42584,2026,11,10,7,45.0,-6,-1.0,1023.0,NW,10.74,0,0
42585,2026,11,10,8,53.0,-4,5.0,1024.0,NW,12.53,0,0
42586,2026,11,10,9,47.0,-5,8.0,1024.0,NW,14.32,0,0
42587,2026,11,10,10,42.0,-6,10.0,1023.0,NW,16.11,0,0
42588,2026,11,10,11,34.0,-7,12.0,1023.0,cv,0.89,0,0
42589,2026,11,10,12,38.0,-8,14.0,1022.0,cv,1.78,0,0
42590,2026,11,10,13,41.0,-5,15.0,1021.0,SE,1.79,0,0
42591,2026,11,10,14,56.0,-6,15.0,1020.0,SE,4.92,0,0
42592,2026,11,10,15,59.0,-6,15.0,1019.0,SE,8.05,0,0
42593,2026,11,10,16,68.0,-6,15.0,1019.0,SE,11.18,0,0
42594,2026,11,10,17,79.0,-4,13.0,1019.0,cv,0.45,0,0
42595,2026,11,10,18,79.0,-2,9.0,1019.0,cv,1.34,0,0
42596,2026,11,10,19,111.0,-1,12.0,1020.0,SE,4.02,0,0
42597,2026,11,10,20,147.0,1,9.0,1019.0,SE,5.81,0,0
42598,2026,11,10,21,153.0,0,5.0,1019.0,cv,0.89,0,0
42599,2026,11,10,22,145.0,0,4.0,1019.0,cv,1.78,0,0
42600,2026,11,10,23,143.0,1,4.0,1019.0,cv,2.67,0,0
42601,2026,11,11,0,144.0,1,2.0,1019.0,cv,3.12,0,0
42602,2026,11,11,1,200.0,0,2.0,1019.0,cv,4.01,0,0
42603,2026,11,11,2,239.0,0,1.0,1018.0,cv,4.9,0,0
42604,2026,11,11,3,185.0,-1,2.0,1018.0,cv,5.79,0,0
42605,2026,11,11,4,163.0,0,2.0,1018.0,cv,6.68,0,0
42606,2026,11,11,5,28.0,-2,7.0,1017.0,NW,3.13,0,0
42607,2026,11,11,6,12.0,-2,5.0,1018.0,NW,4.92,0,0
42608,2026,11,11,7,9.0,-7,11.0,1018.0,NW,12.97,0,0
42609,2026,11,11,8,9.0,-7,11.0,1018.0,NW,18.78,0,0
42610,2026,11,11,9,11.0,-7,11.0,1018.0,NW,25.93,0,0
42611,2026,11,11,10,15.0,-8,12.0,1018.0,NW,33.98,0,0
42612,2026,11,11,11,13.0,-7,13.0,1018.0,NW,42.03,0,0
42613,2026,11,11,12,14.0,-7,14.0,1018.0,NW,53.21,0,0
42614,2026,11,11,13,17.0,-5,13.0,1017.0,NW,63.04,0,0
42615,2026,11,11,14,18.0,-6,12.0,1018.0,NW,71.98,0,0
42616,2026,11,11,15,16.0,-7,12.0,1018.0,NW,80.92,0,0
42617,2026,11,11,16,11.0,-8,12.0,1018.0,NW,90.75,0,0
42618,2026,11,11,17,7.0,-8,11.0,1018.0,NW,98.8,0,0
42619,2026,11,11,18,9.0,-8,9.0,1018.0,NW,103.72,0,0
42620,2026,11,11,19,13.0,-8,11.0,1019.0,NW,106.85,0,0
42621,2026,11,11,20,16.0,-6,6.0,1019.0,NW,108.64,0,0
42622,2026,11,11,21,8.0,-10,10.0,1021.0,NW,116.69,0,0
42623,2026,11,11,22,19.0,-13,9.0,1022.0,NW,124.74,0,0
42624,2026,11,11,23,8.0,-15,8.0,1023.0,NW,133.68,0,0
42625,2026,11,12,0,9.0,-14,7.0,1023.0,NW,140.83,0,0
42626,2026,11,12,1,5.0,-15,7.0,1023.0,NW,148.88,0,0
42627,2026,11,12,2,2.0,-15,6.0,1023.0,NW,156.03,0,0
42628,2026,11,12,3,2.0,-16,6.0,1023.0,NW,161.84,0,0
42629,2026,11,12,4,3.0,-15,4.0,1023.0,NW,165.86,0,0
42630,2026,11,12,5,3.0,-16,5.0,1023.0,NW,173.91,0,0
42631,2026,11,12,6,6.0,-16,4.0,1023.0,NW,181.96,0,0
42632,2026,11,12,7,4.0,-18,3.0,1024.0,NW,191.79,0,0
42633,2026,11,12,8,4.0,-19,4.0,1026.0,NW,202.97,0,0
42634,2026,11,12,9,5.0,-20,5.0,1027.0,NW,215.04,0,0
42635,2026,11,12,10,6.0,-22,6.0,1027.0,NW,227.11,0,0
42636,2026,11,12,11,6.0,-22,6.0,1027.0,NW,240.07,0,0
42637,2026,11,12,12,5.0,-22,7.0,1027.0,NW,252.14,0,0
42638,2026,11,12,13,4.0,-21,8.0,1026.0,NW,261.97,0,0
42639,2026,11,12,14,6.0,-21,8.0,1026.0,NW,271.8,0,0
42640,2026,11,12,15,5.0,-20,8.0,1025.0,NW,279.85,0,0
42641,2026,11,12,16,3.0,-19,8.0,1025.0,NW,284.77,0,0
42642,2026,11,12,17,5.0,-17,5.0,1025.0,NW,288.79,0,0
42643,2026,11,12,18,7.0,-18,6.0,1026.0,NW,293.71,0,0
42644,2026,11,12,19,9.0,-17,5.0,1026.0,NW,299.52,0,0
42645,2026,11,12,20,11.0,-17,5.0,1027.0,NW,306.67,0,0
42646,2026,11,12,21,12.0,-15,3.0,1027.0,NW,313.82,0,0
42647,2026,11,12,22,15.0,-16,3.0,1028.0,NE,1.79,0,0
42648,2026,11,12,23,17.0,-15,2.0,1028.0,NW,4.02,0,0
42649,2026,11,13,0,12.0,-16,4.0,1028.0,NW,8.04,0,0
42650,2026,11,13,1,11.0,-16,3.0,1028.0,NW,12.06,0,0
42651,2026,11,13,2,12.0,-11,-1.0,1028.0,cv,1.79,0,0
42652,2026,11,13,3,12.0,-14,0.0,1028.0,cv,2.68,0,0
42653,2026,11,13,4,11.0,-11,0.0,1027.0,NW,1.79,0,0
42654,2026,11,13,5,13.0,-8,-2.0,1027.0,cv,0.89,0,0
42655,2026,11,13,6,15.0,-10,-3.0,1026.0,cv,1.78,0,0
42656,2026,11,13,7,21.0,-9,-4.0,1026.0,NE,0.89,0,0
42657,2026,11,13,8,21.0,-7,0.0,1026.0,NE,1.78,0,0
42658,2026,11,13,9,40.0,-11,5.0,1027.0,SE,3.13,0,0
42659,2026,11,13,10,40.0,-11,8.0,1026.0,SE,4.92,0,0
42660,2026,11,13,11,20.0,-13,10.0,1026.0,NW,4.92,0,0
42661,2026,11,13,12,16.0,-14,11.0,1025.0,NW,9.84,0,0
42662,2026,11,13,13,26.0,-14,12.0,1024.0,NW,17.89,0,0
42663,2026,11,13,14,25.0,-15,12.0,1023.0,NW,25.04,0,0
42664,2026,11,13,15,25.0,-15,12.0,1022.0,NW,32.19,0,0
42665,2026,11,13,16,35.0,-15,12.0,1022.0,NW,39.34,0,0
42666,2026,11,13,17,,-13,12.0,1022.0,NW,44.26,0,0
42667,2026,11,13,18,31.0,-13,10.0,1022.0,SE,4.02,0,0
42668,2026,11,13,19,30.0,-12,10.0,1023.0,SE,8.94,0,0
42669,2026,11,13,20,33.0,-12,8.0,1023.0,SE,12.96,0,0
42670,2026,11,13,21,45.0,-12,8.0,1023.0,SE,16.98,0,0
42671,2026,11,13,22,53.0,-11,7.0,1023.0,SE,20.11,0,0
42672,2026,11,13,23,44.0,-9,2.0,1024.0,NW,1.79,0,0
42673,2026,11,14,0,43.0,-8,0.0,1024.0,NW,4.92,0,0
42674,2026,11,14,1,52.0,-9,0.0,1024.0,NW,6.71,0,0
42675,2026,11,14,2,52.0,-9,-1.0,1025.0,NW,8.5,0,0
42676,2026,11,14,3,52.0,-9,-1.0,1025.0,NW,9.39,0,0
42677,2026,11,14,4,54.0,-9,-2.0,1025.0,NW,11.18,0,0
42678,2026,11,14,5,52.0,-9,-2.0,1025.0,NW,12.97,0,0
42679,2026,11,14,6,49.0,-9,-3.0,1025.0,NW,14.76,0,0
42680,2026,11,14,7,49.0,-9,-2.0,1026.0,NW,17.89,0,0
42681,2026,11,14,8,40.0,-8,1.0,1027.0,NW,21.02,0,0
42682,2026,11,14,9,41.0,-10,6.0,1028.0,NE,1.79,0,0
42683,2026,11,14,10,24.0,-11,9.0,1028.0,cv,1.79,0,0
42684,2026,11,14,11,30.0,-14,10.0,1028.0,cv,3.58,0,0
42685,2026,11,14,12,21.0,-13,11.0,1027.0,cv,5.37,0,0
42686,2026,11,14,13,22.0,-12,13.0,1026.0,cv,7.16,0,0
42687,2026,11,14,14,20.0,-13,14.0,1026.0,cv,8.05,0,0
42688,2026,11,14,15,21.0,-13,13.0,1026.0,NE,1.79,0,0
42689,2026,11,14,16,21.0,-13,12.0,1026.0,SE,3.13,0,0
42690,2026,11,14,17,25.0,-13,9.0,1026.0,SE,4.92,0,0
42691,2026,11,14,18,32.0,-12,8.0,1027.0,SE,8.05,0,0
42692,2026,11,14,19,35.0,-9,6.0,1027.0,cv,0.89,0,0
42693,2026,11,14,20,50.0,-9,4.0,1028.0,SE,1.79,0,0
42694,2026,11,14,21,74.0,-7,2.0,1028.0,SE,2.68,0,0
42695,2026,11,14,22,64.0,-8,3.0,1028.0,SE,4.47,0,0
42696,2026,11,14,23,90.0,-9,3.0,1028.0,SE,5.36,0,0
42697,2026,11,15,0,138.0,-9,2.0,1028.0,NE,1.79,0,0
42698,2026,11,15,1,182.0,-5,1.0,1029.0,cv,0.45,0,0
42699,2026,11,15,2,210.0,-7,1.0,1029.0,NW,0.89,0,0
42700,2026,11,15,3,208.0,-5,1.0,1029.0,NE,0.89,0,0
42701,2026,11,15,4,152.0,-5,1.0,1029.0,NW,0.89,0,0
42702,2026,11,15,5,122.0,-6,0.0,1029.0,NW,1.78,0,0
42703,2026,11,15,6,87.0,-5,0.0,1029.0,NW,3.57,0,0
42704,2026,11,15,7,62.0,-5,0.0,1029.0,NE,0.89,0,0
42705,2026,11,15,8,52.0,-6,0.0,1029.0,NW,1.79,0,0
42706,2026,11,15,9,52.0,-7,4.0,1029.0,cv,0.45,0,0
42707,2026,11,15,10,59.0,-7,5.0,1029.0,cv,1.34,0,0
42708,2026,11,15,11,96.0,-7,8.0,1028.0,cv,2.23,0,0
42709,2026,11,15,12,128.0,-6,8.0,1028.0,cv,3.12,0,0
42710,2026,11,15,13,141.0,-6,8.0,1027.0,SE,1.79,0,0
42711,2026,11,15,14,167.0,-5,8.0,1026.0,cv,0.89,0,0
42712,2026,11,15,15,206.0,-5,8.0,1026.0,SE,0.89,0,0
42713,2026,11,15,16,227.0,-4,8.0,1026.0,NW,1.79,0,0
42714,2026,11,15,17,246.0,-3,7.0,1026.0,NW,2.68,0,0
42715,2026,11,15,18,230.0,-4,6.0,1026.0,NW,4.47,0,0
42716,2026,11,15,19,239.0,-4,4.0,1026.0,NW,7.6,0,0
42717,2026,11,15,20,238.0,-4,5.0,1026.0,NW,8.49,0,0
42718,2026,11,15,21,250.0,-5,5.0,1027.0,NW,10.28,0,0
42719,2026,11,15,22,261.0,-4,4.0,1027.0,NW,12.07,0,0
42720,2026,11,15,23,283.0,-5,4.0,1027.0,cv,0.89,0,0
42721,2026,11,16,0,273.0,-3,2.0,1026.0,cv,1.78,0,0
42722,2026,11,16,1,281.0,-3,1.0,1026.0,cv,2.67,0,0
42723,2026,11,16,2,218.0,-5,2.0,1026.0,cv,3.56,0,0
42724,2026,11,16,3,222.0,-4,2.0,1025.0,NW,1.79,0,0
42725,2026,11,16,4,206.0,-4,1.0,1025.0,cv,0.89,0,0
42726,2026,11,16,5,304.0,-3,1.0,1025.0,cv,1.78,0,0
42727,2026,11,16,6,299.0,-3,-1.0,1025.0,NE,0.89,0,0
42728,2026,11,16,7,284.0,-4,-1.0,1025.0,cv,0.89,0,0
42729,2026,11,16,8,266.0,-4,0.0,1026.0,NW,0.89,0,0
42730,2026,11,16,9,256.0,-1,5.0,1026.0,NW,2.68,0,0
42731,2026,11,16,10,79.0,-2,7.0,1026.0,NW,5.81,0,0
42732,2026,11,16,11,38.0,-3,10.0,1026.0,NW,8.94,0,0
42733,2026,11,16,12,22.0,-5,11.0,1025.0,NW,14.75,0,0
42734,2026,11,16,13,15.0,-6,12.0,1025.0,NW,21.9,0,0
42735,2026,11,16,14,21.0,-6,12.0,1024.0,NW,29.95,0,0
42736,2026,11,16,15,18.0,-6,12.0,1024.0,NW,38.0,0,0
42737,2026,11,16,16,19.0,-5,11.0,1025.0,NW,46.05,0,0
42738,2026,11,16,17,16.0,-5,10.0,1025.0,NW,51.86,0,0
42739,2026,11,16,18,17.0,-8,10.0,1026.0,NW,59.01,0,0
42740,2026,11,16,19,15.0,-8,9.0,1027.0,NW,66.16,0,0
42741,2026,11,16,20,24.0,-7,9.0,1028.0,NW,73.31,0,0
42742,2026,11,16,21,12.0,-7,8.0,1029.0,NW,79.12,0,0
42743,2026,11,16,22,19.0,-7,8.0,1030.0,NW,84.04,0,0
42744,2026,11,16,23,13.0,-8,7.0,1030.0,NW,91.19,0,0
42745,2026,11,17,0,12.0,-8,7.0,1030.0,NW,97.0,0,0
42746,2026,11,17,1,13.0,-8,6.0,1030.0,NW,101.92,0,0
42747,2026,11,17,2,12.0,-9,6.0,1030.0,NW,107.73,0,0
42748,2026,11,17,3,13.0,-9,6.0,1030.0,NW,114.88,0,0
42749,2026,11,17,4,11.0,-9,5.0,1030.0,NW,120.69,0,0
42750,2026,11,17,5,11.0,-8,2.0,1031.0,cv,0.89,0,0
42751,2026,11,17,6,9.0,-9,2.0,1031.0,cv,1.78,0,0
42752,2026,11,17,7,11.0,-7,-1.0,1032.0,NE,1.79,0,0
42753,2026,11,17,8,17.0,-6,2.0,1033.0,NE,3.58,0,0
42754,2026,11,17,9,19.0,-8,8.0,1033.0,NW,3.13,0,0
42755,2026,11,17,10,19.0,-9,9.0,1033.0,NW,7.15,0,0
42756,2026,11,17,11,16.0,-9,10.0,1032.0,NW,8.94,0,0
42757,2026,11,17,12,14.0,-11,11.0,1031.0,NW,13.86,0,0
42758,2026,11,17,13,15.0,-11,12.0,1030.0,NW,18.78,0,0
42759,2026,11,17,14,15.0,-11,12.0,1029.0,NW,23.7,0,0
42760,2026,11,17,15,8.0,-12,12.0,1029.0,NW,28.62,0,0
42761,2026,11,17,16,13.0,-13,12.0,1029.0,NW,33.54,0,0
42762,2026,11,17,17,16.0,-13,12.0,1029.0,NW,36.67,0,0
42763,2026,11,17,18,27.0,-10,7.0,1030.0,cv,0.89,0,0
42764,2026,11,17,19,47.0,-9,4.0,1030.0,cv,1.78,0,0
42765,2026,11,17,20,54.0,-6,3.0,1030.0,cv,2.67,0,0
42766,2026,11,17,21,62.0,-6,2.0,1030.0,cv,3.56,0,0
42767,2026,11,17,22,66.0,-6,1.0,1031.0,SE,0.89,0,0
42768,2026,11,17,23,72.0,-7,1.0,1031.0,cv,0.89,0,0
42769,2026,11,18,0,81.0,-6,0.0,1030.0,NW,0.89,0,0
42770,2026,11,18,1,138.0,-7,-2.0,1030.0,NW,1.78,0,0
42771,2026,11,18,2,121.0,-6,-2.0,1030.0,NW,3.57,0,0
42772,2026,11,18,3,78.0,-5,-1.0,1030.0,NW,5.36,0,0
42773,2026,11,18,4,78.0,-7,-3.0,1030.0,NW,7.15,0,0
42774,2026,11,18,5,63.0,-8,-2.0,1030.0,NW,10.28,0,0
42775,2026,11,18,6,45.0,-8,-2.0,1030.0,NW,12.07,0,0
42776,2026,11,18,7,39.0,-7,-1.0,1030.0,NW,13.86,0,0
42777,2026,11,18,8,40.0,-7,1.0,1031.0,NW,15.65,0,0
42778,2026,11,18,9,42.0,-7,4.0,1031.0,NW,18.78,0,0
42779,2026,11,18,10,41.0,-8,8.0,1031.0,NW,21.91,0,0
42780,2026,11,18,11,53.0,-8,10.0,1031.0,cv,0.89,0,0
42781,2026,11,18,12,52.0,-8,11.0,1030.0,cv,2.68,0,0
42782,2026,11,18,13,61.0,-8,12.0,1029.0,cv,4.47,0,0
42783,2026,11,18,14,59.0,-8,13.0,1028.0,cv,6.26,0,0
42784,2026,11,18,15,53.0,-8,13.0,1027.0,SE,1.79,0,0
42785,2026,11,18,16,59.0,-8,12.0,1027.0,SE,4.92,0,0
42786,2026,11,18,17,63.0,-8,10.0,1027.0,cv,0.89,0,0
42787,2026,11,18,18,86.0,-5,7.0,1027.0,SE,0.89,0,0
42788,2026,11,18,19,106.0,-5,5.0,1027.0,cv,0.89,0,0
42789,2026,11,18,20,136.0,-5,3.0,1028.0,cv,1.78,0,0
42790,2026,11,18,21,158.0,-5,2.0,1028.0,SE,0.89,0,0
42791,2026,11,18,22,189.0,-5,2.0,1028.0,cv,0.89,0,0
42792,2026,11,18,23,203.0,-5,0.0,1027.0,SE,1.79,0,0
42793,2026,11,19,0,221.0,-5,0.0,1027.0,NE,0.89,0,0
42794,2026,11,19,1,257.0,-5,0.0,1027.0,cv,0.89,0,0
42795,2026,11,19,2,333.0,-5,0.0,1026.0,cv,1.34,0,0
42796,2026,11,19,3,371.0,-3,0.0,1026.0,cv,1.79,0,0
42797,2026,11,19,4,354.0,-5,-2.0,1026.0,NW,1.79,0,0
42798,2026,11,19,5,273.0,-4,-2.0,1025.0,cv,0.89,0,0
42799,2026,11,19,6,255.0,-4,-1.0,1025.0,cv,1.78,0,0
42800,2026,11,19,7,165.0,-3,-1.0,1025.0,NW,0.89,0,0
42801,2026,11,19,8,198.0,-2,1.0,1025.0,cv,0.89,0,0
42802,2026,11,19,9,275.0,-2,4.0,1025.0,SE,1.79,0,0
42803,2026,11,19,10,320.0,-2,4.0,1025.0,cv,0.89,0,0
42804,2026,11,19,11,284.0,-1,6.0,1024.0,cv,1.34,0,0
42805,2026,11,19,12,346.0,-1,7.0,1023.0,cv,2.23,0,0
42806,2026,11,19,13,311.0,-1,8.0,1021.0,SE,1.79,0,0
42807,2026,11,19,14,372.0,0,8.0,1020.0,SE,3.58,0,0
42808,2026,11,19,15,399.0,0,9.0,1020.0,cv,1.79,0,0
42809,2026,11,19,16,370.0,-1,6.0,1020.0,SE,0.89,0,0
42810,2026,11,19,17,327.0,0,6.0,1020.0,cv,0.89,0,0
42811,2026,11,19,18,346.0,0,3.0,1020.0,cv,1.78,0,0
42812,2026,11,19,19,351.0,0,3.0,1020.0,cv,2.23,0,0
42813,2026,11,19,20,362.0,-1,2.0,1021.0,NE,1.79,0,0
42814,2026,11,19,21,394.0,-1,1.0,1021.0,cv,0.89,0,0
42815,2026,11,19,22,409.0,-1,1.0,1020.0,cv,1.34,0,0
42816,2026,11,19,23,384.0,-2,0.0,1020.0,cv,1.79,0,0
42817,2026,11,20,0,393.0,0,1.0,1019.0,NW,0.89,0,0
42818,2026,11,20,1,380.0,-1,1.0,1019.0,NW,4.02,0,0
42819,2026,11,20,2,330.0,-1,2.0,1018.0,NW,5.81,0,0
42820,2026,11,20,3,324.0,-1,0.0,1018.0,cv,0.89,0,0
42821,2026,11,20,4,334.0,-1,0.0,1017.0,NW,0.89,0,0
42822,2026,11,20,5,334.0,-1,0.0,1016.0,cv,0.89,0,0
42823,2026,11,20,6,368.0,-2,-1.0,1016.0,NW,0.89,0,0
42824,2026,11,20,7,360.0,-2,-1.0,1017.0,cv,0.89,0,0
42825,2026,11,20,8,324.0,-1,-1.0,1017.0,cv,1.78,0,0
42826,2026,11,20,9,299.0,-1,1.0,1018.0,cv,2.67,0,0
42827,2026,11,20,10,305.0,1,4.0,1018.0,NW,1.79,0,0
42828,2026,11,20,11,290.0,1,5.0,1018.0,cv,0.89,0,0
42829,2026,11,20,12,314.0,0,6.0,1017.0,SE,1.79,0,0
42830,2026,11,20,13,315.0,0,9.0,1016.0,cv,1.79,0,0
42831,2026,11,20,14,306.0,0,8.0,1016.0,SE,3.13,0,0
42832,2026,11,20,15,292.0,0,9.0,1016.0,SE,7.15,0,0
42833,2026,11,20,16,315.0,0,8.0,1016.0,SE,8.94,0,0
42834,2026,11,20,17,332.0,0,6.0,1017.0,SE,9.83,0,0
42835,2026,11,20,18,342.0,0,4.0,1017.0,cv,0.89,0,0
42836,2026,11,20,19,338.0,0,4.0,1018.0,SE,0.89,0,0
42837,2026,11,20,20,375.0,0,3.0,1018.0,cv,0.89,0,0
42838,2026,11,20,21,,-2,0.0,1019.0,NE,0.89,0,0
42839,2026,11,20,22,,-1,0.0,1020.0,cv,0.45,0,0
42840,2026,11,20,23,,0,0.0,1020.0,cv,1.34,0,0
42841,2026,11,21,0,,-2,-2.0,1020.0,NW,1.79,0,0
42842,2026,11,21,1,,-3,-2.0,1020.0,NW,3.58,0,0
42843,2026,11,21,2,,-2,-1.0,1020.0,NW,6.71,0,0
42844,2026,11,21,3,,-2,-1.0,1019.0,NW,8.5,0,0
42845,2026,11,21,4,,-1,1.0,1019.0,cv,0.89,0,0
42846,2026,11,21,5,,-2,0.0,1019.0,NW,3.13,0,0
42847,2026,11,21,6,,-2,0.0,1019.0,NW,7.15,0,0
42848,2026,11,21,7,,-3,0.0,1020.0,NW,11.17,0,0
42849,2026,11,21,8,,-3,0.0,1020.0,cv,0.89,0,0
42850,2026,11,21,9,287.0,-2,2.0,1021.0,cv,1.78,0,0
42851,2026,11,21,10,177.0,-2,6.0,1021.0,NW,1.79,0,0
42852,2026,11,21,11,133.0,-3,7.0,1021.0,cv,0.89,0,0
42853,2026,11,21,12,93.0,-4,10.0,1020.0,cv,2.68,0,0
42854,2026,11,21,13,82.0,-5,12.0,1019.0,cv,3.57,0,0
42855,2026,11,21,14,86.0,-5,13.0,1019.0,cv,5.36,0,0
42856,2026,11,21,15,88.0,-11,15.0,1019.0,NW,4.92,0,0
42857,2026,11,21,16,33.0,-15,14.0,1019.0,NW,10.73,0,0
42858,2026,11,21,17,16.0,-15,13.0,1020.0,NW,15.65,0,0
42859,2026,11,21,18,19.0,-14,12.0,1021.0,NW,20.57,0,0
42860,2026,11,21,19,22.0,-12,9.0,1022.0,NE,3.13,0,0
42861,2026,11,21,20,31.0,-11,7.0,1023.0,NW,1.79,0,0
42862,2026,11,21,21,37.0,-11,6.0,1024.0,NW,4.92,0,0
42863,2026,11,21,22,38.0,-11,4.0,1025.0,NW,6.71,0,0
42864,2026,11,21,23,30.0,-12,5.0,1025.0,NW,8.5,0,0
42865,2026,11,22,0,17.0,-12,4.0,1025.0,NW,12.52,0,0
42866,2026,11,22,1,9.0,-13,5.0,1026.0,NW,15.65,0,0
42867,2026,11,22,2,9.0,-10,2.0,1027.0,NE,1.79,0,0
42868,2026,11,22,3,12.0,-10,0.0,1027.0,NW,3.13,0,0
42869,2026,11,22,4,8.0,-7,-1.0,1027.0,NW,4.92,0,0
42870,2026,11,22,5,10.0,-11,0.0,1027.0,NW,6.71,0,0
42871,2026,11,22,6,13.0,-9,-3.0,1027.0,NW,9.84,0,0
42872,2026,11,22,7,15.0,-9,-3.0,1028.0,NW,11.63,0,0
42873,2026,11,22,8,29.0,-8,1.0,1028.0,NW,14.76,0,0
42874,2026,11,22,9,31.0,-9,6.0,1029.0,NW,18.78,0,0
42875,2026,11,22,10,37.0,-10,8.0,1029.0,NW,21.91,0,0
42876,2026,11,22,11,36.0,-11,10.0,1029.0,NW,25.04,0,0
42877,2026,11,22,12,31.0,-11,11.0,1028.0,NW,26.83,0,0
42878,2026,11,22,13,26.0,-12,11.0,1027.0,cv,1.79,0,0
42879,2026,11,22,14,28.0,-11,11.0,1026.0,cv,3.58,0,0
42880,2026,11,22,15,26.0,-13,11.0,1025.0,SE,3.13,0,0
42881,2026,11,22,16,38.0,-12,10.0,1025.0,SE,6.26,0,0
42882,2026,11,22,17,48.0,-11,8.0,1025.0,SE,8.05,0,0
42883,2026,11,22,18,65.0,-10,6.0,1025.0,SE,9.84,0,0
42884,2026,11,22,19,79.0,-10,5.0,1026.0,SE,11.63,0,0
42885,2026,11,22,20,101.0,-5,6.0,1026.0,SE,14.76,0,0
42886,2026,11,22,21,123.0,0,5.0,1026.0,SE,17.89,0,0
42887,2026,11,22,22,146.0,1,5.0,1027.0,SE,19.68,0,0
42888,2026,11,22,23,127.0,0,4.0,1027.0,SE,21.47,0,0
42889,2026,11,23,0,107.0,0,4.0,1026.0,SE,23.26,0,0
42890,2026,11,23,1,106.0,0,2.0,1027.0,SE,24.15,0,0
42891,2026,11,23,2,116.0,0,2.0,1026.0,cv,0.45,0,0
42892,2026,11,23,3,100.0,0,2.0,1026.0,NW,0.89,0,0
42893,2026,11,23,4,91.0,-1,1.0,1025.0,cv,0.45,0,0
42894,2026,11,23,5,91.0,-1,1.0,1025.0,cv,0.9,0,0
42895,2026,11,23,6,99.0,-1,0.0,1025.0,cv,1.79,0,0
42896,2026,11,23,7,110.0,-1,1.0,1026.0,NW,3.13,0,0
42897,2026,11,23,8,111.0,0,3.0,1026.0,NW,4.92,0,0
42898,2026,11,23,9,113.0,0,5.0,1026.0,NW,6.71,0,0
42899,2026,11,23,10,101.0,-1,6.0,1026.0,NW,10.73,0,0
42900,2026,11,23,11,101.0,0,6.0,1026.0,SE,0.89,0,0
42901,2026,11,23,12,111.0,1,7.0,1025.0,SE,2.68,0,0
42902,2026,11,23,13,114.0,1,8.0,1025.0,cv,0.89,0,0
42903,2026,11,23,14,119.0,2,8.0,1024.0,cv,1.78,0,0
42904,2026,11,23,15,141.0,2,9.0,1024.0,SE,1.79,0,0
42905,2026,11,23,16,149.0,1,8.0,1023.0,SE,3.58,0,0
42906,2026,11,23,17,134.0,1,6.0,1024.0,cv,0.89,0,0
42907,2026,11,23,18,143.0,1,4.0,1025.0,cv,1.78,0,0
42908,2026,11,23,19,174.0,1,2.0,1025.0,cv,2.23,0,0
42909,2026,11,23,20,182.0,0,1.0,1026.0,SE,1.79,0,0
42910,2026,11,23,21,181.0,0,1.0,1027.0,SE,2.68,0,0
42911,2026,11,23,22,186.0,-1,0.0,1027.0,NE,1.79,0,0
42912,2026,11,23,23,193.0,1,1.0,1027.0,cv,0.45,0,0
42913,2026,11,24,0,240.0,-2,-2.0,1027.0,NW,1.79,0,0
42914,2026,11,24,1,289.0,-1,-1.0,1027.0,NW,6.71,0,0
42915,2026,11,24,2,282.0,-1,2.0,1028.0,NW,8.5,0,0
42916,2026,11,24,3,188.0,-3,-2.0,1028.0,NW,10.29,0,0
42917,2026,11,24,4,175.0,-2,-1.0,1028.0,NW,13.42,0,0
42918,2026,11,24,5,150.0,-5,-3.0,1028.0,NW,16.55,0,0
42919,2026,11,24,6,116.0,-6,-2.0,1028.0,NW,19.68,0,0
42920,2026,11,24,7,100.0,-7,-2.0,1028.0,NW,23.7,0,0
42921,2026,11,24,8,42.0,-9,3.0,1028.0,NE,3.13,0,0
42922,2026,11,24,9,41.0,-6,6.0,1028.0,NW,3.13,0,0
42923,2026,11,24,10,30.0,-10,7.0,1028.0,NE,4.92,0,0
42924,2026,11,24,11,28.0,-12,9.0,1028.0,NE,8.94,0,0
42925,2026,11,24,12,19.0,-13,10.0,1027.0,NE,10.73,0,0
42926,2026,11,24,13,22.0,-13,11.0,1026.0,cv,0.89,0,0
42927,2026,11,24,14,22.0,-14,12.0,1025.0,cv,1.78,0,0
42928,2026,11,24,15,22.0,-13,12.0,1025.0,SE,3.13,0,0
42929,2026,11,24,16,31.0,-10,10.0,1025.0,SE,7.15,0,0
42930,2026,11,24,17,31.0,-9,7.0,1026.0,SE,10.28,0,0
42931,2026,11,24,18,44.0,-8,6.0,1026.0,SE,13.41,0,0
42932,2026,11,24,19,46.0,-7,5.0,1026.0,SE,15.2,0,0
42933,2026,11,24,20,62.0,-5,2.0,1026.0,SE,16.09,0,0
42934,2026,11,24,21,80.0,-5,2.0,1026.0,cv,0.89,0,0
42935,2026,11,24,22,129.0,-5,2.0,1026.0,cv,1.78,0,0
42936,2026,11,24,23,118.0,-4,2.0,1026.0,cv,2.67,0,0
42937,2026,11,25,0,90.0,-4,1.0,1026.0,NE,0.89,0,0
42938,2026,11,25,1,78.0,-4,1.0,1025.0,SE,0.89,0,0
42939,2026,11,25,2,86.0,-4,-1.0,1025.0,NE,1.79,0,0
42940,2026,11,25,3,111.0,-3,1.0,1025.0,cv,0.89,0,0
42941,2026,11,25,4,144.0,-3,-1.0,1024.0,cv,1.78,0,0
42942,2026,11,25,5,121.0,-4,0.0,1023.0,cv,2.67,0,0
42943,2026,11,25,6,112.0,-5,-2.0,1023.0,NE,0.89,0,0
42944,2026,11,25,7,111.0,-4,-1.0,1023.0,NE,1.78,0,0
42945,2026,11,25,8,146.0,-3,0.0,1023.0,NE,2.67,0,0
42946,2026,11,25,9,159.0,-3,3.0,1023.0,cv,0.89,0,0
42947,2026,11,25,10,151.0,-3,4.0,1023.0,cv,1.78,0,0
42948,2026,11,25,11,143.0,-3,5.0,1022.0,cv,3.57,0,0
42949,2026,11,25,12,157.0,-1,6.0,1021.0,cv,4.46,0,0
42950,2026,11,25,13,174.0,-2,7.0,1019.0,cv,6.25,0,0
42951,2026,11,25,14,199.0,-1,8.0,1018.0,cv,7.14,0,0
42952,2026,11,25,15,192.0,1,8.0,1018.0,SE,4.02,0,0
42953,2026,11,25,16,189.0,1,8.0,1017.0,SE,8.94,0,0
42954,2026,11,25,17,159.0,2,7.0,1018.0,SE,12.96,0,0
42955,2026,11,25,18,205.0,2,7.0,1017.0,SE,14.75,0,0
42956,2026,11,25,19,230.0,1,4.0,1017.0,cv,0.45,0,0
42957,2026,11,25,20,280.0,1,3.0,1017.0,SE,1.79,0,0
42958,2026,11,25,21,266.0,1,4.0,1017.0,SE,3.58,0,0
42959,2026,11,25,22,311.0,0,3.0,1016.0,SE,5.37,0,0
42960,2026,11,25,23,342.0,0,2.0,1016.0,SE,7.16,0,0
42961,2026,11,26,0,323.0,0,2.0,1016.0,SE,8.95,0,0
42962,2026,11,26,1,299.0,-1,1.0,1016.0,cv,0.89,0,0
42963,2026,11,26,2,283.0,-1,0.0,1015.0,cv,1.78,0,0
42964,2026,11,26,3,258.0,-2,-1.0,1015.0,SE,1.79,0,0
42965,2026,11,26,4,239.0,-2,-1.0,1015.0,cv,0.45,0,0
42966,2026,11,26,5,236.0,-2,-2.0,1015.0,cv,1.34,0,0
42967,2026,11,26,6,241.0,-2,-1.0,1015.0,cv,2.23,0,0
42968,2026,11,26,7,226.0,-2,-1.0,1015.0,SE,0.89,0,0
42969,2026,11,26,8,215.0,-2,-2.0,1015.0,SE,1.78,0,0
42970,2026,11,26,9,201.0,0,1.0,1016.0,cv,0.89,0,0
42971,2026,11,26,10,201.0,0,3.0,1017.0,cv,1.78,0,0
42972,2026,11,26,11,234.0,0,5.0,1016.0,cv,2.67,0,0
42973,2026,11,26,12,241.0,0,6.0,1016.0,cv,3.56,0,0
42974,2026,11,26,13,250.0,0,7.0,1015.0,SE,1.79,0,0
42975,2026,11,26,14,259.0,0,8.0,1015.0,cv,0.89,0,0
42976,2026,11,26,15,289.0,0,7.0,1015.0,cv,1.78,0,0
42977,2026,11,26,16,330.0,0,7.0,1016.0,SE,1.79,0,0
42978,2026,11,26,17,350.0,1,6.0,1016.0,SE,2.68,0,0
42979,2026,11,26,18,350.0,1,5.0,1018.0,SE,3.57,0,0
42980,2026,11,26,19,388.0,2,5.0,1018.0,SE,4.46,0,0
42981,2026,11,26,20,379.0,1,4.0,1019.0,SE,5.35,0,0
42982,2026,11,26,21,436.0,1,3.0,1020.0,cv,0.45,0,0
42983,2026,11,26,22,502.0,1,2.0,1020.0,cv,1.34,0,0
42984,2026,11,26,23,522.0,1,2.0,1020.0,cv,2.23,0,0
42985,2026,11,27,0,470.0,1,2.0,1021.0,cv,3.12,0,0
42986,2026,11,27,1,439.0,0,2.0,1022.0,NW,3.13,0,0
42987,2026,11,27,2,362.0,0,2.0,1022.0,NW,7.15,0,0
42988,2026,11,27,3,176.0,-7,6.0,1023.0,NE,4.92,0,0
42989,2026,11,27,4,98.0,-10,6.0,1023.0,NE,8.05,0,0
42990,2026,11,27,5,24.0,-13,7.0,1023.0,NE,13.86,0,0
42991,2026,11,27,6,20.0,-15,6.0,1024.0,NE,18.78,0,0
42992,2026,11,27,7,11.0,-16,6.0,1024.0,NW,4.92,0,0
42993,2026,11,27,8,11.0,-17,6.0,1025.0,NW,12.07,0,0
42994,2026,11,27,9,14.0,-18,6.0,1025.0,NE,7.15,0,0
42995,2026,11,27,10,14.0,-18,6.0,1026.0,NE,12.07,0,0
42996,2026,11,27,11,16.0,-17,6.0,1025.0,NE,17.88,0,0
42997,2026,11,27,12,13.0,-18,6.0,1025.0,NW,5.81,0,0
42998,2026,11,27,13,13.0,-18,6.0,1024.0,NE,5.81,0,0
42999,2026,11,27,14,14.0,-17,7.0,1024.0,NE,10.73,0,0
43000,2026,11,27,15,18.0,-17,7.0,1024.0,NE,14.75,0,0
43001,2026,11,27,16,17.0,-16,7.0,1023.0,NE,17.88,0,0
43002,2026,11,27,17,16.0,-16,6.0,1023.0,NE,21.9,0,0
43003,2026,11,27,18,20.0,-15,6.0,1023.0,NE,23.69,0,0
43004,2026,11,27,19,30.0,-13,4.0,1024.0,NW,1.79,0,0
43005,2026,11,27,20,24.0,-12,5.0,1024.0,NW,3.58,0,0
43006,2026,11,27,21,34.0,-10,5.0,1024.0,NW,5.37,0,0
43007,2026,11,27,22,37.0,-11,6.0,1024.0,cv,0.89,0,0
43008,2026,11,27,23,39.0,-11,6.0,1024.0,NW,3.13,0,0
43009,2026,11,28,0,34.0,-8,4.0,1023.0,NW,4.02,0,0
43010,2026,11,28,1,39.0,-8,4.0,1023.0,NW,5.81,0,0
43011,2026,11,28,2,49.0,-9,3.0,1022.0,NW,7.6,0,0
43012,2026,11,28,3,51.0,-9,3.0,1022.0,NW,8.49,0,0
43013,2026,11,28,4,52.0,-8,1.0,1021.0,NW,10.28,0,0
43014,2026,11,28,5,70.0,-7,1.0,1021.0,NW,12.07,0,0
43015,2026,11,28,6,83.0,-6,0.0,1021.0,NW,15.2,0,0
43016,2026,11,28,7,92.0,-6,0.0,1021.0,NW,16.99,0,0
43017,2026,11,28,8,95.0,-7,1.0,1022.0,NW,20.12,0,0
43018,2026,11,28,9,83.0,-8,5.0,1022.0,NW,23.25,0,0
43019,2026,11,28,10,66.0,-8,6.0,1022.0,NW,26.38,0,0
43020,2026,11,28,11,66.0,-8,7.0,1022.0,cv,0.89,0,0
43021,2026,11,28,12,77.0,-6,8.0,1020.0,cv,1.78,0,0
43022,2026,11,28,13,74.0,-5,9.0,1019.0,cv,3.57,0,0
43023,2026,11,28,14,70.0,-5,10.0,1019.0,SE,3.13,0,0
43024,2026,11,28,15,86.0,-4,10.0,1019.0,SE,6.26,0,0
43025,2026,11,28,16,90.0,-4,9.0,1019.0,SE,9.39,0,0
43026,2026,11,28,17,91.0,-4,8.0,1019.0,SE,13.41,0,0
43027,2026,11,28,18,99.0,-3,7.0,1019.0,SE,17.43,0,0
43028,2026,11,28,19,129.0,-2,6.0,1020.0,SE,20.56,0,0
43029,2026,11,28,20,168.0,-2,4.0,1020.0,SE,22.35,0,0
43030,2026,11,28,21,200.0,-3,1.0,1021.0,SE,24.14,0,0
43031,2026,11,28,22,214.0,-1,4.0,1021.0,SE,25.93,0,0
43032,2026,11,28,23,211.0,-1,3.0,1021.0,SE,27.72,0,0
43033,2026,11,29,0,219.0,-2,0.0,1021.0,SE,28.61,0,0
43034,2026,11,29,1,237.0,-2,0.0,1021.0,cv,0.89,0,0
43035,2026,11,29,2,248.0,-2,-1.0,1021.0,SE,1.79,0,0
43036,2026,11,29,3,254.0,-3,-1.0,1022.0,NE,0.89,0,0
43037,2026,11,29,4,254.0,-2,-1.0,1021.0,NE,2.68,0,0
43038,2026,11,29,5,252.0,-3,-2.0,1021.0,NE,3.57,0,0
43039,2026,11,29,6,277.0,-3,-2.0,1021.0,NE,4.46,0,0
43040,2026,11,29,7,291.0,-2,-1.0,1021.0,cv,0.89,0,0
43041,2026,11,29,8,287.0,-1,1.0,1021.0,cv,1.78,0,0
43042,2026,11,29,9,295.0,-1,2.0,1022.0,NE,1.79,0,0
43043,2026,11,29,10,287.0,0,2.0,1022.0,cv,0.89,0,0
43044,2026,11,29,11,325.0,0,3.0,1022.0,cv,1.34,0,0
43045,2026,11,29,12,301.0,1,4.0,1021.0,cv,2.23,0,0
43046,2026,11,29,13,311.0,1,4.0,1020.0,cv,3.12,0,0
43047,2026,11,29,14,369.0,1,4.0,1020.0,SE,0.89,0,0
43048,2026,11,29,15,380.0,1,4.0,1019.0,cv,0.89,0,0
43049,2026,11,29,16,393.0,2,4.0,1019.0,NE,0.89,0,0
43050,2026,11,29,17,344.0,2,4.0,1019.0,NW,3.13,0,0
43051,2026,11,29,18,343.0,2,4.0,1020.0,NE,0.89,0,1
43052,2026,11,29,19,343.0,3,4.0,1020.0,NW,1.79,0,0
43053,2026,11,29,20,323.0,2,3.0,1020.0,NW,3.58,0,0
43054,2026,11,29,21,328.0,3,4.0,1020.0,NW,5.37,0,0
43055,2026,11,29,22,312.0,2,4.0,1021.0,NW,6.26,0,0
43056,2026,11,29,23,264.0,2,4.0,1021.0,NW,8.05,0,0
43057,2026,11,30,0,242.0,2,4.0,1020.0,cv,0.89,0,0
43058,2026,11,30,1,254.0,2,4.0,1020.0,NE,0.89,0,0
43059,2026,11,30,2,204.0,3,4.0,1020.0,NW,1.79,0,0
43060,2026,11,30,3,194.0,3,4.0,1021.0,NW,3.58,0,0
43061,2026,11,30,4,227.0,2,4.0,1021.0,NW,6.71,0,0
43062,2026,11,30,5,242.0,2,3.0,1021.0,NW,9.84,0,0
43063,2026,11,30,6,235.0,2,3.0,1021.0,NW,11.63,0,0
43064,2026,11,30,7,168.0,2,4.0,1022.0,NW,14.76,0,0
43065,2026,11,30,8,20.0,-3,6.0,1022.0,NW,21.91,0,0
43066,2026,11,30,9,18.0,-4,6.0,1022.0,NW,29.96,0,0
43067,2026,11,30,10,16.0,-5,7.0,1022.0,NW,38.01,0,0
43068,2026,11,30,11,24.0,-11,8.0,1022.0,NW,47.84,0,0
43069,2026,11,30,12,23.0,-17,8.0,1022.0,NW,57.67,0,0
43070,2026,11,30,13,36.0,-21,7.0,1022.0,NW,67.5,0,0
43071,2026,11,30,14,43.0,-22,6.0,1022.0,NW,78.68,0,0
43072,2026,11,30,15,30.0,-24,5.0,1022.0,NW,89.86,0,0
43073,2026,11,30,16,19.0,-26,4.0,1024.0,NW,101.04,0,0
43074,2026,11,30,17,14.0,-26,3.0,1024.0,NW,112.22,0,0
43075,2026,11,30,18,18.0,-27,1.0,1026.0,NW,120.27,0,0
43076,2026,11,30,19,27.0,-29,1.0,1026.0,NW,129.21,0,0
43077,2026,11,30,20,31.0,-31,0.0,1028.0,NW,142.17,0,0
43078,2026,11,30,21,44.0,-28,-2.0,1029.0,NW,152.0,0,0
43079,2026,11,30,22,32.0,-28,-3.0,1030.0,NW,164.07,0,0
43080,2026,11,30,23,33.0,-26,-3.0,1030.0,NW,179.27,0,0
43081,2026,12,1,0,48.0,-25,-4.0,1030.0,NW,190.45,0,0
43082,2026,12,1,1,36.0,-24,-4.0,1029.0,NW,200.28,0,0
43083,2026,12,1,2,25.0,-22,-4.0,1030.0,NW,207.43,0,0
43084,2026,12,1,3,21.0,-22,-5.0,1029.0,NW,215.48,0,0
43085,2026,12,1,4,13.0,-21,-5.0,1030.0,NW,220.4,0,0
43086,2026,12,1,5,13.0,-22,-5.0,1031.0,NW,230.23,0,0
43087,2026,12,1,6,12.0,-22,-5.0,1031.0,NW,243.19,0,0
43088,2026,12,1,7,13.0,-22,-5.0,1032.0,NW,255.26,0,0
43089,2026,12,1,8,12.0,-22,-5.0,1032.0,NW,269.12,0,0
43090,2026,12,1,9,11.0,-22,-4.0,1033.0,NW,278.95,0,0
43091,2026,12,1,10,10.0,-22,-3.0,1034.0,NW,290.13,0,0
43092,2026,12,1,11,12.0,-22,-2.0,1033.0,NW,302.2,0,0
43093,2026,12,1,12,14.0,-22,-1.0,1033.0,NW,313.38,0,0
43094,2026,12,1,13,11.0,-23,0.0,1032.0,NW,323.21,0,0
43095,2026,12,1,14,10.0,-25,0.0,1031.0,NW,332.15,0,0
43096,2026,12,1,15,9.0,-23,-1.0,1031.0,NW,343.33,0,0
43097,2026,12,1,16,9.0,-24,-1.0,1032.0,NW,351.38,0,0
43098,2026,12,1,17,8.0,-22,-2.0,1032.0,NW,359.43,0,0
43099,2026,12,1,18,9.0,-23,-3.0,1032.0,NW,365.24,0,0
43100,2026,12,1,19,15.0,-22,-3.0,1032.0,NW,372.39,0,0
43101,2026,12,1,20,19.0,-22,-6.0,1033.0,NW,376.41,0,0
43102,2026,12,1,21,8.0,-21,-5.0,1033.0,NW,380.43,0,0
43103,2026,12,1,22,15.0,-22,-5.0,1034.0,NW,385.35,0,0
43104,2026,12,1,23,8.0,-20,-7.0,1033.0,NW,388.48,0,0
43105,2026,12,2,0,15.0,-20,-8.0,1033.0,NW,390.27,0,0
43106,2026,12,2,1,11.0,-20,-9.0,1033.0,NW,394.29,0,0
43107,2026,12,2,2,13.0,-21,-7.0,1032.0,NE,3.13,0,0
43108,2026,12,2,3,11.0,-21,-7.0,1031.0,NE,7.15,0,0
43109,2026,12,2,4,13.0,-21,-8.0,1030.0,NE,11.17,0,0
43110,2026,12,2,5,11.0,-22,-8.0,1030.0,NE,14.3,0,0
43111,2026,12,2,6,12.0,-22,-10.0,1030.0,NE,16.09,0,0
43112,2026,12,2,7,13.0,-21,-10.0,1030.0,NW,1.79,0,0
43113,2026,12,2,8,11.0,-21,-7.0,1030.0,NW,4.92,0,0
43114,2026,12,2,9,26.0,-20,-6.0,1031.0,NW,8.05,0,0
43115,2026,12,2,10,23.0,-21,-4.0,1030.0,NW,9.84,0,0
43116,2026,12,2,11,43.0,-21,-3.0,1029.0,cv,0.89,0,0
43117,2026,12,2,12,52.0,-19,-1.0,1028.0,cv,2.68,0,0
43118,2026,12,2,13,76.0,-19,0.0,1026.0,cv,4.47,0,0
43119,2026,12,2,14,66.0,-22,0.0,1025.0,cv,6.26,0,0
43120,2026,12,2,15,40.0,-21,0.0,1024.0,SE,1.79,0,0
43121,2026,12,2,16,67.0,-18,-1.0,1024.0,SE,5.81,0,0
43122,2026,12,2,17,81.0,-18,0.0,1024.0,SE,9.83,0,0
43123,2026,12,2,18,96.0,-18,-1.0,1024.0,SE,11.62,0,0
43124,2026,12,2,19,108.0,-17,-5.0,1024.0,cv,0.89,0,0
43125,2026,12,2,20,99.0,-18,-4.0,1025.0,cv,1.78,0,0
43126,2026,12,2,21,111.0,-15,-5.0,1025.0,cv,2.67,0,0
43127,2026,12,2,22,120.0,-15,-7.0,1025.0,NE,0.89,0,0
43128,2026,12,2,23,125.0,-17,-9.0,1025.0,NW,3.13,0,0
43129,2026,12,3,0,123.0,-18,-7.0,1025.0,NW,4.92,0,0
43130,2026,12,3,1,126.0,-17,-8.0,1025.0,NW,8.05,0,0
43131,2026,12,3,2,111.0,-17,-8.0,1025.0,NW,9.84,0,0
43132,2026,12,3,3,26.0,-17,-8.0,1026.0,cv,0.89,0,0
43133,2026,12,3,4,11.0,-22,-4.0,1026.0,NW,4.02,0,0
43134,2026,12,3,5,13.0,-24,-4.0,1026.0,NW,8.04,0,0
43135,2026,12,3,6,9.0,-23,-4.0,1026.0,NW,15.19,0,0
43136,2026,12,3,7,9.0,-23,-4.0,1027.0,NW,20.11,0,0
43137,2026,12,3,8,13.0,-23,-4.0,1028.0,NW,25.92,0,0
43138,2026,12,3,9,17.0,-23,-4.0,1029.0,NW,29.94,0,0
43139,2026,12,3,10,16.0,-23,-2.0,1029.0,NW,37.99,0,0
43140,2026,12,3,11,11.0,-23,-1.0,1028.0,NW,46.04,0,0
43141,2026,12,3,12,11.0,-25,0.0,1027.0,NW,51.85,0,0
43142,2026,12,3,13,17.0,-26,1.0,1026.0,NW,57.66,0,0
43143,2026,12,3,14,9.0,-25,1.0,1025.0,NW,64.81,0,0
43144,2026,12,3,15,9.0,-26,1.0,1025.0,NW,73.75,0,0
43145,2026,12,3,16,11.0,-24,1.0,1025.0,NW,82.69,0,0
43146,2026,12,3,17,8.0,-25,0.0,1025.0,NW,90.74,0,0
43147,2026,12,3,18,15.0,-22,-1.0,1026.0,NW,95.66,0,0
43148,2026,12,3,19,14.0,-22,-1.0,1027.0,NW,100.58,0,0
43149,2026,12,3,20,9.0,-22,-2.0,1028.0,NW,105.5,0,0
43150,2026,12,3,21,7.0,-22,-4.0,1028.0,NW,108.63,0,0
43151,2026,12,3,22,6.0,-21,-3.0,1028.0,NW,112.65,0,0
43152,2026,12,3,23,8.0,-21,-2.0,1029.0,NW,118.46,0,0
43153,2026,12,4,0,11.0,-23,-3.0,1029.0,NW,125.61,0,0
43154,2026,12,4,1,9.0,-22,-3.0,1028.0,NW,130.53,0,0
43155,2026,12,4,2,11.0,-22,-4.0,1028.0,NW,135.45,0,0
43156,2026,12,4,3,9.0,-22,-4.0,1028.0,NW,138.58,0,0
43157,2026,12,4,4,8.0,-22,-4.0,1027.0,NW,141.71,0,0
43158,2026,12,4,5,5.0,-22,-4.0,1027.0,NW,145.73,0,0
43159,2026,12,4,6,6.0,-21,-6.0,1027.0,NE,1.79,0,0
43160,2026,12,4,7,9.0,-21,-3.0,1027.0,NW,4.02,0,0
43161,2026,12,4,8,6.0,-21,-3.0,1028.0,NW,8.94,0,0
43162,2026,12,4,9,7.0,-21,-2.0,1028.0,NW,14.75,0,0
43163,2026,12,4,10,7.0,-21,-1.0,1028.0,NW,20.56,0,0
43164,2026,12,4,11,6.0,-21,-1.0,1027.0,NW,29.5,0,0
43165,2026,12,4,12,9.0,-24,0.0,1027.0,NW,37.55,0,0
43166,2026,12,4,13,11.0,-24,1.0,1026.0,NW,46.49,0,0
43167,2026,12,4,14,10.0,-24,1.0,1026.0,NW,56.32,0,0
43168,2026,12,4,15,10.0,-24,2.0,1026.0,NW,64.37,0,0
43169,2026,12,4,16,8.0,-24,1.0,1026.0,NW,70.18,0,0
43170,2026,12,4,17,7.0,-23,0.0,1026.0,NW,75.1,0,0
43171,2026,12,4,18,10.0,-22,-1.0,1027.0,NW,80.02,0,0
43172,2026,12,4,19,8.0,-22,-4.0,1027.0,NW,84.94,0,0
43173,2026,12,4,20,17.0,-23,-2.0,1028.0,NE,4.02,0,0
43174,2026,12,4,21,9.0,-22,-3.0,1028.0,NW,5.81,0,0
43175,2026,12,4,22,18.0,-24,-2.0,1029.0,NW,15.64,0,0
43176,2026,12,4,23,10.0,-23,-3.0,1029.0,NW,24.58,0,0
43177,2026,12,5,0,6.0,-22,-3.0,1029.0,NW,33.52,0,0
43178,2026,12,5,1,6.0,-22,-5.0,1029.0,NW,38.44,0,0
43179,2026,12,5,2,9.0,-22,-7.0,1028.0,NW,41.57,0,0
43180,2026,12,5,3,8.0,-22,-6.0,1029.0,NW,44.7,0,0
43181,2026,12,5,4,7.0,-21,-5.0,1029.0,NE,3.13,0,0
43182,2026,12,5,5,8.0,-21,-6.0,1029.0,cv,0.89,0,0
43183,2026,12,5,6,14.0,-21,-9.0,1029.0,NW,3.13,0,0
43184,2026,12,5,7,12.0,-21,-7.0,1029.0,NE,3.13,0,0
43185,2026,12,5,8,25.0,-19,-5.0,1029.0,NW,5.81,0,0
43186,2026,12,5,9,11.0,-20,-2.0,1029.0,NW,12.96,0,0
43187,2026,12,5,10,16.0,-20,-1.0,1029.0,NW,16.98,0,0
43188,2026,12,5,11,17.0,-23,2.0,1029.0,NW,21.9,0,0
43189,2026,12,5,12,13.0,-23,2.0,1027.0,NW,29.05,0,0
43190,2026,12,5,13,9.0,-23,3.0,1026.0,NW,36.2,0,0
43191,2026,12,5,14,,-22,4.0,1025.0,NW,41.12,0,0
43192,2026,12,5,15,,-22,3.0,1025.0,NE,1.79,0,0
43193,2026,12,5,16,11.0,-21,2.0,1025.0,SE,1.79,0,0
43194,2026,12,5,17,11.0,-22,0.0,1025.0,NE,1.79,0,0
43195,2026,12,5,18,32.0,-18,-2.0,1025.0,SE,0.89,0,0
43196,2026,12,5,19,97.0,-19,0.0,1025.0,SE,2.68,0,0
43197,2026,12,5,20,115.0,-15,-6.0,1025.0,cv,0.89,0,0
43198,2026,12,5,21,130.0,-15,-6.0,1026.0,SE,1.79,0,0
43199,2026,12,5,22,138.0,-16,-6.0,1026.0,NW,1.79,0,0
43200,2026,12,5,23,158.0,-16,-6.0,1026.0,NW,3.58,0,0
43201,2026,12,6,0,140.0,-15,-7.0,1026.0,cv,0.45,0,0
43202,2026,12,6,1,150.0,-15,-8.0,1027.0,NW,1.79,0,0
43203,2026,12,6,2,149.0,-16,-8.0,1027.0,cv,0.89,0,0
43204,2026,12,6,3,109.0,-15,-9.0,1026.0,NW,1.79,0,0
43205,2026,12,6,4,84.0,-15,-7.0,1026.0,cv,0.45,0,0
43206,2026,12,6,5,60.0,-16,-8.0,1026.0,NW,0.89,0,0
43207,2026,12,6,6,38.0,-17,-8.0,1027.0,NW,2.68,0,0
43208,2026,12,6,7,32.0,-17,-9.0,1027.0,NW,4.47,0,0
43209,2026,12,6,8,44.0,-15,-6.0,1027.0,NW,6.26,0,0
43210,2026,12,6,9,31.0,-16,-1.0,1028.0,NE,4.02,0,0
43211,2026,12,6,10,31.0,-19,0.0,1028.0,NE,8.04,0,0
43212,2026,12,6,11,30.0,-20,2.0,1028.0,NE,9.83,0,0
43213,2026,12,6,12,16.0,-20,4.0,1026.0,cv,1.79,0,0
43214,2026,12,6,13,17.0,-19,4.0,1025.0,cv,3.58,0,0
43215,2026,12,6,14,19.0,-19,4.0,1025.0,SE,1.79,0,0
43216,2026,12,6,15,33.0,-20,3.0,1025.0,SE,3.58,0,0
43217,2026,12,6,16,71.0,-18,2.0,1025.0,SE,5.37,0,0
43218,2026,12,6,17,66.0,-17,2.0,1025.0,SE,7.16,0,0
43219,2026,12,6,18,61.0,-17,2.0,1026.0,SE,8.95,0,0
43220,2026,12,6,19,83.0,-17,1.0,1026.0,SE,10.74,0,0
43221,2026,12,6,20,122.0,-15,1.0,1026.0,SE,13.87,0,0
43222,2026,12,6,21,119.0,-14,0.0,1026.0,cv,0.89,0,0
43223,2026,12,6,22,95.0,-12,-1.0,1026.0,NE,0.89,0,0
43224,2026,12,6,23,93.0,-13,0.0,1027.0,cv,0.89,0,0
43225,2026,12,7,0,102.0,-13,-1.0,1027.0,cv,1.78,0,0
43226,2026,12,7,1,174.0,-12,-1.0,1026.0,cv,2.67,0,0
43227,2026,12,7,2,137.0,-11,-1.0,1026.0,cv,3.56,0,0
43228,2026,12,7,3,80.0,-9,-1.0,1026.0,SE,0.89,0,0
43229,2026,12,7,4,63.0,-9,-2.0,1025.0,cv,0.89,0,0
43230,2026,12,7,5,72.0,-7,-1.0,1025.0,SE,0.89,0,0
43231,2026,12,7,6,59.0,-6,-3.0,1025.0,cv,0.89,0,0
43232,2026,12,7,7,59.0,-5,-3.0,1025.0,SE,1.79,0,0
43233,2026,12,7,8,72.0,-5,-2.0,1026.0,SE,3.58,0,0
43234,2026,12,7,9,79.0,-3,0.0,1026.0,SE,5.37,0,0
43235,2026,12,7,10,77.0,-4,1.0,1026.0,cv,1.79,0,0
43236,2026,12,7,11,96.0,-16,3.0,1026.0,NW,4.92,0,0
43237,2026,12,7,12,54.0,-19,4.0,1026.0,NW,12.97,0,0
43238,2026,12,7,13,34.0,-19,5.0,1025.0,NW,21.91,0,0
43239,2026,12,7,14,18.0,-20,5.0,1025.0,NW,29.06,0,0
43240,2026,12,7,15,22.0,-19,5.0,1025.0,NW,36.21,0,0
43241,2026,12,7,16,21.0,-17,4.0,1026.0,NW,43.36,0,0
43242,2026,12,7,17,15.0,-16,3.0,1027.0,NW,49.17,0,0
43243,2026,12,7,18,13.0,-16,3.0,1028.0,NW,54.09,0,0
43244,2026,12,7,19,11.0,-16,2.0,1028.0,NW,59.01,0,0
43245,2026,12,7,20,17.0,-17,1.0,1030.0,NW,63.03,0,0
43246,2026,12,7,21,18.0,-18,1.0,1030.0,NW,71.08,0,0
43247,2026,12,7,22,16.0,-17,0.0,1031.0,NW,76.0,0,0
43248,2026,12,7,23,17.0,-15,0.0,1032.0,NW,80.02,0,0
43249,2026,12,8,0,18.0,-15,-4.0,1032.0,NW,83.15,0,0
43250,2026,12,8,1,16.0,-14,-5.0,1032.0,NE,1.79,0,0
43251,2026,12,8,2,15.0,-14,-2.0,1032.0,NW,1.79,0,0
43252,2026,12,8,3,17.0,-14,-6.0,1032.0,NW,4.92,0,0
43253,2026,12,8,4,19.0,-15,-6.0,1032.0,NW,8.05,0,0
43254,2026,12,8,5,15.0,-15,-7.0,1032.0,NW,11.18,0,0
43255,2026,12,8,6,22.0,-15,-8.0,1033.0,NW,12.97,0,0
43256,2026,12,8,7,20.0,-15,-9.0,1033.0,NW,16.1,0,0
43257,2026,12,8,8,21.0,-13,-4.0,1034.0,cv,0.89,0,0
43258,2026,12,8,9,32.0,-13,-1.0,1035.0,NW,1.79,0,0
43259,2026,12,8,10,20.0,-14,1.0,1035.0,NW,3.58,0,0
43260,2026,12,8,11,31.0,-15,2.0,1035.0,cv,0.89,0,0
43261,2026,12,8,12,40.0,-14,3.0,1035.0,cv,2.68,0,0
43262,2026,12,8,13,102.0,-14,3.0,1034.0,cv,4.47,0,0
43263,2026,12,8,14,117.0,-14,4.0,1033.0,cv,6.26,0,0
43264,2026,12,8,15,100.0,-13,4.0,1033.0,SE,3.13,0,0
43265,2026,12,8,16,,-13,3.0,1033.0,cv,1.79,0,0
43266,2026,12,8,17,136.0,-13,1.0,1034.0,cv,2.68,0,0
43267,2026,12,8,18,,-11,-2.0,1034.0,SE,0.89,0,0
43268,2026,12,8,19,,-11,-2.0,1035.0,SE,1.78,0,0
43269,2026,12,8,20,,-11,-4.0,1036.0,SE,2.67,0,0
43270,2026,12,8,21,,-11,-5.0,1036.0,SE,3.56,0,0
43271,2026,12,8,22,,-11,-5.0,1036.0,NE,0.89,0,0
43272,2026,12,8,23,145.0,-11,-3.0,1037.0,cv,0.89,0,0
43273,2026,12,9,0,180.0,-11,-4.0,1037.0,SE,1.79,0,0
43274,2026,12,9,1,,-11,-4.0,1037.0,cv,0.89,0,0
43275,2026,12,9,2,,-10,-5.0,1036.0,SE,0.89,0,0
43276,2026,12,9,3,,-10,-6.0,1037.0,cv,0.89,0,0
43277,2026,12,9,4,,-10,-7.0,1036.0,cv,1.78,0,0
43278,2026,12,9,5,,-11,-6.0,1036.0,cv,2.67,0,0
43279,2026,12,9,6,,-11,-7.0,1036.0,cv,3.56,0,0
43280,2026,12,9,7,,-11,-8.0,1036.0,cv,4.45,0,0
43281,2026,12,9,8,,-9,-6.0,1036.0,SE,0.89,0,0
43282,2026,12,9,9,,-8,-5.0,1037.0,NE,1.79,0,0
43283,2026,12,9,10,,-8,-4.0,1037.0,cv,0.89,0,0
43284,2026,12,9,11,,-8,-3.0,1036.0,NE,1.79,0,0
43285,2026,12,9,12,339.0,-7,-1.0,1035.0,cv,0.89,0,0
43286,2026,12,9,13,355.0,-7,0.0,1033.0,cv,1.78,0,0
43287,2026,12,9,14,388.0,-8,0.0,1032.0,SE,1.79,0,0
43288,2026,12,9,15,390.0,-8,0.0,1031.0,cv,0.89,0,0
43289,2026,12,9,16,375.0,-8,0.0,1031.0,cv,1.78,0,0
43290,2026,12,9,17,367.0,-8,0.0,1031.0,NE,0.89,0,0
43291,2026,12,9,18,352.0,-6,-1.0,1031.0,NW,1.79,0,0
43292,2026,12,9,19,351.0,-8,0.0,1031.0,NW,4.92,0,0
43293,2026,12,9,20,356.0,-7,-1.0,1030.0,NW,6.71,0,0
43294,2026,12,9,21,367.0,-7,-1.0,1030.0,NW,8.5,0,0
43295,2026,12,9,22,361.0,-7,-1.0,1030.0,NE,0.89,0,0
43296,2026,12,9,23,350.0,-7,-1.0,1030.0,NW,0.89,0,0
43297,2026,12,10,0,311.0,-6,-1.0,1029.0,cv,0.89,1,0
43298,2026,12,10,1,319.0,-5,-1.0,1029.0,SE,0.89,0,0
43299,2026,12,10,2,331.0,-5,-2.0,1028.0,SE,1.78,0,0
43300,2026,12,10,3,303.0,-5,-3.0,1028.0,SE,2.67,0,0
43301,2026,12,10,4,301.0,-7,-5.0,1027.0,NW,0.89,0,0
43302,2026,12,10,5,306.0,-7,-6.0,1027.0,cv,0.89,0,0
43303,2026,12,10,6,311.0,-8,-7.0,1026.0,cv,1.78,0,0
43304,2026,12,10,7,318.0,-5,-5.0,1026.0,cv,2.67,0,0
43305,2026,12,10,8,325.0,-5,-4.0,1027.0,NW,3.13,0,0
43306,2026,12,10,9,152.0,-4,-4.0,1027.0,NE,1.79,0,0
43307,2026,12,10,10,65.0,-9,3.0,1027.0,NW,4.02,0,0
43308,2026,12,10,11,57.0,-15,4.0,1027.0,NW,13.85,0,0
43309,2026,12,10,12,63.0,-17,5.0,1026.0,NW,23.68,0,0
43310,2026,12,10,13,62.0,-17,5.0,1025.0,NW,32.62,0,0
43311,2026,12,10,14,45.0,-19,5.0,1026.0,NW,43.8,0,0
43312,2026,12,10,15,19.0,-19,5.0,1026.0,NW,53.63,0,0
43313,2026,12,10,16,21.0,-18,4.0,1027.0,NW,61.68,0,0
43314,2026,12,10,17,13.0,-18,2.0,1028.0,NW,70.62,0,0
43315,2026,12,10,18,31.0,-18,1.0,1029.0,NW,76.43,0,0
43316,2026,12,10,19,17.0,-18,0.0,1030.0,NW,82.24,0,0
43317,2026,12,10,20,14.0,-16,0.0,1031.0,NW,90.29,0,0
43318,2026,12,10,21,13.0,-16,0.0,1031.0,NW,99.23,0,0
43319,2026,12,10,22,16.0,-16,-1.0,1032.0,NW,108.17,0,0
43320,2026,12,10,23,18.0,-16,-1.0,1033.0,NW,116.22,0,0
43321,2026,12,11,0,18.0,-16,-1.0,1033.0,NW,124.27,0,0
43322,2026,12,11,1,20.0,-16,-1.0,1033.0,NW,134.1,0,0
43323,2026,12,11,2,17.0,-16,-2.0,1033.0,NW,142.15,0,0
43324,2026,12,11,3,9.0,-16,-3.0,1034.0,NW,146.17,0,0
43325,2026,12,11,4,16.0,-16,-3.0,1034.0,NW,151.09,0,0
43326,2026,12,11,5,14.0,-16,-3.0,1034.0,NW,156.01,0,0
43327,2026,12,11,6,7.0,-16,-3.0,1033.0,NW,163.16,0,0
43328,2026,12,11,7,15.0,-16,-3.0,1033.0,NW,168.97,0,0
43329,2026,12,11,8,11.0,-16,-6.0,1034.0,NW,173.89,0,0
43330,2026,12,11,9,13.0,-16,-2.0,1035.0,NE,3.13,0,0
43331,2026,12,11,10,16.0,-16,-1.0,1034.0,NE,4.92,0,0
43332,2026,12,11,11,14.0,-17,1.0,1033.0,NW,3.13,0,0
43333,2026,12,11,12,14.0,-18,3.0,1031.0,NW,8.05,0,0
43334,2026,12,11,13,14.0,-18,4.0,1030.0,NW,12.97,0,0
43335,2026,12,11,14,14.0,-19,4.0,1029.0,NW,18.78,0,0
43336,2026,12,11,15,12.0,-19,4.0,1028.0,NW,22.8,0,0
43337,2026,12,11,16,29.0,-19,4.0,1028.0,SE,4.02,0,0
43338,2026,12,11,17,40.0,-17,2.0,1028.0,cv,3.13,0,0
43339,2026,12,11,18,92.0,-16,1.0,1028.0,SE,5.81,0,0
43340,2026,12,11,19,76.0,-15,2.0,1028.0,SE,10.73,0,0
43341,2026,12,11,20,81.0,-15,2.0,1029.0,NW,4.92,0,0
43342,2026,12,11,21,32.0,-21,2.0,1029.0,NW,16.1,0,0
43343,2026,12,11,22,9.0,-21,0.0,1030.0,NW,23.25,0,0
43344,2026,12,11,23,12.0,-18,0.0,1030.0,NW,29.06,0,0
43345,2026,12,12,0,8.0,-17,-1.0,1030.0,NW,34.87,0,0
43346,2026,12,12,1,8.0,-17,-1.0,1029.0,NW,42.02,0,0
43347,2026,12,12,2,8.0,-18,-2.0,1029.0,NW,49.17,0,0
43348,2026,12,12,3,9.0,-18,-2.0,1029.0,NW,52.3,0,0
43349,2026,12,12,4,12.0,-18,-3.0,1029.0,NW,56.32,0,0
43350,2026,12,12,5,14.0,-19,-3.0,1029.0,NW,59.45,0,0
43351,2026,12,12,6,9.0,-19,-3.0,1029.0,NW,63.47,0,0
43352,2026,12,12,7,7.0,-19,-2.0,1029.0,NW,68.39,0,0
43353,2026,12,12,8,8.0,-18,-2.0,1029.0,NW,74.2,0,0
43354,2026,12,12,9,12.0,-18,-1.0,1029.0,NW,78.22,0,0
43355,2026,12,12,10,13.0,-20,1.0,1029.0,NW,85.37,0,0
43356,2026,12,12,11,9.0,-21,1.0,1028.0,NW,95.2,0,0
43357,2026,12,12,12,17.0,-22,2.0,1027.0,NW,103.25,0,0
43358,2026,12,12,13,18.0,-21,2.0,1026.0,NW,112.19,0,0
43359,2026,12,12,14,14.0,-21,3.0,1026.0,NW,120.24,0,0
43360,2026,12,12,15,10.0,-21,3.0,1026.0,NW,126.05,0,0
43361,2026,12,12,16,12.0,-21,3.0,1026.0,NW,131.86,0,0
43362,2026,12,12,17,9.0,-21,3.0,1026.0,NW,136.78,0,0
43363,2026,12,12,18,14.0,-21,0.0,1027.0,cv,0.89,0,0
43364,2026,12,12,19,17.0,-18,-1.0,1027.0,cv,1.78,0,0
43365,2026,12,12,20,21.0,-17,-3.0,1028.0,cv,2.67,0,0
43366,2026,12,12,21,47.0,-16,-3.0,1028.0,SE,0.89,0,0
43367,2026,12,12,22,18.0,-15,-5.0,1028.0,cv,0.89,0,0
43368,2026,12,12,23,15.0,-15,-5.0,1028.0,cv,1.78,0,0
43369,2026,12,13,0,12.0,-16,-7.0,1029.0,cv,2.67,0,0
43370,2026,12,13,1,16.0,-16,-6.0,1029.0,cv,3.56,0,0
43371,2026,12,13,2,15.0,-15,-8.0,1029.0,SE,0.89,0,0
43372,2026,12,13,3,13.0,-15,-9.0,1029.0,cv,0.89,0,0
43373,2026,12,13,4,16.0,-14,-8.0,1029.0,SE,0.89,0,0
43374,2026,12,13,5,16.0,-15,-8.0,1028.0,cv,0.89,0,0
43375,2026,12,13,6,10.0,-15,-9.0,1029.0,cv,1.34,0,0
43376,2026,12,13,7,13.0,-14,-10.0,1029.0,NW,1.79,0,0
43377,2026,12,13,8,33.0,-15,-9.0,1029.0,NE,3.13,0,0
43378,2026,12,13,9,37.0,-13,-3.0,1030.0,cv,0.89,0,0
43379,2026,12,13,10,36.0,-16,0.0,1030.0,NW,1.79,0,0
43380,2026,12,13,11,53.0,-14,0.0,1030.0,SE,1.79,0,0
43381,2026,12,13,12,58.0,-15,2.0,1029.0,cv,0.89,0,0
43382,2026,12,13,13,46.0,-16,3.0,1028.0,SE,3.13,0,0
43383,2026,12,13,14,43.0,-19,5.0,1027.0,cv,0.89,0,0
43384,2026,12,13,15,41.0,-19,5.0,1027.0,SE,4.02,0,0
43385,2026,12,13,16,44.0,-19,4.0,1026.0,SE,8.04,0,0
43386,2026,12,13,17,72.0,-18,3.0,1026.0,SE,9.83,0,0
43387,2026,12,13,18,80.0,-18,1.0,1026.0,SE,11.62,0,0
43388,2026,12,13,19,86.0,-17,2.0,1027.0,SE,13.41,0,0
43389,2026,12,13,20,82.0,-15,-3.0,1027.0,cv,0.89,0,0
43390,2026,12,13,21,86.0,-14,-6.0,1027.0,NE,0.89,0,0
43391,2026,12,13,22,98.0,-14,-4.0,1027.0,cv,0.89,0,0
43392,2026,12,13,23,112.0,-14,-5.0,1028.0,cv,1.78,0,0
43393,2026,12,14,0,126.0,-13,-7.0,1027.0,cv,2.67,0,0
43394,2026,12,14,1,192.0,-13,-7.0,1027.0,cv,3.12,0,0
43395,2026,12,14,2,212.0,-13,-7.0,1027.0,NE,0.89,0,0
43396,2026,12,14,3,144.0,-14,-8.0,1027.0,NW,1.79,0,0
43397,2026,12,14,4,107.0,-14,-9.0,1027.0,NW,3.58,0,0
43398,2026,12,14,5,86.0,-14,-8.0,1027.0,NW,5.37,0,0
43399,2026,12,14,6,90.0,-15,-9.0,1027.0,NW,7.16,0,0
43400,2026,12,14,7,95.0,-15,-10.0,1027.0,NW,10.29,0,0
43401,2026,12,14,8,71.0,-13,-7.0,1028.0,NW,15.21,0,0
43402,2026,12,14,9,76.0,-13,-2.0,1028.0,NE,1.79,0,0
43403,2026,12,14,10,75.0,-16,1.0,1028.0,NW,1.79,0,0
43404,2026,12,14,11,58.0,-18,4.0,1027.0,NW,4.92,0,0
43405,2026,12,14,12,53.0,-18,5.0,1027.0,cv,1.79,0,0
43406,2026,12,14,13,59.0,-18,6.0,1025.0,cv,2.68,0,0
43407,2026,12,14,14,49.0,-19,6.0,1024.0,cv,3.57,0,0
43408,2026,12,14,15,44.0,-19,6.0,1024.0,SE,1.79,0,0
43409,2026,12,14,16,50.0,-19,5.0,1024.0,SE,3.58,0,0
43410,2026,12,14,17,68.0,-16,3.0,1024.0,SE,5.37,0,0
43411,2026,12,14,18,110.0,-15,1.0,1025.0,SE,7.16,0,0
43412,2026,12,14,19,129.0,-13,0.0,1025.0,SE,8.95,0,0
43413,2026,12,14,20,123.0,-14,0.0,1025.0,cv,0.45,0,0
43414,2026,12,14,21,109.0,-12,-2.0,1025.0,SE,0.89,0,0
43415,2026,12,14,22,132.0,-12,0.0,1025.0,SE,2.68,0,0
43416,2026,12,14,23,160.0,-11,0.0,1025.0,SE,4.47,0,0
43417,2026,12,15,0,167.0,-11,0.0,1026.0,cv,0.89,0,0
43418,2026,12,15,1,257.0,-9,0.0,1025.0,cv,1.78,0,0
43419,2026,12,15,2,291.0,-10,-2.0,1025.0,NE,0.89,0,0
43420,2026,12,15,3,305.0,-10,-4.0,1025.0,NW,1.79,0,0
43421,2026,12,15,4,307.0,-9,-4.0,1025.0,cv,0.89,0,0
43422,2026,12,15,5,293.0,-11,-5.0,1024.0,NW,0.89,0,0
43423,2026,12,15,6,269.0,-10,-4.0,1025.0,cv,0.89,0,0
43424,2026,12,15,7,47.0,-16,1.0,1025.0,NW,9.83,0,0
43425,2026,12,15,8,24.0,-16,1.0,1027.0,NW,18.77,0,0
43426,2026,12,15,9,17.0,-16,2.0,1027.0,NW,28.6,0,0
43427,2026,12,15,10,12.0,-16,2.0,1027.0,NW,38.43,0,0
43428,2026,12,15,11,9.0,-17,3.0,1027.0,NW,49.61,0,0
43429,2026,12,15,12,10.0,-17,4.0,1027.0,NW,57.66,0,0
43430,2026,12,15,13,9.0,-19,4.0,1027.0,NW,69.73,0,0
43431,2026,12,15,14,11.0,-21,3.0,1027.0,NW,82.69,0,0
43432,2026,12,15,15,8.0,-21,2.0,1028.0,NW,94.76,0,0
43433,2026,12,15,16,13.0,-22,0.0,1029.0,NW,105.94,0,0
43434,2026,12,15,17,12.0,-20,-1.0,1031.0,NW,118.01,0,0
43435,2026,12,15,18,10.0,-21,-2.0,1032.0,NW,129.19,0,0
43436,2026,12,15,19,9.0,-21,-3.0,1033.0,NW,141.26,0,0
43437,2026,12,15,20,18.0,-21,-3.0,1034.0,NW,152.44,0,0
43438,2026,12,15,21,10.0,-21,-4.0,1034.0,NW,160.49,0,0
43439,2026,12,15,22,11.0,-21,-4.0,1034.0,NW,168.54,0,0
43440,2026,12,15,23,11.0,-21,-4.0,1034.0,NW,175.69,0,0
43441,2026,12,16,0,6.0,-21,-5.0,1034.0,NW,179.71,0,0
43442,2026,12,16,1,6.0,-20,-4.0,1033.0,NW,185.52,0,0
43443,2026,12,16,2,6.0,-20,-5.0,1033.0,NW,189.54,0,0
43444,2026,12,16,3,5.0,-19,-5.0,1032.0,NW,194.46,0,0
43445,2026,12,16,4,10.0,-19,-5.0,1032.0,NW,197.59,0,0
43446,2026,12,16,5,9.0,-19,-5.0,1032.0,NW,201.61,0,0
43447,2026,12,16,6,11.0,-18,-5.0,1031.0,NW,205.63,0,0
43448,2026,12,16,7,11.0,-19,-4.0,1031.0,NW,211.44,0,0
43449,2026,12,16,8,8.0,-18,-4.0,1032.0,NW,215.46,0,0
43450,2026,12,16,9,12.0,-18,-3.0,1032.0,NW,222.61,0,0
43451,2026,12,16,10,15.0,-19,-2.0,1032.0,NW,231.55,0,0
43452,2026,12,16,11,11.0,-19,-2.0,1031.0,NW,240.49,0,0
43453,2026,12,16,12,9.0,-19,-1.0,1031.0,NW,250.32,0,0
43454,2026,12,16,13,25.0,-20,0.0,1030.0,NW,261.5,0,0
43455,2026,12,16,14,23.0,-20,0.0,1030.0,NW,271.33,0,0
43456,2026,12,16,15,13.0,-21,-1.0,1030.0,NW,280.27,0,0
43457,2026,12,16,16,8.0,-20,-1.0,1030.0,NW,286.08,0,0
43458,2026,12,16,17,10.0,-20,-3.0,1030.0,NW,290.1,0,0
43459,2026,12,16,18,11.0,-20,-3.0,1031.0,NW,294.12,0,0
43460,2026,12,16,19,12.0,-21,-5.0,1031.0,NW,298.14,0,0
43461,2026,12,16,20,14.0,-19,-5.0,1031.0,NW,303.06,0,0
43462,2026,12,16,21,14.0,-20,-5.0,1031.0,NW,307.08,0,0
43463,2026,12,16,22,10.0,-20,-3.0,1031.0,NW,310.21,0,0
43464,2026,12,16,23,8.0,-18,-3.0,1030.0,NW,313.34,0,0
43465,2026,12,17,0,9.0,-17,-3.0,1030.0,NW,318.26,0,0
43466,2026,12,17,1,9.0,-18,-3.0,1029.0,NW,321.39,0,0
43467,2026,12,17,2,8.0,-16,-7.0,1029.0,SE,0.89,0,0
43468,2026,12,17,3,17.0,-16,-8.0,1029.0,SE,1.78,0,0
43469,2026,12,17,4,30.0,-16,-7.0,1028.0,SE,5.8,0,0
43470,2026,12,17,5,43.0,-18,-6.0,1028.0,SE,9.82,0,0
43471,2026,12,17,6,57.0,-17,-7.0,1028.0,SE,11.61,0,0
43472,2026,12,17,7,65.0,-18,-8.0,1028.0,cv,0.89,0,0
43473,2026,12,17,8,80.0,-16,-9.0,1029.0,cv,1.78,0,0
43474,2026,12,17,9,88.0,-15,-6.0,1029.0,cv,2.67,0,0
43475,2026,12,17,10,96.0,-16,-3.0,1030.0,NE,1.79,0,0
43476,2026,12,17,11,121.0,-16,-1.0,1030.0,NE,3.58,0,0
43477,2026,12,17,12,152.0,-17,0.0,1029.0,cv,0.89,0,0
43478,2026,12,17,13,172.0,-17,2.0,1028.0,SE,1.79,0,0
43479,2026,12,17,14,128.0,-16,4.0,1027.0,SE,3.58,0,0
43480,2026,12,17,15,77.0,-17,5.0,1027.0,SE,7.6,0,0
43481,2026,12,17,16,65.0,-16,4.0,1027.0,SE,9.39,0,0
43482,2026,12,17,17,79.0,-16,1.0,1028.0,cv,0.89,0,0
43483,2026,12,17,18,93.0,-14,0.0,1028.0,NE,1.79,0,0
43484,2026,12,17,19,104.0,-15,-2.0,1029.0,NE,3.58,0,0
43485,2026,12,17,20,202.0,-15,-3.0,1029.0,cv,0.89,0,0
43486,2026,12,17,21,245.0,-14,-4.0,1030.0,cv,1.78,0,0
43487,2026,12,17,22,225.0,-14,-3.0,1030.0,cv,2.67,0,0
43488,2026,12,17,23,180.0,-14,-6.0,1030.0,NW,1.79,0,0
43489,2026,12,18,0,180.0,-13,-6.0,1030.0,NE,1.79,0,0
43490,2026,12,18,1,170.0,-13,-7.0,1030.0,NW,0.89,0,0
43491,2026,12,18,2,160.0,-13,-7.0,1030.0,NW,2.68,0,0
43492,2026,12,18,3,146.0,-14,-9.0,1031.0,NW,4.47,0,0
43493,2026,12,18,4,125.0,-14,-8.0,1030.0,NW,7.6,0,0
43494,2026,12,18,5,130.0,-13,-6.0,1031.0,NW,8.49,0,0
43495,2026,12,18,6,138.0,-14,-7.0,1031.0,NW,10.28,0,0
43496,2026,12,18,7,147.0,-14,-9.0,1031.0,NW,12.07,0,0
43497,2026,12,18,8,135.0,-13,-7.0,1031.0,NW,13.86,0,0
43498,2026,12,18,9,136.0,-12,-4.0,1031.0,NW,16.99,0,0
43499,2026,12,18,10,124.0,-12,-2.0,1031.0,NE,1.79,0,0
43500,2026,12,18,11,135.0,-12,0.0,1031.0,NW,1.79,0,0
43501,2026,12,18,12,132.0,-10,1.0,1029.0,NE,1.79,0,0
43502,2026,12,18,13,133.0,-9,2.0,1028.0,SE,1.79,0,0
43503,2026,12,18,14,142.0,-7,2.0,1027.0,SE,3.58,0,0
43504,2026,12,18,15,163.0,-7,2.0,1026.0,SE,5.37,0,0
43505,2026,12,18,16,166.0,-7,1.0,1026.0,SE,7.16,0,0
43506,2026,12,18,17,189.0,-6,-1.0,1026.0,cv,0.89,0,0
43507,2026,12,18,18,202.0,-6,-1.0,1025.0,cv,1.78,0,0
43508,2026,12,18,19,228.0,-6,-1.0,1026.0,cv,2.67,0,0
43509,2026,12,18,20,240.0,-7,-2.0,1025.0,cv,3.12,0,0
43510,2026,12,18,21,235.0,-7,-4.0,1025.0,NE,0.89,0,0
43511,2026,12,18,22,252.0,-7,-5.0,1024.0,NW,1.79,0,0
43512,2026,12,18,23,254.0,-6,-4.0,1024.0,cv,0.89,0,0
43513,2026,12,19,0,274.0,-7,-5.0,1024.0,NW,0.89,0,0
43514,2026,12,19,1,253.0,-8,-5.0,1023.0,NW,2.68,0,0
43515,2026,12,19,2,248.0,-8,-6.0,1022.0,NW,5.81,0,0
43516,2026,12,19,3,219.0,-8,-5.0,1022.0,NW,7.6,0,0
43517,2026,12,19,4,199.0,-9,-6.0,1022.0,NW,9.39,0,0
43518,2026,12,19,5,198.0,-8,-6.0,1022.0,NW,10.28,0,0
43519,2026,12,19,6,204.0,-8,-5.0,1022.0,NW,15.2,0,0
43520,2026,12,19,7,66.0,-12,0.0,1023.0,NW,22.35,0,0
43521,2026,12,19,8,22.0,-15,1.0,1023.0,NW,30.4,0,0
43522,2026,12,19,9,19.0,-15,3.0,1024.0,NW,39.34,0,0
43523,2026,12,19,10,16.0,-15,3.0,1025.0,NW,46.49,0,0
43524,2026,12,19,11,11.0,-15,5.0,1024.0,NW,55.43,0,0
43525,2026,12,19,12,17.0,-16,5.0,1024.0,NW,64.37,0,0
43526,2026,12,19,13,15.0,-17,5.0,1023.0,NW,75.55,0,0
43527,2026,12,19,14,14.0,-17,5.0,1023.0,NW,86.73,0,0
43528,2026,12,19,15,12.0,-17,4.0,1024.0,NW,98.8,0,0
43529,2026,12,19,16,7.0,-19,3.0,1025.0,NW,110.87,0,0
43530,2026,12,19,17,7.0,-20,2.0,1026.0,NW,120.7,0,0
43531,2026,12,19,18,15.0,-20,1.0,1027.0,NW,129.64,0,0
43532,2026,12,19,19,7.0,-20,0.0,1028.0,NW,140.82,0,0
43533,2026,12,19,20,10.0,-18,-1.0,1029.0,NW,150.65,0,0
43534,2026,12,19,21,8.0,-18,-1.0,1030.0,NW,159.59,0,0
43535,2026,12,19,22,12.0,-18,-2.0,1030.0,NW,169.42,0,0
43536,2026,12,19,23,11.0,-18,-2.0,1031.0,NW,176.57,0,0
43537,2026,12,20,0,9.0,-18,-3.0,1031.0,NW,183.72,0,0
43538,2026,12,20,1,14.0,-18,-3.0,1031.0,NW,189.53,0,0
43539,2026,12,20,2,8.0,-18,-3.0,1031.0,NW,194.45,0,0
43540,2026,12,20,3,12.0,-18,-4.0,1031.0,NW,200.26,0,0
43541,2026,12,20,4,11.0,-18,-4.0,1031.0,NW,207.41,0,0
43542,2026,12,20,5,12.0,-19,-5.0,1030.0,NW,212.33,0,0
43543,2026,12,20,6,15.0,-19,-7.0,1030.0,NW,215.46,0,0
43544,2026,12,20,7,12.0,-18,-4.0,1030.0,NW,220.38,0,0
43545,2026,12,20,8,,-18,-4.0,1031.0,NW,225.3,0,0
43546,2026,12,20,9,,-17,-4.0,1031.0,NW,228.43,0,0
43547,2026,12,20,10,,-18,-2.0,1031.0,NW,233.35,0,0
43548,2026,12,20,11,,-17,-1.0,1031.0,NW,239.16,0,0
43549,2026,12,20,12,,-18,0.0,1030.0,NW,244.97,0,0
43550,2026,12,20,13,,-19,1.0,1029.0,NW,249.89,0,0
43551,2026,12,20,14,,-20,1.0,1029.0,NW,257.04,0,0
43552,2026,12,20,15,,-20,2.0,1028.0,NW,262.85,0,0
43553,2026,12,20,16,,-21,1.0,1028.0,NW,270.0,0,0
43554,2026,12,20,17,12.0,-20,1.0,1028.0,NW,274.92,0,0
43555,2026,12,20,18,14.0,-19,0.0,1029.0,NW,278.94,0,0
43556,2026,12,20,19,10.0,-18,0.0,1030.0,NW,282.96,0,0
43557,2026,12,20,20,7.0,-18,-1.0,1030.0,NW,286.98,0,0
43558,2026,12,20,21,8.0,-19,-2.0,1031.0,NW,294.13,0,0
43559,2026,12,20,22,6.0,-19,-3.0,1032.0,NW,302.18,0,0
43560,2026,12,20,23,4.0,-19,-3.0,1032.0,NW,312.01,0,0
43561,2026,12,21,0,4.0,-20,-3.0,1032.0,NW,321.84,0,0
43562,2026,12,21,1,7.0,-20,-4.0,1032.0,NW,329.89,0,0
43563,2026,12,21,2,6.0,-20,-4.0,1032.0,NW,339.72,0,0
43564,2026,12,21,3,8.0,-20,-4.0,1032.0,NW,349.55,0,0
43565,2026,12,21,4,7.0,-20,-5.0,1031.0,NW,355.36,0,0
43566,2026,12,21,5,6.0,-19,-5.0,1031.0,NW,360.28,0,0
43567,2026,12,21,6,9.0,-20,-5.0,1030.0,NW,365.2,0,0
43568,2026,12,21,7,9.0,-19,-5.0,1030.0,NW,369.22,0,0
43569,2026,12,21,8,9.0,-19,-5.0,1030.0,NW,372.35,0,0
43570,2026,12,21,9,8.0,-19,-3.0,1030.0,NW,375.48,0,0
43571,2026,12,21,10,11.0,-20,-2.0,1030.0,NW,381.29,0,0
43572,2026,12,21,11,17.0,-19,-1.0,1029.0,NW,388.44,0,0
43573,2026,12,21,12,21.0,-19,0.0,1027.0,NW,396.49,0,0
43574,2026,12,21,13,12.0,-18,1.0,1026.0,NW,406.32,0,0
43575,2026,12,21,14,20.0,-18,2.0,1025.0,NW,416.15,0,0
43576,2026,12,21,15,15.0,-18,2.0,1025.0,NW,425.09,0,0
43577,2026,12,21,16,13.0,-17,2.0,1024.0,NW,433.14,0,0
43578,2026,12,21,17,14.0,-17,2.0,1024.0,NW,437.16,0,0
43579,2026,12,21,18,20.0,-17,1.0,1024.0,NW,441.18,0,0
43580,2026,12,21,19,32.0,-19,1.0,1024.0,SE,4.92,0,0
43581,2026,12,21,20,33.0,-19,0.0,1024.0,SE,8.05,0,0
43582,2026,12,21,21,46.0,-17,-2.0,1023.0,SE,9.84,0,0
43583,2026,12,21,22,53.0,-16,-1.0,1023.0,SE,11.63,0,0
43584,2026,12,21,23,64.0,-15,-3.0,1023.0,cv,0.89,0,0
43585,2026,12,22,0,53.0,-16,-4.0,1023.0,cv,1.78,0,0
43586,2026,12,22,1,72.0,-16,-5.0,1023.0,cv,2.67,0,0
43587,2026,12,22,2,85.0,-15,-7.0,1023.0,cv,3.56,0,0
43588,2026,12,22,3,95.0,-14,-6.0,1024.0,cv,4.45,0,0
43589,2026,12,22,4,98.0,-15,-8.0,1024.0,cv,5.34,0,0
43590,2026,12,22,5,105.0,-14,-9.0,1024.0,NW,3.13,0,0
43591,2026,12,22,6,117.0,-13,-6.0,1024.0,SE,3.13,0,0
43592,2026,12,22,7,117.0,-13,-8.0,1024.0,NE,1.79,0,0
43593,2026,12,22,8,126.0,-13,-8.0,1025.0,NE,3.58,0,0
43594,2026,12,22,9,145.0,-13,-4.0,1026.0,NE,5.37,0,0
43595,2026,12,22,10,136.0,-13,1.0,1026.0,NW,3.13,0,0
43596,2026,12,22,11,95.0,-13,4.0,1025.0,cv,0.89,0,0
43597,2026,12,22,12,80.0,-13,6.0,1024.0,cv,1.78,0,0
43598,2026,12,22,13,51.0,-14,8.0,1023.0,cv,3.57,0,0
43599,2026,12,22,14,67.0,-14,9.0,1022.0,SE,3.13,0,0
43600,2026,12,22,15,71.0,-14,9.0,1022.0,SE,7.15,0,0
43601,2026,12,22,16,63.0,-14,8.0,1022.0,SE,10.28,0,0
43602,2026,12,22,17,80.0,-13,7.0,1022.0,SE,13.41,0,0
43603,2026,12,22,18,75.0,-13,6.0,1022.0,SE,17.43,0,0
43604,2026,12,22,19,87.0,-12,2.0,1022.0,cv,0.89,0,0
43605,2026,12,22,20,105.0,-12,-1.0,1022.0,SE,1.79,0,0
43606,2026,12,22,21,125.0,-12,-4.0,1022.0,cv,0.89,0,0
43607,2026,12,22,22,115.0,-11,-4.0,1023.0,cv,1.78,0,0
43608,2026,12,22,23,123.0,-11,-4.0,1023.0,cv,2.67,0,0
43609,2026,12,23,0,142.0,-12,-5.0,1022.0,NE,0.89,0,0
43610,2026,12,23,1,178.0,-12,-6.0,1022.0,NE,1.78,0,0
43611,2026,12,23,2,163.0,-11,-5.0,1022.0,NE,3.57,0,0
43612,2026,12,23,3,162.0,-12,-7.0,1022.0,NW,3.13,0,0
43613,2026,12,23,4,145.0,-12,-7.0,1021.0,NW,4.92,0,0
43614,2026,12,23,5,114.0,-13,-7.0,1021.0,NW,6.71,0,0
43615,2026,12,23,6,84.0,-12,-5.0,1021.0,NW,7.6,0,0
43616,2026,12,23,7,102.0,-12,-8.0,1021.0,NW,9.39,0,0
43617,2026,12,23,8,82.0,-12,-6.0,1021.0,NW,12.52,0,0
43618,2026,12,23,9,88.0,-10,-3.0,1021.0,NW,14.31,0,0
43619,2026,12,23,10,90.0,-12,0.0,1021.0,NW,16.1,0,0
43620,2026,12,23,11,88.0,-11,4.0,1021.0,NW,19.23,0,0
43621,2026,12,23,12,95.0,-13,6.0,1020.0,NW,21.02,0,0
43622,2026,12,23,13,81.0,-14,9.0,1019.0,NW,24.15,0,0
43623,2026,12,23,14,89.0,-15,9.0,1018.0,NW,25.94,0,0
43624,2026,12,23,15,95.0,-18,11.0,1018.0,NW,29.96,0,0
43625,2026,12,23,16,57.0,-16,8.0,1019.0,NW,31.75,0,0
43626,2026,12,23,17,62.0,-14,4.0,1019.0,SE,0.89,0,0
43627,2026,12,23,18,234.0,-14,2.0,1020.0,cv,0.89,0,0
43628,2026,12,23,19,118.0,-14,2.0,1021.0,NW,1.79,0,0
43629,2026,12,23,20,108.0,-16,5.0,1022.0,NW,5.81,0,0
43630,2026,12,23,21,33.0,-14,-2.0,1022.0,NW,7.6,0,0
43631,2026,12,23,22,21.0,-13,-1.0,1023.0,NW,11.62,0,0
43632,2026,12,23,23,14.0,-14,-2.0,1024.0,NE,1.79,0,0
43633,2026,12,24,0,13.0,-15,2.0,1025.0,cv,0.89,0,0
43634,2026,12,24,1,9.0,-14,-3.0,1026.0,NW,3.13,0,0
43635,2026,12,24,2,10.0,-16,0.0,1027.0,NW,7.15,0,0
43636,2026,12,24,3,11.0,-14,-5.0,1028.0,NW,11.17,0,0
43637,2026,12,24,4,9.0,-15,-3.0,1029.0,NW,15.19,0,0
43638,2026,12,24,5,15.0,-14,-5.0,1030.0,NW,20.11,0,0
43639,2026,12,24,6,13.0,-14,-5.0,1031.0,NW,24.13,0,0
43640,2026,12,24,7,12.0,-15,-6.0,1032.0,NW,27.26,0,0
43641,2026,12,24,8,11.0,-13,-2.0,1033.0,NW,29.05,0,0
43642,2026,12,24,9,18.0,-14,0.0,1033.0,NE,1.79,0,0
43643,2026,12,24,10,17.0,-14,1.0,1034.0,NE,6.71,0,0
43644,2026,12,24,11,11.0,-15,3.0,1034.0,NE,11.63,0,0
43645,2026,12,24,12,12.0,-15,4.0,1034.0,NW,4.92,0,0
43646,2026,12,24,13,14.0,-15,5.0,1033.0,NW,12.07,0,0
43647,2026,12,24,14,14.0,-15,5.0,1032.0,NW,17.88,0,0
43648,2026,12,24,15,12.0,-15,5.0,1032.0,NW,25.03,0,0
43649,2026,12,24,16,16.0,-15,5.0,1032.0,NW,30.84,0,0
43650,2026,12,24,17,16.0,-14,4.0,1032.0,NW,37.99,0,0
43651,2026,12,24,18,12.0,-14,3.0,1032.0,NW,45.14,0,0
43652,2026,12,24,19,20.0,-14,3.0,1033.0,NW,50.06,0,0
43653,2026,12,24,20,23.0,-14,2.0,1033.0,NW,54.98,0,0
43654,2026,12,24,21,16.0,-14,3.0,1033.0,NW,59.9,0,0
43655,2026,12,24,22,17.0,-14,2.0,1034.0,NW,65.71,0,0
43656,2026,12,24,23,18.0,-14,2.0,1034.0,NW,70.63,0,0
43657,2026,12,25,0,20.0,-14,2.0,1033.0,NW,75.55,0,0
43658,2026,12,25,1,22.0,-14,1.0,1033.0,NW,79.57,0,0
43659,2026,12,25,2,22.0,-14,1.0,1034.0,NW,84.49,0,0
43660,2026,12,25,3,10.0,-13,-3.0,1034.0,NW,88.51,0,0
43661,2026,12,25,4,14.0,-14,-3.0,1034.0,NW,91.64,0,0
43662,2026,12,25,5,14.0,-14,-7.0,1034.0,NW,94.77,0,0
43663,2026,12,25,6,18.0,-13,-5.0,1034.0,NE,1.79,0,0
43664,2026,12,25,7,13.0,-13,-3.0,1034.0,NE,3.58,0,0
43665,2026,12,25,8,18.0,-13,-3.0,1034.0,NE,6.71,0,0
43666,2026,12,25,9,27.0,-14,0.0,1035.0,NE,10.73,0,0
43667,2026,12,25,10,38.0,-14,2.0,1035.0,NE,13.86,0,0
43668,2026,12,25,11,25.0,-14,5.0,1035.0,NW,4.02,0,0
43669,2026,12,25,12,16.0,-13,7.0,1033.0,NW,7.15,0,0
43670,2026,12,25,13,16.0,-14,7.0,1032.0,NW,10.28,0,0
43671,2026,12,25,14,9.0,-14,6.0,1031.0,NE,1.79,0,0
43672,2026,12,25,15,8.0,-14,6.0,1031.0,NE,3.58,0,0
43673,2026,12,25,16,18.0,-14,5.0,1031.0,SE,1.79,0,0
43674,2026,12,25,17,31.0,-13,3.0,1032.0,cv,0.89,0,0
43675,2026,12,25,18,38.0,-13,-1.0,1032.0,cv,1.78,0,0
43676,2026,12,25,19,49.0,-11,-1.0,1032.0,cv,2.67,0,0
43677,2026,12,25,20,52.0,-11,-2.0,1032.0,SE,1.79,0,0
43678,2026,12,25,21,50.0,-11,0.0,1033.0,cv,0.89,0,0
43679,2026,12,25,22,51.0,-12,-3.0,1033.0,SE,0.89,0,0
43680,2026,12,25,23,69.0,-11,-2.0,1033.0,SE,2.68,0,0
43681,2026,12,26,0,93.0,-11,-3.0,1033.0,SE,4.47,0,0
43682,2026,12,26,1,94.0,-11,-3.0,1034.0,cv,0.89,0,0
43683,2026,12,26,2,147.0,-10,-4.0,1034.0,cv,1.78,0,0
43684,2026,12,26,3,226.0,-10,-3.0,1033.0,SE,0.89,0,0
43685,2026,12,26,4,179.0,-11,-6.0,1033.0,NW,0.89,0,0
43686,2026,12,26,5,153.0,-11,-7.0,1032.0,NW,1.78,0,0
43687,2026,12,26,6,133.0,-11,-7.0,1032.0,NW,2.67,0,0
43688,2026,12,26,7,127.0,-11,-6.0,1032.0,NW,4.46,0,0
43689,2026,12,26,8,119.0,-11,-6.0,1033.0,cv,0.45,0,0
43690,2026,12,26,9,111.0,-9,-4.0,1033.0,NE,0.89,0,0
43691,2026,12,26,10,118.0,-9,-2.0,1033.0,NE,1.78,0,0
43692,2026,12,26,11,116.0,-8,-1.0,1033.0,SE,1.79,0,0
43693,2026,12,26,12,131.0,-9,0.0,1032.0,cv,0.89,0,0
43694,2026,12,26,13,152.0,-9,2.0,1031.0,cv,1.78,0,0
43695,2026,12,26,14,163.0,-9,2.0,1030.0,cv,2.67,0,0
43696,2026,12,26,15,171.0,-9,2.0,1030.0,cv,3.56,0,0
43697,2026,12,26,16,198.0,-9,2.0,1030.0,cv,4.45,0,0
43698,2026,12,26,17,234.0,-9,-1.0,1030.0,cv,4.9,0,0
43699,2026,12,26,18,260.0,-8,-3.0,1030.0,NE,0.89,0,0
43700,2026,12,26,19,271.0,-9,-3.0,1031.0,cv,0.89,0,0
43701,2026,12,26,20,244.0,-8,-3.0,1031.0,NW,1.79,0,0
43702,2026,12,26,21,242.0,-9,-4.0,1031.0,cv,0.89,0,0
43703,2026,12,26,22,210.0,-9,-4.0,1030.0,cv,1.34,0,0
43704,2026,12,26,23,194.0,-10,-5.0,1030.0,cv,2.23,0,0
43705,2026,12,27,0,163.0,-10,-5.0,1030.0,NW,1.79,0,0
43706,2026,12,27,1,194.0,-10,-5.0,1030.0,NW,3.58,0,0
43707,2026,12,27,2,187.0,-10,-5.0,1030.0,NW,5.37,0,0
43708,2026,12,27,3,216.0,-11,-6.0,1030.0,NW,7.16,0,0
43709,2026,12,27,4,225.0,-11,-6.0,1030.0,NW,8.95,0,0
43710,2026,12,27,5,199.0,-11,-7.0,1029.0,NW,10.74,0,0
43711,2026,12,27,6,207.0,-10,-7.0,1029.0,NW,12.53,0,0
43712,2026,12,27,7,227.0,-10,-6.0,1029.0,NW,13.42,0,0
43713,2026,12,27,8,259.0,-11,-7.0,1029.0,NW,16.55,0,0
43714,2026,12,27,9,182.0,-9,-3.0,1030.0,NW,19.68,0,0
43715,2026,12,27,10,185.0,-9,-2.0,1030.0,NW,22.81,0,0
43716,2026,12,27,11,191.0,-10,1.0,1030.0,NW,25.94,0,0
43717,2026,12,27,12,194.0,-10,3.0,1029.0,NW,27.73,0,0
43718,2026,12,27,13,194.0,-10,4.0,1027.0,cv,0.89,0,0
43719,2026,12,27,14,192.0,-10,6.0,1026.0,cv,1.78,0,0
43720,2026,12,27,15,208.0,-10,5.0,1026.0,SE,3.13,0,0
43721,2026,12,27,16,224.0,-9,5.0,1025.0,SE,6.26,0,0
43722,2026,12,27,17,249.0,-9,4.0,1025.0,SE,10.28,0,0
43723,2026,12,27,18,317.0,-9,4.0,1026.0,cv,1.79,0,0
43724,2026,12,27,19,328.0,-9,0.0,1026.0,cv,2.68,0,0
43725,2026,12,27,20,349.0,-9,-3.0,1026.0,cv,3.57,0,0
43726,2026,12,27,21,327.0,-9,-4.0,1026.0,cv,4.46,0,0
43727,2026,12,27,22,348.0,-7,-4.0,1025.0,cv,5.35,0,0
43728,2026,12,27,23,363.0,-9,-5.0,1025.0,cv,6.24,0,0
43729,2026,12,28,0,385.0,-9,-6.0,1025.0,cv,6.69,0,0
43730,2026,12,28,1,393.0,-9,-4.0,1024.0,NE,1.79,0,0
43731,2026,12,28,2,388.0,-8,-3.0,1024.0,NW,3.13,0,0
43732,2026,12,28,3,444.0,-9,-3.0,1023.0,NW,6.26,0,0
43733,2026,12,28,4,334.0,-9,-4.0,1022.0,NW,9.39,0,0
43734,2026,12,28,5,284.0,-9,-4.0,1022.0,NW,11.18,0,0
43735,2026,12,28,6,264.0,-9,-3.0,1022.0,NW,14.31,0,0
43736,2026,12,28,7,221.0,-9,-4.0,1022.0,NW,17.44,0,0
43737,2026,12,28,8,160.0,-9,-4.0,1022.0,NE,1.79,0,0
43738,2026,12,28,9,160.0,-8,-1.0,1021.0,NE,3.58,0,0
43739,2026,12,28,10,92.0,-10,4.0,1021.0,NW,3.13,0,0
43740,2026,12,28,11,59.0,-11,7.0,1020.0,NW,7.15,0,0
43741,2026,12,28,12,69.0,-12,7.0,1019.0,NE,1.79,0,0
43742,2026,12,28,13,48.0,-13,8.0,1018.0,NW,5.81,0,0
43743,2026,12,28,14,32.0,-13,9.0,1018.0,NW,12.96,0,0
43744,2026,12,28,15,33.0,-14,8.0,1018.0,NW,20.11,0,0
43745,2026,12,28,16,45.0,-13,8.0,1018.0,NW,25.92,0,0
43746,2026,12,28,17,42.0,-13,7.0,1017.0,NW,29.94,0,0
43747,2026,12,28,18,41.0,-13,6.0,1018.0,NW,33.96,0,0
43748,2026,12,28,19,110.0,-13,6.0,1017.0,NW,37.98,0,0
43749,2026,12,28,20,175.0,-13,3.0,1017.0,cv,0.89,0,0
43750,2026,12,28,21,293.0,-13,1.0,1017.0,cv,1.78,0,0
43751,2026,12,28,22,324.0,-10,2.0,1017.0,cv,2.67,0,0
43752,2026,12,28,23,341.0,-10,-2.0,1017.0,cv,3.12,0,0
43753,2026,12,29,0,362.0,-10,-4.0,1016.0,cv,4.01,0,0
43754,2026,12,29,1,372.0,-10,-5.0,1016.0,cv,4.9,0,0
43755,2026,12,29,2,373.0,-11,-5.0,1015.0,cv,5.79,0,0
43756,2026,12,29,3,372.0,-11,-6.0,1015.0,cv,6.68,0,0
43757,2026,12,29,4,318.0,-12,-7.0,1014.0,cv,7.57,0,0
43758,2026,12,29,5,188.0,-12,-7.0,1014.0,cv,8.46,0,0
43759,2026,12,29,6,171.0,-13,-8.0,1014.0,NW,1.79,0,0
43760,2026,12,29,7,136.0,-12,-7.0,1014.0,NW,4.92,0,0
43761,2026,12,29,8,124.0,-12,-6.0,1014.0,cv,0.89,0,0
43762,2026,12,29,9,141.0,-10,-2.0,1014.0,cv,1.78,0,0
43763,2026,12,29,10,132.0,-11,3.0,1014.0,cv,2.67,0,0
43764,2026,12,29,11,134.0,-11,5.0,1014.0,cv,3.56,0,0
43765,2026,12,29,12,56.0,-12,9.0,1013.0,NW,3.13,0,0
43766,2026,12,29,13,48.0,-13,11.0,1012.0,NW,10.28,0,0
43767,2026,12,29,14,27.0,-14,11.0,1011.0,NW,17.43,0,0
43768,2026,12,29,15,28.0,-14,11.0,1011.0,NW,25.48,0,0
43769,2026,12,29,16,20.0,-15,11.0,1011.0,NW,32.63,0,0
43770,2026,12,29,17,22.0,-15,10.0,1012.0,NW,36.65,0,0
43771,2026,12,29,18,120.0,-15,6.0,1013.0,cv,0.89,0,0
43772,2026,12,29,19,109.0,-14,3.0,1013.0,cv,1.78,0,0
43773,2026,12,29,20,112.0,-12,1.0,1014.0,cv,2.67,0,0
43774,2026,12,29,21,128.0,-13,0.0,1015.0,cv,3.12,0,0
43775,2026,12,29,22,164.0,-12,-3.0,1015.0,NE,3.13,0,0
43776,2026,12,29,23,159.0,-12,-3.0,1016.0,NW,1.79,0,0
43777,2026,12,30,0,189.0,-12,-2.0,1016.0,cv,0.89,0,0
43778,2026,12,30,1,97.0,-13,-2.0,1016.0,NW,1.79,0,0
43779,2026,12,30,2,81.0,-13,-4.0,1016.0,NW,5.81,0,0
43780,2026,12,30,3,28.0,-13,-2.0,1017.0,NW,10.73,0,0
43781,2026,12,30,4,25.0,-13,-5.0,1017.0,NW,15.65,0,0
43782,2026,12,30,5,9.0,-13,-3.0,1017.0,NW,19.67,0,0
43783,2026,12,30,6,9.0,-14,-2.0,1017.0,NW,22.8,0,0
43784,2026,12,30,7,13.0,-13,-3.0,1018.0,cv,0.89,0,0
43785,2026,12,30,8,17.0,-15,0.0,1019.0,cv,1.78,0,0
43786,2026,12,30,9,16.0,-13,2.0,1020.0,NW,1.79,0,0
43787,2026,12,30,10,25.0,-14,5.0,1020.0,NE,1.79,0,0
43788,2026,12,30,11,48.0,-15,6.0,1020.0,SE,1.79,0,0
43789,2026,12,30,12,49.0,-15,7.0,1019.0,SE,3.58,0,0
43790,2026,12,30,13,73.0,-15,6.0,1018.0,SE,6.71,0,0
43791,2026,12,30,14,65.0,-14,6.0,1018.0,SE,9.84,0,0
43792,2026,12,30,15,55.0,-14,6.0,1017.0,SE,11.63,0,0
43793,2026,12,30,16,60.0,-14,6.0,1018.0,cv,0.89,0,0
43794,2026,12,30,17,63.0,-14,5.0,1019.0,NE,1.79,0,0
43795,2026,12,30,18,79.0,-13,2.0,1020.0,NE,3.58,0,0
43796,2026,12,30,19,35.0,-8,6.0,1021.0,NW,5.81,0,0
43797,2026,12,30,20,26.0,-11,5.0,1022.0,NW,12.96,0,0
43798,2026,12,30,21,20.0,-12,4.0,1023.0,NW,21.9,0,0
43799,2026,12,30,22,8.0,-21,2.0,1025.0,NW,31.73,0,0
43800,2026,12,30,23,16.0,-22,0.0,1026.0,NW,38.88,0,0
43801,2026,12,31,0,10.0,-19,-1.0,1027.0,NW,51.84,0,0
43802,2026,12,31,1,11.0,-18,-1.0,1028.0,NW,61.67,0,0
43803,2026,12,31,2,20.0,-17,-1.0,1028.0,NW,70.61,0,0
43804,2026,12,31,3,9.0,-17,-1.0,1029.0,NW,81.79,0,0
43805,2026,12,31,4,8.0,-19,-2.0,1030.0,NW,94.75,0,0
43806,2026,12,31,5,9.0,-21,-3.0,1030.0,NW,109.95,0,0
43807,2026,12,31,6,8.0,-23,-4.0,1032.0,NW,130.07,0,0
43808,2026,12,31,7,8.0,-22,-5.0,1034.0,NW,143.03,0,0
43809,2026,12,31,8,8.0,-22,-5.0,1034.0,NW,150.18,0,0
43810,2026,12,31,9,8.0,-22,-3.0,1034.0,NW,155.99,0,0
43811,2026,12,31,10,7.0,-22,-2.0,1034.0,NW,163.14,0,0
43812,2026,12,31,11,12.0,-22,-2.0,1034.0,NW,170.29,0,0
43813,2026,12,31,12,17.0,-22,0.0,1033.0,NW,177.44,0,0
43814,2026,12,31,13,11.0,-27,0.0,1032.0,NW,186.38,0,0
43815,2026,12,31,14,9.0,-27,1.0,1032.0,NW,196.21,0,0
43816,2026,12,31,15,11.0,-26,1.0,1032.0,NW,205.15,0,0
43817,2026,12,31,16,8.0,-23,0.0,1032.0,NW,214.09,0,0
43818,2026,12,31,17,9.0,-22,-1.0,1033.0,NW,221.24,0,0
43819,2026,12,31,18,10.0,-22,-2.0,1033.0,NW,226.16,0,0
43820,2026,12,31,19,8.0,-23,-2.0,1034.0,NW,231.97,0,0
43821,2026,12,31,20,10.0,-22,-3.0,1034.0,NW,237.78,0,0
43822,2026,12,31,21,10.0,-22,-3.0,1034.0,NW,242.7,0,0
43823,2026,12,31,22,8.0,-22,-4.0,1034.0,NW,246.72,0,0
43824,2026,12,31,23,12.0,-21,-3.0,1034.0,NW,249.85,0,0
