date,year,month,day,hour,DEWP,TEMP,PRES,cbwd,Iws,Is,Ir,pm2.5
2026-01-01 00:00:00,2026,1,1,0,-20,7.0,1014.0,NW,143.48,0,0,24.0
2026-01-01 01:00:00,2026,1,1,1,-20,7.0,1013.0,NW,147.5,0,0,53.0
2026-01-01 02:00:00,2026,1,1,2,-20,6.0,1013.0,NW,151.52,0,0,65.0
2026-01-01 03:00:00,2026,1,1,3,-20,6.0,1013.0,NW,153.31,0,0,70.0
2026-01-01 04:00:00,2026,1,1,4,-18,3.0,1012.0,cv,0.89,0,0,79.0
2026-01-01 05:00:00,2026,1,1,5,-18,4.0,1012.0,NW,4.02,0,0,92.0
2026-01-01 06:00:00,2026,1,1,6,-19,6.0,1012.0,NW,8.94,0,0,106.0
2026-01-01 07:00:00,2026,1,1,7,-19,6.0,1013.0,NW,16.09,0,0,75.0
2026-01-01 08:00:00,2026,1,1,8,-18,6.0,1013.0,NW,21.9,0,0,58.0
2026-01-01 09:00:00,2026,1,1,9,-18,7.0,1014.0,NW,26.82,0,0,33.0
2026-01-01 10:00:00,2026,1,1,10,-18,8.0,1015.0,NW,31.74,0,0,51.0
2026-01-01 11:00:00,2026,1,1,11,-18,9.0,1015.0,NW,39.79,0,0,32.0
2026-01-01 12:00:00,2026,1,1,12,-17,10.0,1015.0,NW,48.73,0,0,23.0
2026-01-01 13:00:00,2026,1,1,13,-18,11.0,1014.0,NW,55.88,0,0,28.0
2026-01-01 14:00:00,2026,1,1,14,-17,11.0,1014.0,NW,63.93,0,0,23.0
2026-01-01 15:00:00,2026,1,1,15,-17,11.0,1014.0,NW,71.08,0,0,24.0
2026-01-01 16:00:00,2026,1,1,16,-17,11.0,1014.0,NW,76.89,0,0,26.0
2026-01-01 17:00:00,2026,1,1,17,-16,10.0,1015.0,NW,81.81,0,0,26.0
2026-01-01 18:00:00,2026,1,1,18,-16,9.0,1015.0,NW,84.94,0,0,27.0
2026-01-01 19:00:00,2026,1,1,19,-16,9.0,1016.0,SE,1.79,0,0,43.0
2026-01-01 20:00:00,2026,1,1,20,-14,3.0,1017.0,SE,2.68,0,0,62.0
2026-01-01 21:00:00,2026,1,1,21,-14,0.0,1017.0,NE,1.79,0,0,70.0
2026-01-01 22:00:00,2026,1,1,22,-12,-1.0,1018.0,SE,0.89,0,0,81.0
2026-01-01 23:00:00,2026,1,1,23,-12,0.0,1019.0,NW,1.79,0,0,111.0
2026-01-02 00:00:00,2026,1,2,0,-13,-2.0,1019.0,NE,0.89,0,0,144.0
2026-01-02 01:00:00,2026,1,2,1,-12,-4.0,1019.0,cv,0.89,0,0,170.0
2026-01-02 02:00:00,2026,1,2,2,-12,-4.0,1019.0,cv,1.34,0,0,174.0
2026-01-02 03:00:00,2026,1,2,3,-12,-4.0,1019.0,NW,0.89,0,0,174.0
2026-01-02 04:00:00,2026,1,2,4,-12,-5.0,1020.0,cv,0.89,0,0,172.0
2026-01-02 05:00:00,2026,1,2,5,-10,-2.0,1020.0,SE,1.79,0,0,149.0
2026-01-02 06:00:00,2026,1,2,6,-7,-2.0,1020.0,SE,3.58,0,0,166.0
2026-01-02 07:00:00,2026,1,2,7,-9,-5.0,1020.0,NE,0.89,0,0,187.0
2026-01-02 08:00:00,2026,1,2,8,-9,-5.0,1021.0,NW,3.13,0,0,107.0
2026-01-02 09:00:00,2026,1,2,9,-7,-2.0,1021.0,NW,4.92,0,0,114.0
2026-01-02 10:00:00,2026,1,2,10,-7,2.0,1021.0,NW,6.71,0,0,108.0
2026-01-02 11:00:00,2026,1,2,11,-8,4.0,1020.0,cv,0.89,0,0,102.0
2026-01-02 12:00:00,2026,1,2,12,-8,5.0,1019.0,cv,1.78,0,0,95.0
2026-01-02 13:00:00,2026,1,2,13,-9,7.0,1017.0,cv,2.67,0,0,127.0
2026-01-02 14:00:00,2026,1,2,14,-9,7.0,1016.0,cv,4.46,0,0,125.0
2026-01-02 15:00:00,2026,1,2,15,-10,7.0,1016.0,cv,5.35,0,0,128.0
2026-01-02 16:00:00,2026,1,2,16,-10,6.0,1016.0,cv,5.8,0,0,146.0
2026-01-02 17:00:00,2026,1,2,17,-9,4.0,1016.0,cv,6.69,0,0,165.0
2026-01-02 18:00:00,2026,1,2,18,-8,3.0,1016.0,cv,7.58,0,0,173.0
2026-01-02 19:00:00,2026,1,2,19,-9,1.0,1016.0,cv,8.47,0,0,195.0
2026-01-02 20:00:00,2026,1,2,20,-8,0.0,1017.0,cv,9.36,0,0,239.0
2026-01-02 21:00:00,2026,1,2,21,-8,0.0,1017.0,SE,0.89,0,0,232.0
2026-01-02 22:00:00,2026,1,2,22,-8,-1.0,1017.0,NE,1.79,0,0,242.0
2026-01-02 23:00:00,2026,1,2,23,-7,-1.0,1018.0,NW,4.02,0,0,269.0
2026-01-03 00:00:00,2026,1,3,0,-9,0.0,1018.0,NW,7.15,0,0,264.0
2026-01-03 01:00:00,2026,1,3,1,-9,1.0,1018.0,cv,0.45,0,0,220.0
2026-01-03 02:00:00,2026,1,3,2,-9,0.0,1019.0,NW,4.02,0,0,146.0
2026-01-03 03:00:00,2026,1,3,3,-9,1.0,1019.0,cv,0.89,0,0,34.0
2026-01-03 04:00:00,2026,1,3,4,-9,-2.0,1020.0,NW,3.13,0,0,34.0
2026-01-03 05:00:00,2026,1,3,5,-9,-1.0,1020.0,NW,7.15,0,0,35.0
2026-01-03 06:00:00,2026,1,3,6,-13,0.0,1020.0,cv,0.89,0,0,45.0
2026-01-03 07:00:00,2026,1,3,7,-13,-1.0,1022.0,NW,3.13,0,0,43.0
2026-01-03 08:00:00,2026,1,3,8,-12,-1.0,1023.0,NW,7.15,0,0,43.0
2026-01-03 09:00:00,2026,1,3,9,-13,4.0,1024.0,NW,11.17,0,0,36.0
2026-01-03 10:00:00,2026,1,3,10,-16,7.0,1025.0,NW,14.3,0,0,36.0
2026-01-03 11:00:00,2026,1,3,11,-16,8.0,1024.0,NW,17.43,0,0,23.0
2026-01-03 12:00:00,2026,1,3,12,-16,8.0,1023.0,NW,20.56,0,0,25.0
2026-01-03 13:00:00,2026,1,3,13,-17,9.0,1022.0,NW,22.35,0,0,29.0
2026-01-03 14:00:00,2026,1,3,14,-18,9.0,1022.0,NE,1.79,0,0,26.0
2026-01-03 15:00:00,2026,1,3,15,-17,8.0,1022.0,NE,3.58,0,0,21.0
2026-01-03 16:00:00,2026,1,3,16,-17,7.0,1022.0,SE,1.79,0,0,25.0
2026-01-03 17:00:00,2026,1,3,17,-17,5.0,1023.0,SE,3.58,0,0,31.0
2026-01-03 18:00:00,2026,1,3,18,-17,3.0,1023.0,cv,0.45,0,0,43.0
2026-01-03 19:00:00,2026,1,3,19,-17,3.0,1024.0,cv,1.34,0,0,46.0
2026-01-03 20:00:00,2026,1,3,20,-16,1.0,1024.0,cv,2.23,0,0,50.0
2026-01-03 21:00:00,2026,1,3,21,-13,-1.0,1024.0,cv,2.68,0,0,68.0
2026-01-03 22:00:00,2026,1,3,22,-11,-1.0,1025.0,SE,1.79,0,0,60.0
2026-01-03 23:00:00,2026,1,3,23,-8,-1.0,1025.0,SE,4.92,0,0,103.0
2026-01-04 00:00:00,2026,1,4,0,-6,-1.0,1026.0,SE,6.71,0,0,85.0
2026-01-04 01:00:00,2026,1,4,1,-6,-2.0,1025.0,SE,8.5,0,0,86.0
2026-01-04 02:00:00,2026,1,4,2,-7,-2.0,1025.0,cv,0.89,0,0,89.0
2026-01-04 03:00:00,2026,1,4,3,-7,-2.0,1025.0,SE,1.79,0,0,77.0
2026-01-04 04:00:00,2026,1,4,4,-9,-5.0,1025.0,cv,0.45,0,0,77.0
2026-01-04 05:00:00,2026,1,4,5,-9,-5.0,1025.0,cv,1.34,0,0,75.0
2026-01-04 06:00:00,2026,1,4,6,-9,-6.0,1025.0,cv,1.79,0,0,80.0
2026-01-04 07:00:00,2026,1,4,7,-7,-4.0,1025.0,SE,0.89,0,0,86.0
2026-01-04 08:00:00,2026,1,4,8,-7,-3.0,1025.0,cv,0.89,0,0,95.0
2026-01-04 09:00:00,2026,1,4,9,-6,-2.0,1025.0,SE,0.89,0,0,101.0
2026-01-04 10:00:00,2026,1,4,10,-6,-1.0,1025.0,SE,1.78,0,0,132.0
2026-01-04 11:00:00,2026,1,4,11,-5,-1.0,1024.0,SE,3.57,0,0,153.0
2026-01-04 12:00:00,2026,1,4,12,-6,0.0,1023.0,NE,1.79,0,0,173.0
2026-01-04 13:00:00,2026,1,4,13,-7,1.0,1021.0,cv,0.89,0,0,178.0
2026-01-04 14:00:00,2026,1,4,14,-7,2.0,1020.0,SE,1.79,0,0,176.0
2026-01-04 15:00:00,2026,1,4,15,-7,2.0,1020.0,cv,0.89,0,0,209.0
2026-01-04 16:00:00,2026,1,4,16,-7,2.0,1020.0,NW,1.79,0,0,219.0
2026-01-04 17:00:00,2026,1,4,17,-7,1.0,1020.0,NW,3.58,0,0,224.0
2026-01-04 18:00:00,2026,1,4,18,-8,-2.0,1020.0,NW,6.71,0,0,212.0
2026-01-04 19:00:00,2026,1,4,19,-8,-3.0,1021.0,NW,8.5,0,0,221.0
2026-01-04 20:00:00,2026,1,4,20,-8,-4.0,1021.0,NW,10.29,0,0,221.0
2026-01-04 21:00:00,2026,1,4,21,-8,-4.0,1021.0,cv,0.89,0,0,217.0
2026-01-04 22:00:00,2026,1,4,22,-8,-4.0,1021.0,cv,1.78,0,0,203.0
2026-01-04 23:00:00,2026,1,4,23,-9,-5.0,1021.0,NW,1.79,0,0,221.0
2026-01-05 00:00:00,2026,1,5,0,-8,-4.0,1021.0,NW,3.58,0,0,192.0
2026-01-05 01:00:00,2026,1,5,1,-10,-6.0,1022.0,NW,6.71,0,0,183.0
2026-01-05 02:00:00,2026,1,5,2,-8,-5.0,1022.0,NW,10.73,0,0,175.0
2026-01-05 03:00:00,2026,1,5,3,-9,-6.0,1022.0,NW,14.75,0,0,177.0
2026-01-05 04:00:00,2026,1,5,4,-10,-7.0,1023.0,NW,17.88,0,0,183.0
2026-01-05 05:00:00,2026,1,5,5,-10,-7.0,1023.0,NW,22.8,0,0,155.0
2026-01-05 06:00:00,2026,1,5,6,-9,-6.0,1023.0,NW,26.82,0,0,151.0
2026-01-05 07:00:00,2026,1,5,7,-10,-7.0,1024.0,NW,29.95,0,0,137.0
2026-01-05 08:00:00,2026,1,5,8,-8,-4.0,1024.0,NW,34.87,0,0,109.0
2026-01-05 09:00:00,2026,1,5,9,-8,-2.0,1025.0,NW,39.79,0,0,140.0
2026-01-05 10:00:00,2026,1,5,10,-8,1.0,1026.0,NW,42.92,0,0,117.0
2026-01-05 11:00:00,2026,1,5,11,-12,5.0,1026.0,NW,46.05,0,0,128.0
2026-01-05 12:00:00,2026,1,5,12,-14,5.0,1025.0,NE,3.13,0,0,54.0
2026-01-05 13:00:00,2026,1,5,13,-14,5.0,1024.0,NE,6.26,0,0,34.0
2026-01-05 14:00:00,2026,1,5,14,-15,6.0,1024.0,NE,9.39,0,0,32.0
2026-01-05 15:00:00,2026,1,5,15,-15,6.0,1024.0,NE,12.52,0,0,28.0
2026-01-05 16:00:00,2026,1,5,16,-15,6.0,1024.0,SE,3.13,0,0,29.0
2026-01-05 17:00:00,2026,1,5,17,-15,3.0,1024.0,SE,4.92,0,0,37.0
2026-01-05 18:00:00,2026,1,5,18,-15,1.0,1025.0,SE,6.71,0,0,46.0
2026-01-05 19:00:00,2026,1,5,19,-12,-1.0,1025.0,cv,0.89,0,0,54.0
2026-01-05 20:00:00,2026,1,5,20,-12,-2.0,1026.0,cv,1.78,0,0,53.0
2026-01-05 21:00:00,2026,1,5,21,-12,0.0,1026.0,SE,4.02,0,0,47.0
2026-01-05 22:00:00,2026,1,5,22,-9,-1.0,1027.0,SE,7.15,0,0,112.0
2026-01-05 23:00:00,2026,1,5,23,-8,-2.0,1028.0,SE,8.94,0,0,125.0
2026-01-06 00:00:00,2026,1,6,0,-7,-3.0,1028.0,cv,0.89,0,0,128.0
2026-01-06 01:00:00,2026,1,6,1,-5,-2.0,1028.0,cv,1.78,0,0,126.0
2026-01-06 02:00:00,2026,1,6,2,-5,-1.0,1028.0,cv,2.67,0,0,153.0
2026-01-06 03:00:00,2026,1,6,3,-5,-1.0,1028.0,cv,3.12,1,0,157.0
2026-01-06 04:00:00,2026,1,6,4,-5,-1.0,1027.0,SE,0.89,2,0,144.0
2026-01-06 05:00:00,2026,1,6,5,-5,-1.0,1027.0,cv,0.89,3,0,138.0
2026-01-06 06:00:00,2026,1,6,6,-5,-1.0,1027.0,SE,1.79,0,0,128.0
2026-01-06 07:00:00,2026,1,6,7,-5,-1.0,1027.0,SE,3.58,0,0,126.0
2026-01-06 08:00:00,2026,1,6,8,-5,-1.0,1027.0,SE,5.37,0,0,126.0
2026-01-06 09:00:00,2026,1,6,9,-6,-1.0,1028.0,SE,8.5,1,0,159.0
2026-01-06 10:00:00,2026,1,6,10,-5,-1.0,1028.0,SE,11.63,2,0,149.0
2026-01-06 11:00:00,2026,1,6,11,-4,0.0,1027.0,SE,15.65,0,0,123.0
2026-01-06 12:00:00,2026,1,6,12,-4,0.0,1026.0,SE,18.78,0,0,150.0
2026-01-06 13:00:00,2026,1,6,13,-5,0.0,1025.0,SE,22.8,0,0,146.0
2026-01-06 14:00:00,2026,1,6,14,-5,0.0,1024.0,SE,25.93,0,0,145.0
2026-01-06 15:00:00,2026,1,6,15,-5,0.0,1024.0,SE,27.72,0,0,160.0
2026-01-06 16:00:00,2026,1,6,16,-5,0.0,1024.0,SE,29.51,0,0,148.0
2026-01-06 17:00:00,2026,1,6,17,-5,0.0,1024.0,SE,30.4,0,0,156.0
2026-01-06 18:00:00,2026,1,6,18,-7,-2.0,1024.0,SE,31.29,0,0,158.0
2026-01-06 19:00:00,2026,1,6,19,-6,-2.0,1024.0,NE,0.89,0,0,167.0
2026-01-06 20:00:00,2026,1,6,20,-5,-1.0,1025.0,SE,0.89,0,0,171.0
2026-01-06 21:00:00,2026,1,6,21,-6,-1.0,1025.0,SE,1.78,0,0,177.0
2026-01-06 22:00:00,2026,1,6,22,-6,-1.0,1025.0,NE,0.89,0,0,185.0
2026-01-06 23:00:00,2026,1,6,23,-6,-1.0,1024.0,cv,0.89,0,0,201.0
2026-01-07 00:00:00,2026,1,7,0,-6,-1.0,1024.0,cv,1.34,0,0,217.0
2026-01-07 01:00:00,2026,1,7,1,-6,-2.0,1024.0,NE,0.89,0,0,208.0
2026-01-07 02:00:00,2026,1,7,2,-7,-4.0,1024.0,cv,0.89,0,0,204.0
2026-01-07 03:00:00,2026,1,7,3,-7,-4.0,1025.0,NW,0.89,0,0,213.0
2026-01-07 04:00:00,2026,1,7,4,-6,-3.0,1025.0,NW,2.68,0,0,256.0
2026-01-07 05:00:00,2026,1,7,5,-6,-3.0,1024.0,NW,5.81,0,0,211.0
2026-01-07 06:00:00,2026,1,7,6,-8,-5.0,1024.0,NW,8.94,0,0,203.0
2026-01-07 07:00:00,2026,1,7,7,-7,-5.0,1025.0,NW,12.07,0,0,212.0
2026-01-07 08:00:00,2026,1,7,8,-6,-3.0,1026.0,NW,16.09,0,0,205.0
2026-01-07 09:00:00,2026,1,7,9,-7,-1.0,1027.0,NW,20.11,0,0,196.0
2026-01-07 10:00:00,2026,1,7,10,-8,1.0,1028.0,NW,24.13,0,0,182.0
2026-01-07 11:00:00,2026,1,7,11,-11,3.0,1027.0,NE,4.02,0,0,124.0
2026-01-07 12:00:00,2026,1,7,12,-14,3.0,1027.0,NE,8.94,0,0,102.0
2026-01-07 13:00:00,2026,1,7,13,-14,5.0,1026.0,NE,12.96,0,0,77.0
2026-01-07 14:00:00,2026,1,7,14,-16,5.0,1026.0,NE,16.98,0,0,48.0
2026-01-07 15:00:00,2026,1,7,15,-16,5.0,1026.0,NW,3.13,0,0,38.0
2026-01-07 16:00:00,2026,1,7,16,-16,5.0,1027.0,NE,1.79,0,0,31.0
2026-01-07 17:00:00,2026,1,7,17,-16,4.0,1028.0,NW,1.79,0,0,27.0
2026-01-07 18:00:00,2026,1,7,18,-16,4.0,1028.0,NW,4.92,0,0,33.0
2026-01-07 19:00:00,2026,1,7,19,-16,-1.0,1029.0,NW,8.94,0,0,35.0
2026-01-07 20:00:00,2026,1,7,20,-19,-1.0,1030.0,NW,12.07,0,0,29.0
2026-01-07 21:00:00,2026,1,7,21,-20,0.0,1031.0,NW,16.09,0,0,24.0
2026-01-07 22:00:00,2026,1,7,22,-25,0.0,1032.0,NW,20.11,0,0,26.0
2026-01-07 23:00:00,2026,1,7,23,-21,-4.0,1032.0,NW,24.13,0,0,11.0
2026-01-08 00:00:00,2026,1,8,0,-22,-3.0,1032.0,NW,28.15,0,0,14.0
2026-01-08 01:00:00,2026,1,8,1,-21,-4.0,1033.0,NW,31.28,0,0,12.0
2026-01-08 02:00:00,2026,1,8,2,-21,-4.0,1033.0,NW,34.41,0,0,9.0
2026-01-08 03:00:00,2026,1,8,3,-20,-4.0,1033.0,NW,39.33,0,0,11.0
2026-01-08 04:00:00,2026,1,8,4,-20,-5.0,1034.0,NW,43.35,0,0,15.0
2026-01-08 05:00:00,2026,1,8,5,-20,-5.0,1034.0,NE,1.79,0,0,13.0
2026-01-08 06:00:00,2026,1,8,6,-21,-6.0,1034.0,NW,1.79,0,0,15.0
2026-01-08 07:00:00,2026,1,8,7,-20,-6.0,1034.0,NW,6.71,0,0,17.0
2026-01-08 08:00:00,2026,1,8,8,-20,-5.0,1035.0,NE,4.02,0,0,19.0
2026-01-08 09:00:00,2026,1,8,9,-21,-5.0,1036.0,NW,3.13,0,0,18.0
2026-01-08 10:00:00,2026,1,8,10,-20,-2.0,1036.0,NW,7.15,0,0,21.0
2026-01-08 11:00:00,2026,1,8,11,-21,-1.0,1035.0,cv,1.79,0,0,17.0
2026-01-08 12:00:00,2026,1,8,12,-28,0.0,1034.0,NW,8.94,0,0,22.0
2026-01-08 13:00:00,2026,1,8,13,-27,1.0,1033.0,NW,16.09,0,0,23.0
2026-01-08 14:00:00,2026,1,8,14,-25,0.0,1032.0,NW,21.9,0,0,16.0
2026-01-08 15:00:00,2026,1,8,15,-26,0.0,1032.0,NW,27.71,0,0,22.0
2026-01-08 16:00:00,2026,1,8,16,-25,0.0,1032.0,NW,33.52,0,0,18.0
2026-01-08 17:00:00,2026,1,8,17,-26,-1.0,1033.0,NW,39.33,0,0,17.0
2026-01-08 18:00:00,2026,1,8,18,-26,-2.0,1033.0,NW,44.25,0,0,21.0
2026-01-08 19:00:00,2026,1,8,19,-25,-2.0,1033.0,NW,49.17,0,0,23.0
2026-01-08 20:00:00,2026,1,8,20,-25,-5.0,1034.0,NW,54.09,0,0,22.0
2026-01-08 21:00:00,2026,1,8,21,-25,-7.0,1034.0,NW,58.11,0,0,21.0
2026-01-08 22:00:00,2026,1,8,22,-23,-8.0,1034.0,NW,59.9,0,0,23.0
2026-01-08 23:00:00,2026,1,8,23,-24,-7.0,1034.0,SE,1.79,0,0,53.0
2026-01-09 00:00:00,2026,1,9,0,-23,-10.0,1034.0,cv,0.89,0,0,66.0
2026-01-09 01:00:00,2026,1,9,1,-23,-10.0,1033.0,NW,1.79,0,0,52.0
2026-01-09 02:00:00,2026,1,9,2,-23,-9.0,1033.0,NW,3.58,0,0,30.0
2026-01-09 03:00:00,2026,1,9,3,-23,-11.0,1033.0,NW,6.71,0,0,10.0
2026-01-09 04:00:00,2026,1,9,4,-23,-8.0,1033.0,NW,9.84,0,0,10.0
2026-01-09 05:00:00,2026,1,9,5,-26,-6.0,1033.0,NW,14.76,0,0,13.0
2026-01-09 06:00:00,2026,1,9,6,-25,-7.0,1033.0,NW,18.78,0,0,11.0
2026-01-09 07:00:00,2026,1,9,7,-25,-9.0,1033.0,NW,20.57,0,0,14.0
2026-01-09 08:00:00,2026,1,9,8,-24,-9.0,1034.0,NW,23.7,0,0,20.0
2026-01-09 09:00:00,2026,1,9,9,-25,-4.0,1035.0,NW,27.72,0,0,22.0
2026-01-09 10:00:00,2026,1,9,10,-26,-3.0,1035.0,NW,31.74,0,0,23.0
2026-01-09 11:00:00,2026,1,9,11,-28,-2.0,1034.0,NW,37.55,0,0,20.0
2026-01-09 12:00:00,2026,1,9,12,-28,0.0,1032.0,NW,42.47,0,0,17.0
2026-01-09 13:00:00,2026,1,9,13,-32,0.0,1031.0,NW,48.28,0,0,14.0
2026-01-09 14:00:00,2026,1,9,14,-33,1.0,1029.0,NW,54.09,0,0,10.0
2026-01-09 15:00:00,2026,1,9,15,-35,1.0,1029.0,NW,61.24,0,0,10.0
2026-01-09 16:00:00,2026,1,9,16,-34,1.0,1029.0,NW,67.05,0,0,27.0
2026-01-09 17:00:00,2026,1,9,17,-26,0.0,1029.0,SE,4.92,0,0,44.0
2026-01-09 18:00:00,2026,1,9,18,-24,-1.0,1029.0,SE,8.05,0,0,53.0
2026-01-09 19:00:00,2026,1,9,19,-23,-2.0,1030.0,SE,9.84,0,0,59.0
2026-01-09 20:00:00,2026,1,9,20,-22,-2.0,1030.0,SE,12.97,0,0,56.0
2026-01-09 21:00:00,2026,1,9,21,-23,-2.0,1030.0,SE,14.76,0,0,58.0
2026-01-09 22:00:00,2026,1,9,22,-24,-6.0,1031.0,cv,0.89,0,0,66.0
2026-01-09 23:00:00,2026,1,9,23,-21,-8.0,1031.0,NE,0.89,0,0,73.0
2026-01-10 00:00:00,2026,1,10,0,-20,-9.0,1031.0,cv,0.89,0,0,83.0
2026-01-10 01:00:00,2026,1,10,1,-20,-9.0,1031.0,cv,1.78,0,0,81.0
2026-01-10 02:00:00,2026,1,10,2,-22,-12.0,1031.0,NW,1.79,0,0,91.0
2026-01-10 03:00:00,2026,1,10,3,-22,-11.0,1031.0,NW,3.58,0,0,104.0
2026-01-10 04:00:00,2026,1,10,4,-22,-12.0,1031.0,NW,5.37,0,0,88.0
2026-01-10 05:00:00,2026,1,10,5,-23,-13.0,1031.0,NW,7.16,0,0,85.0
2026-01-10 06:00:00,2026,1,10,6,-22,-13.0,1031.0,NW,10.29,0,0,66.0
2026-01-10 07:00:00,2026,1,10,7,-23,-13.0,1031.0,NW,13.42,0,0,47.0
2026-01-10 08:00:00,2026,1,10,8,-22,-11.0,1031.0,cv,0.89,0,0,70.0
2026-01-10 09:00:00,2026,1,10,9,-21,-8.0,1032.0,NW,1.79,0,0,61.0
2026-01-10 10:00:00,2026,1,10,10,-22,-5.0,1032.0,cv,0.89,0,0,47.0
2026-01-10 11:00:00,2026,1,10,11,-23,-2.0,1032.0,cv,1.78,0,0,61.0
2026-01-10 12:00:00,2026,1,10,12,-25,0.0,1031.0,cv,2.67,0,0,69.0
2026-01-10 13:00:00,2026,1,10,13,-27,3.0,1030.0,NW,1.79,0,0,66.0
2026-01-10 14:00:00,2026,1,10,14,-28,3.0,1029.0,NW,3.58,0,0,63.0
2026-01-10 15:00:00,2026,1,10,15,-27,4.0,1029.0,SE,1.79,0,0,43.0
2026-01-10 16:00:00,2026,1,10,16,-29,5.0,1029.0,NW,4.92,0,0,48.0
2026-01-10 17:00:00,2026,1,10,17,-26,2.0,1029.0,SE,4.02,0,0,67.0
2026-01-10 18:00:00,2026,1,10,18,-26,1.0,1030.0,SE,8.04,0,0,87.0
2026-01-10 19:00:00,2026,1,10,19,-25,1.0,1030.0,SE,12.06,0,0,127.0
2026-01-10 20:00:00,2026,1,10,20,-20,-3.0,1031.0,cv,0.89,0,0,126.0
2026-01-10 21:00:00,2026,1,10,21,-24,1.0,1031.0,cv,1.78,0,0,126.0
2026-01-10 22:00:00,2026,1,10,22,-19,-5.0,1032.0,SE,1.79,0,0,106.0
2026-01-10 23:00:00,2026,1,10,23,-20,-8.0,1032.0,SE,2.68,0,0,104.0
2026-01-11 00:00:00,2026,1,11,0,-19,-9.0,1032.0,NE,0.89,0,0,118.0
2026-01-11 01:00:00,2026,1,11,1,-19,-9.0,1032.0,NE,1.78,0,0,141.0
2026-01-11 02:00:00,2026,1,11,2,-19,-9.0,1032.0,NW,1.79,0,0,199.0
2026-01-11 03:00:00,2026,1,11,3,-19,-10.0,1032.0,NW,2.68,0,0,262.0
2026-01-11 04:00:00,2026,1,11,4,-21,-10.0,1032.0,NW,4.47,0,0,234.0
2026-01-11 05:00:00,2026,1,11,5,-19,-11.0,1032.0,cv,0.89,0,0,221.0
2026-01-11 06:00:00,2026,1,11,6,-20,-12.0,1031.0,NW,0.89,0,0,177.0
2026-01-11 07:00:00,2026,1,11,7,-20,-11.0,1031.0,NW,4.02,0,0,135.0
2026-01-11 08:00:00,2026,1,11,8,-20,-11.0,1032.0,NE,1.79,0,0,108.0
2026-01-11 09:00:00,2026,1,11,9,-18,-7.0,1032.0,cv,0.89,0,0,97.0
2026-01-11 10:00:00,2026,1,11,10,-20,-3.0,1032.0,NW,1.79,0,0,87.0
2026-01-11 11:00:00,2026,1,11,11,-21,-1.0,1031.0,NW,3.58,0,0,85.0
2026-01-11 12:00:00,2026,1,11,12,-25,1.0,1030.0,NW,5.37,0,0,81.0
2026-01-11 13:00:00,2026,1,11,13,-25,3.0,1029.0,cv,1.79,0,0,82.0
2026-01-11 14:00:00,2026,1,11,14,-25,5.0,1028.0,NW,1.79,0,0,81.0
2026-01-11 15:00:00,2026,1,11,15,-27,5.0,1027.0,cv,1.79,0,0,111.0
2026-01-11 16:00:00,2026,1,11,16,-25,4.0,1027.0,SE,4.02,0,0,143.0
2026-01-11 17:00:00,2026,1,11,17,-22,2.0,1027.0,SE,7.15,0,0,153.0
2026-01-11 18:00:00,2026,1,11,18,-21,2.0,1028.0,SE,11.17,0,0,189.0
2026-01-11 19:00:00,2026,1,11,19,-19,2.0,1029.0,SE,14.3,0,0,244.0
2026-01-11 20:00:00,2026,1,11,20,-18,-4.0,1029.0,NW,0.89,0,0,273.0
2026-01-11 21:00:00,2026,1,11,21,-19,-5.0,1030.0,NW,2.68,0,0,218.0
2026-01-11 22:00:00,2026,1,11,22,-19,-1.0,1031.0,NW,6.7,0,0,227.0
2026-01-11 23:00:00,2026,1,11,23,-19,-2.0,1032.0,cv,0.89,0,0,95.0
2026-01-12 00:00:00,2026,1,12,0,-22,1.0,1032.0,NW,8.94,0,0,20.0
2026-01-12 01:00:00,2026,1,12,1,-21,-1.0,1033.0,NW,16.09,0,0,
2026-01-12 02:00:00,2026,1,12,2,-24,-1.0,1034.0,NW,24.14,0,0,
2026-01-12 03:00:00,2026,1,12,3,-22,-3.0,1035.0,NW,29.95,0,0,
2026-01-12 04:00:00,2026,1,12,4,-23,-6.0,1035.0,NW,33.97,0,0,
2026-01-12 05:00:00,2026,1,12,5,-22,-7.0,1035.0,NW,37.99,0,0,
2026-01-12 06:00:00,2026,1,12,6,-24,-6.0,1036.0,NW,39.78,0,0,12.0
2026-01-12 07:00:00,2026,1,12,7,-23,-7.0,1037.0,NW,42.91,0,0,12.0
2026-01-12 08:00:00,2026,1,12,8,-22,-6.0,1038.0,cv,0.89,0,0,17.0
2026-01-12 09:00:00,2026,1,12,9,-22,-2.0,1039.0,NW,1.79,0,0,33.0
2026-01-12 10:00:00,2026,1,12,10,-23,0.0,1039.0,NW,3.58,0,0,22.0
2026-01-12 11:00:00,2026,1,12,11,-26,1.0,1039.0,NE,1.79,0,0,20.0
2026-01-12 12:00:00,2026,1,12,12,-26,1.0,1038.0,cv,0.89,0,0,10.0
2026-01-12 13:00:00,2026,1,12,13,-27,2.0,1036.0,NW,4.02,0,0,14.0
2026-01-12 14:00:00,2026,1,12,14,-27,2.0,1036.0,NW,8.04,0,0,12.0
2026-01-12 15:00:00,2026,1,12,15,-27,4.0,1035.0,NW,12.06,0,0,12.0
2026-01-12 16:00:00,2026,1,12,16,-27,3.0,1035.0,NW,16.98,0,0,8.0
2026-01-12 17:00:00,2026,1,12,17,-27,2.0,1035.0,cv,3.13,0,0,19.0
2026-01-12 18:00:00,2026,1,12,18,-26,1.0,1035.0,SE,3.13,0,0,40.0
2026-01-12 19:00:00,2026,1,12,19,-25,0.0,1035.0,SE,7.15,0,0,37.0
2026-01-12 20:00:00,2026,1,12,20,-22,-2.0,1035.0,cv,0.45,0,0,42.0
2026-01-12 21:00:00,2026,1,12,21,-22,-4.0,1035.0,cv,1.34,0,0,56.0
2026-01-12 22:00:00,2026,1,12,22,-21,-8.0,1035.0,NW,3.13,0,0,62.0
2026-01-12 23:00:00,2026,1,12,23,-22,-9.0,1035.0,NE,0.89,0,0,57.0
2026-01-13 00:00:00,2026,1,13,0,-19,-9.0,1034.0,cv,0.89,0,0,57.0
2026-01-13 01:00:00,2026,1,13,1,-20,-9.0,1034.0,NW,1.79,0,0,75.0
2026-01-13 02:00:00,2026,1,13,2,-20,-9.0,1034.0,cv,0.89,0,0,96.0
2026-01-13 03:00:00,2026,1,13,3,-18,-9.0,1034.0,NW,1.79,0,0,110.0
2026-01-13 04:00:00,2026,1,13,4,-20,-11.0,1033.0,NW,3.58,0,0,97.0
2026-01-13 05:00:00,2026,1,13,5,-20,-11.0,1033.0,NW,5.37,0,0,105.0
2026-01-13 06:00:00,2026,1,13,6,-19,-12.0,1033.0,NE,0.89,0,0,84.0
2026-01-13 07:00:00,2026,1,13,7,-19,-11.0,1033.0,NW,1.79,0,0,106.0
2026-01-13 08:00:00,2026,1,13,8,-19,-11.0,1033.0,NE,0.89,0,0,112.0
2026-01-13 09:00:00,2026,1,13,9,-17,-8.0,1034.0,NE,2.68,0,0,120.0
2026-01-13 10:00:00,2026,1,13,10,-18,-4.0,1033.0,cv,0.89,0,0,117.0
2026-01-13 11:00:00,2026,1,13,11,-18,-1.0,1033.0,cv,1.78,0,0,118.0
2026-01-13 12:00:00,2026,1,13,12,-19,0.0,1031.0,cv,2.67,0,0,106.0
2026-01-13 13:00:00,2026,1,13,13,-23,1.0,1030.0,cv,3.56,0,0,96.0
2026-01-13 14:00:00,2026,1,13,14,-22,2.0,1029.0,cv,4.45,0,0,82.0
2026-01-13 15:00:00,2026,1,13,15,-23,3.0,1029.0,SE,1.79,0,0,63.0
2026-01-13 16:00:00,2026,1,13,16,-23,3.0,1029.0,cv,0.89,0,0,79.0
2026-01-13 17:00:00,2026,1,13,17,-22,0.0,1029.0,SE,0.89,0,0,125.0
2026-01-13 18:00:00,2026,1,13,18,-20,-2.0,1030.0,cv,0.89,0,0,119.0
2026-01-13 19:00:00,2026,1,13,19,-19,-6.0,1030.0,NE,1.79,0,0,115.0
2026-01-13 20:00:00,2026,1,13,20,-16,-6.0,1031.0,SE,1.79,0,0,131.0
2026-01-13 21:00:00,2026,1,13,21,-18,-7.0,1031.0,NE,1.79,0,0,177.0
2026-01-13 22:00:00,2026,1,13,22,-17,-7.0,1032.0,SE,0.89,0,0,287.0
2026-01-13 23:00:00,2026,1,13,23,-19,-8.0,1032.0,NE,1.79,0,0,299.0
2026-01-14 00:00:00,2026,1,14,0,-18,-7.0,1033.0,NW,1.79,0,0,250.0
2026-01-14 01:00:00,2026,1,14,1,-19,-8.0,1033.0,NW,3.58,0,0,159.0
2026-01-14 02:00:00,2026,1,14,2,-20,-9.0,1033.0,NW,6.71,0,0,124.0
2026-01-14 03:00:00,2026,1,14,3,-19,-8.0,1034.0,NW,11.63,0,0,123.0
2026-01-14 04:00:00,2026,1,14,4,-21,-10.0,1034.0,NW,15.65,0,0,49.0
2026-01-14 05:00:00,2026,1,14,5,-19,-9.0,1034.0,cv,0.89,0,0,36.0
2026-01-14 06:00:00,2026,1,14,6,-20,-9.0,1034.0,cv,1.78,0,0,59.0
2026-01-14 07:00:00,2026,1,14,7,-18,-9.0,1035.0,cv,2.67,0,0,85.0
2026-01-14 08:00:00,2026,1,14,8,-18,-11.0,1035.0,NW,1.79,0,0,170.0
2026-01-14 09:00:00,2026,1,14,9,-15,-7.0,1036.0,NW,3.58,0,0,180.0
2026-01-14 10:00:00,2026,1,14,10,-12,-2.0,1036.0,NW,5.37,0,0,227.0
2026-01-14 11:00:00,2026,1,14,11,-20,-1.0,1036.0,cv,0.89,0,0,199.0
2026-01-14 12:00:00,2026,1,14,12,-23,1.0,1035.0,cv,1.78,0,0,168.0
2026-01-14 13:00:00,2026,1,14,13,-24,2.0,1033.0,cv,2.67,0,0,93.0
2026-01-14 14:00:00,2026,1,14,14,-23,3.0,1033.0,NW,1.79,0,0,80.0
2026-01-14 15:00:00,2026,1,14,15,-22,3.0,1033.0,cv,1.79,0,0,111.0
2026-01-14 16:00:00,2026,1,14,16,-19,3.0,1032.0,SE,3.13,0,0,133.0
2026-01-14 17:00:00,2026,1,14,17,-17,1.0,1033.0,SE,6.26,0,0,135.0
2026-01-14 18:00:00,2026,1,14,18,-16,0.0,1033.0,SE,9.39,0,0,94.0
2026-01-14 19:00:00,2026,1,14,19,-17,0.0,1033.0,SE,12.52,0,0,103.0
2026-01-14 20:00:00,2026,1,14,20,-16,1.0,1033.0,cv,1.79,0,0,92.0
2026-01-14 21:00:00,2026,1,14,21,-15,-5.0,1034.0,cv,2.68,0,0,93.0
2026-01-14 22:00:00,2026,1,14,22,-14,-5.0,1034.0,cv,3.57,0,0,109.0
2026-01-14 23:00:00,2026,1,14,23,-14,-6.0,1034.0,cv,4.46,0,0,122.0
2026-01-15 00:00:00,2026,1,15,0,-13,-7.0,1033.0,cv,5.35,0,0,123.0
2026-01-15 01:00:00,2026,1,15,1,-14,-8.0,1033.0,NW,0.89,0,0,122.0
2026-01-15 02:00:00,2026,1,15,2,-15,-7.0,1034.0,NW,2.68,0,0,172.0
2026-01-15 03:00:00,2026,1,15,3,-17,-10.0,1033.0,NW,4.47,0,0,213.0
2026-01-15 04:00:00,2026,1,15,4,-17,-10.0,1033.0,NW,6.26,0,0,196.0
2026-01-15 05:00:00,2026,1,15,5,-18,-10.0,1033.0,cv,0.89,0,0,158.0
2026-01-15 06:00:00,2026,1,15,6,-19,-10.0,1032.0,cv,1.78,0,0,103.0
2026-01-15 07:00:00,2026,1,15,7,-18,-10.0,1033.0,NW,3.13,0,0,90.0
2026-01-15 08:00:00,2026,1,15,8,-18,-7.0,1033.0,NW,4.92,0,0,70.0
2026-01-15 09:00:00,2026,1,15,9,-18,-5.0,1033.0,NW,8.05,0,0,67.0
2026-01-15 10:00:00,2026,1,15,10,-17,-2.0,1033.0,NW,12.07,0,0,66.0
2026-01-15 11:00:00,2026,1,15,11,-18,0.0,1033.0,NW,13.86,0,0,52.0
2026-01-15 12:00:00,2026,1,15,12,-20,2.0,1032.0,cv,1.79,0,0,55.0
2026-01-15 13:00:00,2026,1,15,13,-22,5.0,1030.0,cv,2.68,0,0,51.0
2026-01-15 14:00:00,2026,1,15,14,-22,5.0,1029.0,cv,3.57,0,0,47.0
2026-01-15 15:00:00,2026,1,15,15,-22,5.0,1029.0,cv,5.36,0,0,48.0
2026-01-15 16:00:00,2026,1,15,16,-23,5.0,1029.0,cv,6.25,0,0,60.0
2026-01-15 17:00:00,2026,1,15,17,-23,2.0,1028.0,SE,1.79,0,0,88.0
2026-01-15 18:00:00,2026,1,15,18,-16,2.0,1029.0,SE,5.81,0,0,279.0
2026-01-15 19:00:00,2026,1,15,19,-15,0.0,1029.0,SE,8.94,0,0,435.0
2026-01-15 20:00:00,2026,1,15,20,-13,-2.0,1029.0,cv,0.89,0,0,489.0
2026-01-15 21:00:00,2026,1,15,21,-11,-2.0,1029.0,cv,1.78,0,0,513.0
2026-01-15 22:00:00,2026,1,15,22,-11,-2.0,1028.0,SE,1.79,0,0,539.0
2026-01-15 23:00:00,2026,1,15,23,-10,-2.0,1029.0,cv,0.89,0,0,567.0
2026-01-16 00:00:00,2026,1,16,0,-10,-3.0,1028.0,SE,1.79,0,0,569.0
2026-01-16 01:00:00,2026,1,16,1,-9,-3.0,1027.0,cv,0.89,0,0,659.0
2026-01-16 02:00:00,2026,1,16,2,-9,-3.0,1027.0,cv,1.78,0,0,648.0
2026-01-16 03:00:00,2026,1,16,3,-8,-3.0,1027.0,cv,2.67,0,0,651.0
2026-01-16 04:00:00,2026,1,16,4,-7,-3.0,1027.0,NE,1.79,0,0,671.0
2026-01-16 05:00:00,2026,1,16,5,-7,-3.0,1026.0,SE,1.79,0,0,623.0
2026-01-16 06:00:00,2026,1,16,6,-7,-4.0,1027.0,NW,0.89,0,0,618.0
2026-01-16 07:00:00,2026,1,16,7,-7,-4.0,1027.0,NW,1.78,0,0,532.0
2026-01-16 08:00:00,2026,1,16,8,-8,-5.0,1028.0,NW,3.57,0,0,477.0
2026-01-16 09:00:00,2026,1,16,9,-8,-5.0,1028.0,NW,5.36,0,0,479.0
2026-01-16 10:00:00,2026,1,16,10,-6,-2.0,1028.0,cv,0.89,0,0,490.0
2026-01-16 11:00:00,2026,1,16,11,-11,1.0,1028.0,NE,1.79,0,0,476.0
2026-01-16 12:00:00,2026,1,16,12,-11,2.0,1027.0,NE,5.81,0,0,457.0
2026-01-16 13:00:00,2026,1,16,13,-10,3.0,1027.0,NE,8.94,0,0,327.0
2026-01-16 14:00:00,2026,1,16,14,-11,4.0,1026.0,SE,1.79,0,0,161.0
2026-01-16 15:00:00,2026,1,16,15,-15,5.0,1027.0,SE,3.58,0,0,286.0
2026-01-16 16:00:00,2026,1,16,16,-14,5.0,1027.0,SE,5.37,0,0,298.0
2026-01-16 17:00:00,2026,1,16,17,-11,3.0,1027.0,SE,7.16,0,0,310.0
2026-01-16 18:00:00,2026,1,16,18,-7,0.0,1029.0,SE,10.29,0,0,332.0
2026-01-16 19:00:00,2026,1,16,19,-7,-2.0,1029.0,SE,12.08,0,0,391.0
2026-01-16 20:00:00,2026,1,16,20,-6,-1.0,1030.0,SE,13.87,0,0,437.0
2026-01-16 21:00:00,2026,1,16,21,-5,-1.0,1031.0,cv,0.89,0,0,422.0
2026-01-16 22:00:00,2026,1,16,22,-5,-2.0,1031.0,SE,1.79,0,0,320.0
2026-01-16 23:00:00,2026,1,16,23,-4,-1.0,1031.0,SE,3.58,0,0,346.0
2026-01-17 00:00:00,2026,1,17,0,-4,-1.0,1031.0,SE,7.6,0,0,351.0
2026-01-17 01:00:00,2026,1,17,1,-5,-2.0,1031.0,SE,10.73,0,0,297.0
2026-01-17 02:00:00,2026,1,17,2,-5,-2.0,1031.0,SE,13.86,0,0,290.0
2026-01-17 03:00:00,2026,1,17,3,-7,-2.0,1031.0,SE,18.78,1,0,250.0
2026-01-17 04:00:00,2026,1,17,4,-10,-2.0,1031.0,SE,23.7,2,0,170.0
2026-01-17 05:00:00,2026,1,17,5,-10,-3.0,1031.0,SE,29.51,0,0,103.0
2026-01-17 06:00:00,2026,1,17,6,-10,-3.0,1031.0,SE,34.43,0,0,79.0
2026-01-17 07:00:00,2026,1,17,7,-10,-3.0,1032.0,cv,0.89,1,0,73.0
2026-01-17 08:00:00,2026,1,17,8,-10,-3.0,1032.0,SE,1.79,0,0,74.0
2026-01-17 09:00:00,2026,1,17,9,-10,-3.0,1033.0,SE,3.58,0,0,77.0
2026-01-17 10:00:00,2026,1,17,10,-10,-2.0,1033.0,SE,5.37,0,0,81.0
2026-01-17 11:00:00,2026,1,17,11,-9,0.0,1033.0,cv,0.89,0,0,95.0
2026-01-17 12:00:00,2026,1,17,12,-10,1.0,1032.0,SE,1.79,0,0,115.0
2026-01-17 13:00:00,2026,1,17,13,-11,3.0,1031.0,cv,0.89,0,0,77.0
2026-01-17 14:00:00,2026,1,17,14,-13,5.0,1030.0,cv,2.68,0,0,67.0
2026-01-17 15:00:00,2026,1,17,15,-21,5.0,1030.0,NW,7.15,0,0,13.0
2026-01-17 16:00:00,2026,1,17,16,-21,5.0,1030.0,NW,14.3,0,0,12.0
2026-01-17 17:00:00,2026,1,17,17,-22,4.0,1030.0,NW,21.45,0,0,10.0
2026-01-17 18:00:00,2026,1,17,18,-23,4.0,1031.0,NW,28.6,0,0,195.0
2026-01-17 19:00:00,2026,1,17,19,-22,3.0,1031.0,NW,32.62,0,0,238.0
2026-01-17 20:00:00,2026,1,17,20,-22,3.0,1031.0,NW,36.64,0,0,293.0
2026-01-17 21:00:00,2026,1,17,21,-22,3.0,1032.0,NW,40.66,0,0,384.0
2026-01-17 22:00:00,2026,1,17,22,-18,-1.0,1032.0,NW,44.68,0,0,381.0
2026-01-17 23:00:00,2026,1,17,23,-23,3.0,1032.0,NW,49.6,0,0,296.0
2026-01-18 00:00:00,2026,1,18,0,-22,1.0,1032.0,NW,54.52,0,0,38.0
2026-01-18 01:00:00,2026,1,18,1,-20,-2.0,1032.0,NW,57.65,0,0,19.0
2026-01-18 02:00:00,2026,1,18,2,-21,2.0,1033.0,NW,63.46,0,0,22.0
2026-01-18 03:00:00,2026,1,18,3,-17,-1.0,1033.0,NW,68.38,0,0,20.0
2026-01-18 04:00:00,2026,1,18,4,-17,-4.0,1033.0,NW,73.3,0,0,14.0
2026-01-18 05:00:00,2026,1,18,5,-16,-5.0,1033.0,NE,1.79,0,0,23.0
2026-01-18 06:00:00,2026,1,18,6,-16,-8.0,1033.0,NE,3.58,0,0,19.0
2026-01-18 07:00:00,2026,1,18,7,-17,-6.0,1034.0,NE,6.71,0,0,22.0
2026-01-18 08:00:00,2026,1,18,8,-16,-5.0,1034.0,NW,3.13,0,0,33.0
2026-01-18 09:00:00,2026,1,18,9,-15,-1.0,1035.0,NW,6.26,0,0,42.0
2026-01-18 10:00:00,2026,1,18,10,-19,3.0,1035.0,NW,9.39,0,0,40.0
2026-01-18 11:00:00,2026,1,18,11,-20,4.0,1035.0,NE,4.02,0,0,43.0
2026-01-18 12:00:00,2026,1,18,12,-20,5.0,1034.0,cv,0.89,0,0,56.0
2026-01-18 13:00:00,2026,1,18,13,-21,6.0,1033.0,cv,2.68,0,0,57.0
2026-01-18 14:00:00,2026,1,18,14,-20,6.0,1032.0,SE,3.13,0,0,153.0
2026-01-18 15:00:00,2026,1,18,15,-19,6.0,1032.0,SE,7.15,0,0,108.0
2026-01-18 16:00:00,2026,1,18,16,-18,5.0,1031.0,SE,12.07,0,0,89.0
2026-01-18 17:00:00,2026,1,18,17,-18,3.0,1031.0,SE,16.09,0,0,87.0
2026-01-18 18:00:00,2026,1,18,18,-19,3.0,1032.0,SE,17.88,0,0,95.0
2026-01-18 19:00:00,2026,1,18,19,-16,1.0,1032.0,cv,0.89,0,0,111.0
2026-01-18 20:00:00,2026,1,18,20,-15,1.0,1031.0,SE,1.79,0,0,112.0
2026-01-18 21:00:00,2026,1,18,21,-14,1.0,1031.0,SE,5.81,0,0,145.0
2026-01-18 22:00:00,2026,1,18,22,-12,-2.0,1032.0,SE,7.6,0,0,184.0
2026-01-18 23:00:00,2026,1,18,23,-11,-2.0,1031.0,SE,11.62,0,0,178.0
2026-01-19 00:00:00,2026,1,19,0,-9,-2.0,1030.0,SE,15.64,0,0,170.0
2026-01-19 01:00:00,2026,1,19,1,-8,-2.0,1030.0,SE,19.66,0,0,161.0
2026-01-19 02:00:00,2026,1,19,2,-8,-2.0,1030.0,SE,21.45,0,0,133.0
2026-01-19 03:00:00,2026,1,19,3,-8,-2.0,1028.0,SE,24.58,0,0,114.0
2026-01-19 04:00:00,2026,1,19,4,-7,-2.0,1027.0,cv,0.89,0,0,112.0
2026-01-19 05:00:00,2026,1,19,5,-7,-3.0,1027.0,cv,1.78,0,0,114.0
2026-01-19 06:00:00,2026,1,19,6,-7,-3.0,1026.0,SE,1.79,0,0,130.0
2026-01-19 07:00:00,2026,1,19,7,-7,-2.0,1026.0,cv,0.89,0,0,133.0
2026-01-19 08:00:00,2026,1,19,8,-7,-3.0,1025.0,cv,1.78,0,0,143.0
2026-01-19 09:00:00,2026,1,19,9,-7,-2.0,1026.0,cv,2.67,0,0,137.0
2026-01-19 10:00:00,2026,1,19,10,-6,-2.0,1026.0,NW,1.79,0,0,143.0
2026-01-19 11:00:00,2026,1,19,11,-6,-1.0,1025.0,NW,3.58,0,0,145.0
2026-01-19 12:00:00,2026,1,19,12,-7,1.0,1023.0,cv,0.89,0,0,185.0
2026-01-19 13:00:00,2026,1,19,13,-8,2.0,1021.0,cv,2.68,0,0,198.0
2026-01-19 14:00:00,2026,1,19,14,-9,3.0,1020.0,SE,1.79,0,0,205.0
2026-01-19 15:00:00,2026,1,19,15,-9,3.0,1020.0,SE,4.92,0,0,195.0
2026-01-19 16:00:00,2026,1,19,16,-9,3.0,1020.0,SE,6.71,0,0,203.0
2026-01-19 17:00:00,2026,1,19,17,-9,1.0,1021.0,SE,8.5,0,0,209.0
2026-01-19 18:00:00,2026,1,19,18,-9,1.0,1022.0,cv,0.89,0,0,202.0
2026-01-19 19:00:00,2026,1,19,19,-21,5.0,1023.0,NW,12.07,0,0,28.0
2026-01-19 20:00:00,2026,1,19,20,-21,3.0,1024.0,NW,21.9,0,0,26.0
2026-01-19 21:00:00,2026,1,19,21,-21,2.0,1025.0,NW,29.95,0,0,22.0
2026-01-19 22:00:00,2026,1,19,22,-22,2.0,1026.0,NW,38.89,0,0,24.0
2026-01-19 23:00:00,2026,1,19,23,-21,1.0,1025.0,NW,46.04,0,0,16.0
2026-01-20 00:00:00,2026,1,20,0,-19,-1.0,1025.0,NW,50.06,0,0,16.0
2026-01-20 01:00:00,2026,1,20,1,-20,0.0,1026.0,NW,59.89,0,0,17.0
2026-01-20 02:00:00,2026,1,20,2,-21,-1.0,1027.0,NW,69.72,0,0,7.0
2026-01-20 03:00:00,2026,1,20,3,-23,-1.0,1027.0,NW,84.92,0,0,9.0
2026-01-20 04:00:00,2026,1,20,4,-22,-2.0,1027.0,NW,97.88,0,0,10.0
2026-01-20 05:00:00,2026,1,20,5,-21,-2.0,1028.0,NW,109.06,0,0,8.0
2026-01-20 06:00:00,2026,1,20,6,-21,-3.0,1028.0,NW,114.87,0,0,7.0
2026-01-20 07:00:00,2026,1,20,7,-21,-2.0,1028.0,NW,123.81,0,0,10.0
2026-01-20 08:00:00,2026,1,20,8,-21,-2.0,1029.0,NW,135.88,0,0,11.0
2026-01-20 09:00:00,2026,1,20,9,-21,-1.0,1029.0,NW,147.06,0,0,11.0
2026-01-20 10:00:00,2026,1,20,10,-23,0.0,1030.0,NW,159.13,0,0,10.0
2026-01-20 11:00:00,2026,1,20,11,-24,1.0,1030.0,NW,171.2,0,0,7.0
2026-01-20 12:00:00,2026,1,20,12,-25,2.0,1030.0,NW,183.27,0,0,9.0
2026-01-20 13:00:00,2026,1,20,13,-24,3.0,1029.0,NW,194.45,0,0,14.0
2026-01-20 14:00:00,2026,1,20,14,-24,4.0,1029.0,NW,207.41,0,0,13.0
2026-01-20 15:00:00,2026,1,20,15,-25,3.0,1029.0,NW,219.48,0,0,14.0
2026-01-20 16:00:00,2026,1,20,16,-24,3.0,1030.0,NW,230.66,0,0,9.0
2026-01-20 17:00:00,2026,1,20,17,-24,2.0,1030.0,NW,240.49,0,0,14.0
2026-01-20 18:00:00,2026,1,20,18,-24,1.0,1032.0,NW,250.32,0,0,9.0
2026-01-20 19:00:00,2026,1,20,19,-23,0.0,1032.0,NW,258.37,0,0,8.0
2026-01-20 20:00:00,2026,1,20,20,-20,0.0,1033.0,NW,265.52,0,0,10.0
2026-01-20 21:00:00,2026,1,20,21,-20,-1.0,1034.0,NW,272.67,0,0,8.0
2026-01-20 22:00:00,2026,1,20,22,-20,-1.0,1034.0,NW,277.59,0,0,9.0
2026-01-20 23:00:00,2026,1,20,23,-20,-1.0,1034.0,NW,284.74,0,0,11.0
2026-01-21 00:00:00,2026,1,21,0,-20,-2.0,1034.0,NW,291.89,0,0,11.0
2026-01-21 01:00:00,2026,1,21,1,-20,-3.0,1034.0,NW,297.7,0,0,10.0
2026-01-21 02:00:00,2026,1,21,2,-22,-2.0,1034.0,NW,306.64,0,0,15.0
2026-01-21 03:00:00,2026,1,21,3,-22,-6.0,1035.0,NW,310.66,0,0,13.0
2026-01-21 04:00:00,2026,1,21,4,-22,-4.0,1035.0,NW,315.58,0,0,16.0
2026-01-21 05:00:00,2026,1,21,5,-22,-6.0,1035.0,NW,318.71,0,0,13.0
2026-01-21 06:00:00,2026,1,21,6,-21,-5.0,1035.0,NW,323.63,0,0,18.0
2026-01-21 07:00:00,2026,1,21,7,-22,-5.0,1035.0,NW,328.55,0,0,18.0
2026-01-21 08:00:00,2026,1,21,8,-21,-5.0,1035.0,NE,3.13,0,0,22.0
2026-01-21 09:00:00,2026,1,21,9,-20,-3.0,1035.0,NE,6.26,0,0,23.0
2026-01-21 10:00:00,2026,1,21,10,-21,-1.0,1035.0,NW,3.13,0,0,24.0
2026-01-21 11:00:00,2026,1,21,11,-23,2.0,1035.0,NW,6.26,0,0,24.0
2026-01-21 12:00:00,2026,1,21,12,-24,2.0,1033.0,cv,0.89,0,0,23.0
2026-01-21 13:00:00,2026,1,21,13,-24,4.0,1032.0,NW,1.79,0,0,23.0
2026-01-21 14:00:00,2026,1,21,14,-25,4.0,1030.0,cv,3.13,0,0,42.0
2026-01-21 15:00:00,2026,1,21,15,-24,4.0,1030.0,SE,4.02,0,0,54.0
2026-01-21 16:00:00,2026,1,21,16,-24,3.0,1029.0,SE,8.94,0,0,48.0
2026-01-21 17:00:00,2026,1,21,17,-23,3.0,1029.0,SE,12.96,0,0,66.0
2026-01-21 18:00:00,2026,1,21,18,-24,1.0,1029.0,SE,16.09,0,0,56.0
2026-01-21 19:00:00,2026,1,21,19,-23,1.0,1029.0,SE,19.22,0,0,67.0
2026-01-21 20:00:00,2026,1,21,20,-20,-1.0,1028.0,SE,21.01,0,0,95.0
2026-01-21 21:00:00,2026,1,21,21,-19,-1.0,1028.0,SE,22.8,0,0,111.0
2026-01-21 22:00:00,2026,1,21,22,-18,-4.0,1028.0,cv,0.89,0,0,112.0
2026-01-21 23:00:00,2026,1,21,23,-18,-5.0,1027.0,NE,0.89,0,0,113.0
2026-01-22 00:00:00,2026,1,22,0,-18,-6.0,1027.0,SE,1.79,0,0,127.0
2026-01-22 01:00:00,2026,1,22,1,-19,-6.0,1026.0,NE,0.89,0,0,137.0
2026-01-22 02:00:00,2026,1,22,2,-18,-8.0,1026.0,NW,0.89,0,0,164.0
2026-01-22 03:00:00,2026,1,22,3,-18,-8.0,1026.0,NW,2.68,0,0,190.0
2026-01-22 04:00:00,2026,1,22,4,-18,-9.0,1025.0,NW,4.47,0,0,175.0
2026-01-22 05:00:00,2026,1,22,5,-18,-9.0,1025.0,NW,6.26,0,0,142.0
2026-01-22 06:00:00,2026,1,22,6,-17,-9.0,1025.0,NW,8.05,0,0,107.0
2026-01-22 07:00:00,2026,1,22,7,-19,-10.0,1025.0,NW,11.18,0,0,101.0
2026-01-22 08:00:00,2026,1,22,8,-18,-9.0,1025.0,NW,14.31,0,0,100.0
2026-01-22 09:00:00,2026,1,22,9,-16,-5.0,1025.0,cv,0.89,0,0,97.0
2026-01-22 10:00:00,2026,1,22,10,-18,-2.0,1025.0,NW,3.13,0,0,101.0
2026-01-22 11:00:00,2026,1,22,11,-20,0.0,1025.0,NW,4.92,0,0,105.0
2026-01-22 12:00:00,2026,1,22,12,-20,2.0,1024.0,cv,0.89,0,0,117.0
2026-01-22 13:00:00,2026,1,22,13,-20,3.0,1023.0,SE,1.79,0,0,119.0
2026-01-22 14:00:00,2026,1,22,14,-21,5.0,1021.0,cv,0.89,0,0,115.0
2026-01-22 15:00:00,2026,1,22,15,-22,5.0,1021.0,cv,1.78,0,0,125.0
2026-01-22 16:00:00,2026,1,22,16,-21,5.0,1021.0,SE,1.79,0,0,
2026-01-22 17:00:00,2026,1,22,17,-21,4.0,1021.0,cv,0.89,0,0,
2026-01-22 18:00:00,2026,1,22,18,-20,1.0,1021.0,cv,1.78,0,0,184.0
2026-01-22 19:00:00,2026,1,22,19,-16,-2.0,1021.0,SE,0.89,0,0,210.0
2026-01-22 20:00:00,2026,1,22,20,-16,-2.0,1022.0,SE,1.78,0,0,213.0
2026-01-22 21:00:00,2026,1,22,21,-16,-4.0,1022.0,SE,3.57,0,0,237.0
2026-01-22 22:00:00,2026,1,22,22,-17,-5.0,1022.0,NE,1.79,0,0,258.0
2026-01-22 23:00:00,2026,1,22,23,-15,-5.0,1022.0,SE,1.79,0,0,264.0
2026-01-23 00:00:00,2026,1,23,0,-16,-3.0,1021.0,SE,3.58,0,0,324.0
2026-01-23 01:00:00,2026,1,23,1,-16,-6.0,1021.0,NW,1.79,0,0,344.0
2026-01-23 02:00:00,2026,1,23,2,-15,-7.0,1020.0,cv,0.45,0,0,356.0
2026-01-23 03:00:00,2026,1,23,3,-15,-7.0,1020.0,cv,0.9,0,0,366.0
2026-01-23 04:00:00,2026,1,23,4,-15,-7.0,1020.0,NW,0.89,0,0,350.0
2026-01-23 05:00:00,2026,1,23,5,-16,-8.0,1019.0,cv,0.45,0,0,321.0
2026-01-23 06:00:00,2026,1,23,6,-15,-8.0,1018.0,NW,0.89,0,0,294.0
2026-01-23 07:00:00,2026,1,23,7,-16,-8.0,1018.0,NW,2.68,0,0,239.0
2026-01-23 08:00:00,2026,1,23,8,-15,-6.0,1018.0,NW,4.47,0,0,219.0
2026-01-23 09:00:00,2026,1,23,9,-13,-5.0,1018.0,cv,0.89,0,0,221.0
2026-01-23 10:00:00,2026,1,23,10,-14,-2.0,1017.0,cv,1.34,0,0,245.0
2026-01-23 11:00:00,2026,1,23,11,-16,0.0,1018.0,NW,1.79,0,0,311.0
2026-01-23 12:00:00,2026,1,23,12,-15,2.0,1016.0,cv,0.89,0,0,240.0
2026-01-23 13:00:00,2026,1,23,13,-15,2.0,1015.0,NE,1.79,0,0,235.0
2026-01-23 14:00:00,2026,1,23,14,-14,2.0,1014.0,cv,0.89,0,0,232.0
2026-01-23 15:00:00,2026,1,23,15,-14,3.0,1014.0,cv,1.78,0,0,238.0
2026-01-23 16:00:00,2026,1,23,16,-14,3.0,1013.0,cv,2.67,0,0,243.0
2026-01-23 17:00:00,2026,1,23,17,-14,1.0,1013.0,NE,0.89,0,0,282.0
2026-01-23 18:00:00,2026,1,23,18,-12,-1.0,1014.0,cv,0.89,0,0,310.0
2026-01-23 19:00:00,2026,1,23,19,-12,-4.0,1015.0,cv,1.78,0,0,295.0
2026-01-23 20:00:00,2026,1,23,20,-11,-3.0,1015.0,NW,0.89,0,0,301.0
2026-01-23 21:00:00,2026,1,23,21,-12,-5.0,1015.0,NE,1.79,0,0,325.0
2026-01-23 22:00:00,2026,1,23,22,-11,-4.0,1015.0,NW,0.89,0,0,319.0
2026-01-23 23:00:00,2026,1,23,23,-11,-3.0,1016.0,NW,2.68,0,0,335.0
2026-01-24 00:00:00,2026,1,24,0,-11,-3.0,1015.0,NW,4.47,0,0,301.0
2026-01-24 01:00:00,2026,1,24,1,-12,-3.0,1016.0,NW,6.26,0,0,312.0
2026-01-24 02:00:00,2026,1,24,2,-11,-3.0,1015.0,NW,8.05,0,0,316.0
2026-01-24 03:00:00,2026,1,24,3,-11,-3.0,1014.0,NW,11.18,0,0,296.0
2026-01-24 04:00:00,2026,1,24,4,-12,-2.0,1015.0,NW,12.97,0,0,270.0
2026-01-24 05:00:00,2026,1,24,5,-12,-3.0,1014.0,NW,16.99,0,0,252.0
2026-01-24 06:00:00,2026,1,24,6,-12,-3.0,1014.0,NW,21.91,0,0,234.0
2026-01-24 07:00:00,2026,1,24,7,-12,-3.0,1016.0,cv,0.89,0,0,233.0
2026-01-24 08:00:00,2026,1,24,8,-12,-3.0,1016.0,cv,1.78,0,0,241.0
2026-01-24 09:00:00,2026,1,24,9,-12,-1.0,1017.0,NW,1.79,0,0,231.0
2026-01-24 10:00:00,2026,1,24,10,-13,1.0,1017.0,NW,3.58,0,0,214.0
2026-01-24 11:00:00,2026,1,24,11,-16,4.0,1019.0,NW,6.71,0,0,210.0
2026-01-24 12:00:00,2026,1,24,12,-15,5.0,1018.0,NW,11.63,0,0,178.0
2026-01-24 13:00:00,2026,1,24,13,-16,7.0,1017.0,NW,15.65,0,0,142.0
2026-01-24 14:00:00,2026,1,24,14,-21,10.0,1016.0,NE,4.92,0,0,122.0
2026-01-24 15:00:00,2026,1,24,15,-22,10.0,1017.0,NE,8.94,0,0,59.0
2026-01-24 16:00:00,2026,1,24,16,-23,10.0,1017.0,NE,13.86,0,0,47.0
2026-01-24 17:00:00,2026,1,24,17,-24,9.0,1018.0,NE,17.88,0,0,40.0
2026-01-24 18:00:00,2026,1,24,18,-24,9.0,1019.0,NE,21.9,0,0,32.0
2026-01-24 19:00:00,2026,1,24,19,-25,8.0,1020.0,NE,25.92,0,0,48.0
2026-01-24 20:00:00,2026,1,24,20,-24,5.0,1021.0,NE,29.05,0,0,32.0
2026-01-24 21:00:00,2026,1,24,21,-23,4.0,1021.0,NW,3.13,0,0,25.0
2026-01-24 22:00:00,2026,1,24,22,-23,4.0,1021.0,NE,1.79,0,0,26.0
2026-01-24 23:00:00,2026,1,24,23,-21,1.0,1022.0,NW,4.02,0,0,43.0
2026-01-25 00:00:00,2026,1,25,0,-20,1.0,1023.0,NE,1.79,0,0,54.0
2026-01-25 01:00:00,2026,1,25,1,-19,-1.0,1022.0,NW,1.79,0,0,55.0
2026-01-25 02:00:00,2026,1,25,2,-17,-1.0,1023.0,cv,0.89,0,0,53.0
2026-01-25 03:00:00,2026,1,25,3,-17,-1.0,1023.0,cv,1.78,0,0,60.0
2026-01-25 04:00:00,2026,1,25,4,-17,-1.0,1023.0,NW,1.79,0,0,55.0
2026-01-25 05:00:00,2026,1,25,5,-15,-2.0,1023.0,NW,3.58,0,0,42.0
2026-01-25 06:00:00,2026,1,25,6,-19,1.0,1024.0,NW,6.71,0,0,36.0
2026-01-25 07:00:00,2026,1,25,7,-21,1.0,1025.0,NW,9.84,0,0,32.0
2026-01-25 08:00:00,2026,1,25,8,-20,0.0,1026.0,NW,12.97,0,0,14.0
2026-01-25 09:00:00,2026,1,25,9,-21,5.0,1027.0,NW,16.99,0,0,15.0
2026-01-25 10:00:00,2026,1,25,10,-20,6.0,1028.0,NE,4.02,0,0,18.0
2026-01-25 11:00:00,2026,1,25,11,-21,6.0,1028.0,NE,8.94,0,0,14.0
2026-01-25 12:00:00,2026,1,25,12,-22,6.0,1028.0,NE,14.75,0,0,15.0
2026-01-25 13:00:00,2026,1,25,13,-22,6.0,1027.0,NE,20.56,0,0,15.0
2026-01-25 14:00:00,2026,1,25,14,-24,6.0,1027.0,NE,26.37,0,0,14.0
2026-01-25 15:00:00,2026,1,25,15,-24,6.0,1027.0,NE,31.29,0,0,19.0
2026-01-25 16:00:00,2026,1,25,16,-24,5.0,1027.0,NE,35.31,0,0,17.0
2026-01-25 17:00:00,2026,1,25,17,-24,4.0,1028.0,SE,0.89,0,0,16.0
2026-01-25 18:00:00,2026,1,25,18,-23,0.0,1029.0,cv,0.89,0,0,14.0
2026-01-25 19:00:00,2026,1,25,19,-20,-1.0,1030.0,NW,0.89,0,0,33.0
2026-01-25 20:00:00,2026,1,25,20,-22,-2.0,1031.0,NW,4.02,0,0,45.0
2026-01-25 21:00:00,2026,1,25,21,-13,0.0,1032.0,SE,3.13,0,0,55.0
2026-01-25 22:00:00,2026,1,25,22,-7,0.0,1033.0,SE,6.26,0,0,71.0
2026-01-25 23:00:00,2026,1,25,23,-7,-1.0,1034.0,SE,10.28,0,0,59.0
2026-01-26 00:00:00,2026,1,26,0,-8,-2.0,1034.0,SE,13.41,0,0,42.0
2026-01-26 01:00:00,2026,1,26,1,-9,-3.0,1034.0,SE,15.2,0,0,31.0
2026-01-26 02:00:00,2026,1,26,2,-9,-5.0,1034.0,cv,0.89,0,0,30.0
2026-01-26 03:00:00,2026,1,26,3,-8,-3.0,1034.0,SE,1.79,0,0,39.0
2026-01-26 04:00:00,2026,1,26,4,-9,-2.0,1033.0,SE,3.58,0,0,23.0
2026-01-26 05:00:00,2026,1,26,5,-9,-2.0,1033.0,SE,5.37,0,0,26.0
2026-01-26 06:00:00,2026,1,26,6,-10,-3.0,1033.0,SE,7.16,0,0,25.0
2026-01-26 07:00:00,2026,1,26,7,-12,-5.0,1034.0,SE,10.29,0,0,26.0
2026-01-26 08:00:00,2026,1,26,8,-12,-6.0,1034.0,SE,12.08,0,0,24.0
2026-01-26 09:00:00,2026,1,26,9,-11,-3.0,1033.0,SE,13.87,0,0,29.0
2026-01-26 10:00:00,2026,1,26,10,-10,-1.0,1033.0,SE,17.0,0,0,28.0
2026-01-26 11:00:00,2026,1,26,11,-11,1.0,1032.0,SE,21.02,0,0,35.0
2026-01-26 12:00:00,2026,1,26,12,-11,2.0,1031.0,SE,25.94,0,0,35.0
2026-01-26 13:00:00,2026,1,26,13,-12,2.0,1029.0,SE,30.86,0,0,38.0
2026-01-26 14:00:00,2026,1,26,14,-12,2.0,1027.0,SE,34.88,0,0,49.0
2026-01-26 15:00:00,2026,1,26,15,-12,3.0,1026.0,SE,38.9,0,0,65.0
2026-01-26 16:00:00,2026,1,26,16,-13,3.0,1024.0,SE,42.92,0,0,72.0
2026-01-26 17:00:00,2026,1,26,17,-13,2.0,1024.0,SE,44.71,0,0,74.0
2026-01-26 18:00:00,2026,1,26,18,-13,1.0,1024.0,cv,0.89,0,0,80.0
2026-01-26 19:00:00,2026,1,26,19,-12,0.0,1024.0,SE,3.13,0,0,88.0
2026-01-26 20:00:00,2026,1,26,20,-12,0.0,1023.0,SE,6.26,0,0,106.0
2026-01-26 21:00:00,2026,1,26,21,-10,-1.0,1023.0,SE,8.05,0,0,113.0
2026-01-26 22:00:00,2026,1,26,22,-8,-2.0,1022.0,SE,11.18,0,0,139.0
2026-01-26 23:00:00,2026,1,26,23,-8,-3.0,1021.0,SE,12.97,0,0,119.0
2026-01-27 00:00:00,2026,1,27,0,-8,-3.0,1020.0,SE,14.76,0,0,122.0
2026-01-27 01:00:00,2026,1,27,1,-9,-5.0,1020.0,cv,0.45,0,0,116.0
2026-01-27 02:00:00,2026,1,27,2,-10,-6.0,1019.0,NE,0.89,0,0,132.0
2026-01-27 03:00:00,2026,1,27,3,-10,-6.0,1019.0,cv,0.45,0,0,120.0
2026-01-27 04:00:00,2026,1,27,4,-10,-7.0,1018.0,NW,1.79,0,0,111.0
2026-01-27 05:00:00,2026,1,27,5,-10,-6.0,1017.0,NW,3.58,0,0,108.0
2026-01-27 06:00:00,2026,1,27,6,-11,-7.0,1017.0,NW,6.71,0,0,110.0
2026-01-27 07:00:00,2026,1,27,7,-10,-7.0,1017.0,NW,8.5,0,0,119.0
2026-01-27 08:00:00,2026,1,27,8,-10,-6.0,1017.0,NW,10.29,0,0,125.0
2026-01-27 09:00:00,2026,1,27,9,-8,-4.0,1017.0,NW,13.42,0,0,143.0
2026-01-27 10:00:00,2026,1,27,10,-8,-1.0,1017.0,NW,16.55,0,0,149.0
2026-01-27 11:00:00,2026,1,27,11,-11,2.0,1018.0,NW,19.68,0,0,133.0
2026-01-27 12:00:00,2026,1,27,12,-12,3.0,1017.0,NW,22.81,0,0,136.0
2026-01-27 13:00:00,2026,1,27,13,-12,5.0,1016.0,NW,25.94,0,0,149.0
2026-01-27 14:00:00,2026,1,27,14,-12,7.0,1016.0,NW,29.07,0,0,161.0
2026-01-27 15:00:00,2026,1,27,15,-12,7.0,1016.0,NW,30.86,0,0,167.0
2026-01-27 16:00:00,2026,1,27,16,-12,7.0,1017.0,NW,32.65,0,0,167.0
2026-01-27 17:00:00,2026,1,27,17,-12,6.0,1018.0,cv,0.89,0,0,53.0
2026-01-27 18:00:00,2026,1,27,18,-20,8.0,1020.0,NW,7.15,0,0,19.0
2026-01-27 19:00:00,2026,1,27,19,-27,7.0,1022.0,NW,16.09,0,0,32.0
2026-01-27 20:00:00,2026,1,27,20,-27,7.0,1023.0,NW,27.27,0,0,15.0
2026-01-27 21:00:00,2026,1,27,21,-28,5.0,1025.0,NW,36.21,0,0,11.0
2026-01-27 22:00:00,2026,1,27,22,-28,4.0,1026.0,NW,44.26,0,0,10.0
2026-01-27 23:00:00,2026,1,27,23,-26,2.0,1027.0,NE,3.13,0,0,11.0
2026-01-28 00:00:00,2026,1,28,0,-24,2.0,1028.0,NE,4.92,0,0,11.0
2026-01-28 01:00:00,2026,1,28,1,-21,-1.0,1028.0,NW,3.13,0,0,9.0
2026-01-28 02:00:00,2026,1,28,2,-21,-3.0,1029.0,NW,7.15,0,0,19.0
2026-01-28 03:00:00,2026,1,28,3,-21,-4.0,1029.0,NW,10.28,0,0,13.0
2026-01-28 04:00:00,2026,1,28,4,-21,-5.0,1029.0,NW,13.41,0,0,13.0
2026-01-28 05:00:00,2026,1,28,5,-22,-5.0,1029.0,cv,0.89,0,0,14.0
2026-01-28 06:00:00,2026,1,28,6,-21,-4.0,1029.0,NE,3.13,0,0,17.0
2026-01-28 07:00:00,2026,1,28,7,-22,-3.0,1030.0,SE,1.79,0,0,16.0
2026-01-28 08:00:00,2026,1,28,8,-21,-4.0,1031.0,cv,0.89,0,0,18.0
2026-01-28 09:00:00,2026,1,28,9,-19,0.0,1031.0,cv,1.78,0,0,31.0
2026-01-28 10:00:00,2026,1,28,10,-22,1.0,1031.0,SE,1.79,0,0,23.0
2026-01-28 11:00:00,2026,1,28,11,-16,2.0,1031.0,SE,4.92,0,0,15.0
2026-01-28 12:00:00,2026,1,28,12,-16,3.0,1030.0,SE,8.94,0,0,57.0
2026-01-28 13:00:00,2026,1,28,13,-11,5.0,1028.0,SE,14.75,0,0,65.0
2026-01-28 14:00:00,2026,1,28,14,-12,5.0,1028.0,SE,20.56,0,0,64.0
2026-01-28 15:00:00,2026,1,28,15,-11,5.0,1027.0,SE,25.48,0,0,65.0
2026-01-28 16:00:00,2026,1,28,16,-12,5.0,1026.0,SE,30.4,0,0,64.0
2026-01-28 17:00:00,2026,1,28,17,-13,4.0,1025.0,SE,34.42,0,0,81.0
2026-01-28 18:00:00,2026,1,28,18,-14,1.0,1025.0,SE,37.55,0,0,75.0
2026-01-28 19:00:00,2026,1,28,19,-13,0.0,1025.0,SE,40.68,0,0,70.0
2026-01-28 20:00:00,2026,1,28,20,-10,1.0,1025.0,SE,44.7,0,0,71.0
2026-01-28 21:00:00,2026,1,28,21,-8,-1.0,1025.0,SE,48.72,0,0,83.0
2026-01-28 22:00:00,2026,1,28,22,-8,-2.0,1024.0,SE,52.74,0,0,74.0
2026-01-28 23:00:00,2026,1,28,23,-8,-3.0,1023.0,SE,54.53,0,0,86.0
2026-01-29 00:00:00,2026,1,29,0,-9,-4.0,1023.0,SE,56.32,0,0,75.0
2026-01-29 01:00:00,2026,1,29,1,-9,-5.0,1022.0,NE,1.79,0,0,72.0
2026-01-29 02:00:00,2026,1,29,2,-8,-4.0,1021.0,SE,1.79,0,0,74.0
2026-01-29 03:00:00,2026,1,29,3,-9,-5.0,1020.0,cv,0.89,0,0,76.0
2026-01-29 04:00:00,2026,1,29,4,-10,-6.0,1019.0,cv,1.34,0,0,84.0
2026-01-29 05:00:00,2026,1,29,5,-10,-7.0,1017.0,NE,0.89,0,0,81.0
2026-01-29 06:00:00,2026,1,29,6,-10,-7.0,1016.0,cv,0.89,0,0,86.0
2026-01-29 07:00:00,2026,1,29,7,-10,-7.0,1016.0,NE,0.89,0,0,84.0
2026-01-29 08:00:00,2026,1,29,8,-10,-7.0,1015.0,SE,1.79,0,0,88.0
2026-01-29 09:00:00,2026,1,29,9,-7,-3.0,1016.0,cv,0.89,0,0,91.0
2026-01-29 10:00:00,2026,1,29,10,-7,-2.0,1015.0,SE,1.79,0,0,102.0
2026-01-29 11:00:00,2026,1,29,11,-7,0.0,1014.0,SE,3.58,0,0,121.0
2026-01-29 12:00:00,2026,1,29,12,-8,1.0,1013.0,NE,1.79,0,0,132.0
2026-01-29 13:00:00,2026,1,29,13,-9,2.0,1012.0,SE,1.79,0,0,163.0
2026-01-29 14:00:00,2026,1,29,14,-9,2.0,1011.0,cv,0.89,0,0,175.0
2026-01-29 15:00:00,2026,1,29,15,-9,3.0,1011.0,cv,1.78,0,0,190.0
2026-01-29 16:00:00,2026,1,29,16,-9,3.0,1011.0,cv,2.67,0,0,203.0
2026-01-29 17:00:00,2026,1,29,17,-9,2.0,1011.0,cv,3.56,0,0,205.0
2026-01-29 18:00:00,2026,1,29,18,-8,-1.0,1011.0,NE,0.89,0,0,217.0
2026-01-29 19:00:00,2026,1,29,19,-9,-3.0,1012.0,NE,1.78,0,0,241.0
2026-01-29 20:00:00,2026,1,29,20,-9,-3.0,1013.0,NW,1.79,0,0,226.0
2026-01-29 21:00:00,2026,1,29,21,-9,-3.0,1013.0,NW,4.92,0,0,225.0
2026-01-29 22:00:00,2026,1,29,22,-10,-4.0,1013.0,NW,8.05,0,0,205.0
2026-01-29 23:00:00,2026,1,29,23,-8,-2.0,1013.0,cv,0.89,0,0,213.0
2026-01-30 00:00:00,2026,1,30,0,-10,-3.0,1014.0,cv,1.78,0,0,229.0
2026-01-30 01:00:00,2026,1,30,1,-10,-3.0,1014.0,cv,2.67,0,0,217.0
2026-01-30 02:00:00,2026,1,30,2,-10,-4.0,1015.0,SE,1.79,0,0,218.0
2026-01-30 03:00:00,2026,1,30,3,-10,-2.0,1015.0,cv,0.89,0,0,128.0
2026-01-30 04:00:00,2026,1,30,4,-15,-1.0,1016.0,NW,4.92,0,0,88.0
2026-01-30 05:00:00,2026,1,30,5,-14,-4.0,1016.0,NW,8.94,0,0,20.0
2026-01-30 06:00:00,2026,1,30,6,-21,1.0,1017.0,NW,14.75,0,0,16.0
2026-01-30 07:00:00,2026,1,30,7,-20,0.0,1018.0,NW,18.77,0,0,6.0
2026-01-30 08:00:00,2026,1,30,8,-19,-2.0,1019.0,NW,21.9,0,0,12.0
2026-01-30 09:00:00,2026,1,30,9,-23,4.0,1020.0,cv,0.89,0,0,20.0
2026-01-30 10:00:00,2026,1,30,10,-24,4.0,1021.0,NE,4.02,0,0,26.0
2026-01-30 11:00:00,2026,1,30,11,-26,5.0,1021.0,NE,7.15,0,0,16.0
2026-01-30 12:00:00,2026,1,30,12,-27,7.0,1020.0,NE,8.94,0,0,16.0
2026-01-30 13:00:00,2026,1,30,13,-27,7.0,1018.0,SE,3.13,0,0,16.0
2026-01-30 14:00:00,2026,1,30,14,-26,8.0,1017.0,SE,4.92,0,0,12.0
2026-01-30 15:00:00,2026,1,30,15,-26,8.0,1017.0,SE,6.71,0,0,17.0
2026-01-30 16:00:00,2026,1,30,16,-26,8.0,1017.0,SE,10.73,0,0,17.0
2026-01-30 17:00:00,2026,1,30,17,-24,7.0,1017.0,SE,14.75,0,0,25.0
2026-01-30 18:00:00,2026,1,30,18,-24,4.0,1018.0,SE,16.54,0,0,39.0
2026-01-30 19:00:00,2026,1,30,19,-18,4.0,1018.0,SE,21.46,0,0,54.0
2026-01-30 20:00:00,2026,1,30,20,-7,2.0,1019.0,SE,26.38,0,0,123.0
2026-01-30 21:00:00,2026,1,30,21,-6,0.0,1020.0,SE,29.51,0,0,142.0
2026-01-30 22:00:00,2026,1,30,22,-5,-1.0,1020.0,SE,33.53,0,0,157.0
2026-01-30 23:00:00,2026,1,30,23,-6,-2.0,1020.0,SE,36.66,0,0,190.0
2026-01-31 00:00:00,2026,1,31,0,-7,-1.0,1021.0,SE,39.79,0,0,137.0
2026-01-31 01:00:00,2026,1,31,1,-7,-1.0,1021.0,SE,41.58,0,0,469.0
2026-01-31 02:00:00,2026,1,31,2,-7,-1.0,1021.0,SE,44.71,0,0,344.0
2026-01-31 03:00:00,2026,1,31,3,-7,-2.0,1021.0,SE,46.5,0,0,281.0
2026-01-31 04:00:00,2026,1,31,4,-8,-2.0,1020.0,cv,0.89,0,0,209.0
2026-01-31 05:00:00,2026,1,31,5,-9,-4.0,1020.0,NE,0.89,0,0,150.0
2026-01-31 06:00:00,2026,1,31,6,-9,-4.0,1020.0,NW,1.79,0,0,138.0
2026-01-31 07:00:00,2026,1,31,7,-8,-3.0,1020.0,NW,3.58,0,0,133.0
2026-01-31 08:00:00,2026,1,31,8,-8,-4.0,1020.0,NW,5.37,0,0,130.0
2026-01-31 09:00:00,2026,1,31,9,-6,-1.0,1020.0,NW,9.39,0,0,143.0
2026-01-31 10:00:00,2026,1,31,10,-7,1.0,1020.0,NW,13.41,0,0,103.0
2026-01-31 11:00:00,2026,1,31,11,-7,2.0,1020.0,NW,17.43,0,0,81.0
2026-01-31 12:00:00,2026,1,31,12,-7,2.0,1019.0,cv,0.89,0,0,70.0
2026-01-31 13:00:00,2026,1,31,13,-7,3.0,1019.0,NW,1.79,0,0,81.0
2026-01-31 14:00:00,2026,1,31,14,-6,3.0,1018.0,cv,0.89,0,0,117.0
2026-01-31 15:00:00,2026,1,31,15,-5,3.0,1017.0,SE,1.79,0,0,130.0
2026-01-31 16:00:00,2026,1,31,16,-5,3.0,1017.0,SE,3.58,0,0,146.0
2026-01-31 17:00:00,2026,1,31,17,-6,2.0,1017.0,cv,0.89,0,0,144.0
2026-01-31 18:00:00,2026,1,31,18,-7,2.0,1018.0,cv,1.78,0,0,147.0
2026-01-31 19:00:00,2026,1,31,19,-7,1.0,1019.0,cv,2.67,0,0,140.0
2026-01-31 20:00:00,2026,1,31,20,-5,2.0,1019.0,cv,3.56,0,0,148.0
2026-01-31 21:00:00,2026,1,31,21,-5,2.0,1019.0,cv,4.45,0,0,155.0
2026-01-31 22:00:00,2026,1,31,22,-5,2.0,1019.0,cv,4.9,0,0,167.0
2026-01-31 23:00:00,2026,1,31,23,-4,2.0,1019.0,cv,5.79,0,0,180.0
2026-02-01 00:00:00,2026,2,1,0,-5,2.0,1019.0,NE,0.89,0,0,183.0
2026-02-01 01:00:00,2026,2,1,1,-5,2.0,1018.0,cv,0.45,0,0,181.0
2026-02-01 02:00:00,2026,2,1,2,-6,2.0,1019.0,NW,1.79,0,0,172.0
2026-02-01 03:00:00,2026,2,1,3,-5,2.0,1018.0,NW,2.68,0,0,167.0
2026-02-01 04:00:00,2026,2,1,4,-4,1.0,1018.0,NW,4.47,0,0,171.0
2026-02-01 05:00:00,2026,2,1,5,-4,1.0,1017.0,NW,6.26,0,0,179.0
2026-02-01 06:00:00,2026,2,1,6,-5,1.0,1017.0,NW,8.05,0,0,175.0
2026-02-01 07:00:00,2026,2,1,7,-6,2.0,1018.0,NW,11.18,0,0,190.0
2026-02-01 08:00:00,2026,2,1,8,-6,2.0,1017.0,NW,14.31,0,0,189.0
2026-02-01 09:00:00,2026,2,1,9,-7,3.0,1018.0,NW,17.44,0,0,187.0
2026-02-01 10:00:00,2026,2,1,10,-7,3.0,1018.0,NW,20.57,0,0,178.0
2026-02-01 11:00:00,2026,2,1,11,-7,3.0,1018.0,NE,0.89,0,0,184.0
2026-02-01 12:00:00,2026,2,1,12,-4,4.0,1017.0,cv,0.89,0,0,152.0
2026-02-01 13:00:00,2026,2,1,13,-3,4.0,1016.0,cv,1.78,0,0,124.0
2026-02-01 14:00:00,2026,2,1,14,-3,4.0,1015.0,SE,1.79,0,0,163.0
2026-02-01 15:00:00,2026,2,1,15,-2,4.0,1015.0,SE,3.58,0,0,143.0
2026-02-01 16:00:00,2026,2,1,16,-1,4.0,1014.0,SE,5.37,0,0,127.0
2026-02-01 17:00:00,2026,2,1,17,-1,4.0,1014.0,SE,8.5,0,0,109.0
2026-02-01 18:00:00,2026,2,1,18,-1,4.0,1014.0,SE,11.63,0,0,120.0
2026-02-01 19:00:00,2026,2,1,19,-1,3.0,1013.0,SE,14.76,0,0,135.0
2026-02-01 20:00:00,2026,2,1,20,-1,3.0,1013.0,SE,17.89,0,0,118.0
2026-02-01 21:00:00,2026,2,1,21,-1,2.0,1013.0,SE,21.02,0,0,132.0
2026-02-01 22:00:00,2026,2,1,22,-1,2.0,1013.0,SE,25.04,0,0,141.0
2026-02-01 23:00:00,2026,2,1,23,-1,2.0,1012.0,SE,28.17,0,0,144.0
2026-02-02 00:00:00,2026,2,2,0,-1,2.0,1012.0,SE,29.96,0,0,141.0
2026-02-02 01:00:00,2026,2,2,1,-1,2.0,1012.0,SE,33.09,0,0,144.0
2026-02-02 02:00:00,2026,2,2,2,-1,2.0,1012.0,SE,36.22,0,0,159.0
2026-02-02 03:00:00,2026,2,2,3,-1,2.0,1011.0,SE,39.35,0,0,163.0
2026-02-02 04:00:00,2026,2,2,4,-1,2.0,1011.0,SE,41.14,0,0,174.0
2026-02-02 05:00:00,2026,2,2,5,-2,2.0,1011.0,cv,0.89,0,0,164.0
2026-02-02 06:00:00,2026,2,2,6,-2,1.0,1012.0,NW,3.13,0,0,171.0
2026-02-02 07:00:00,2026,2,2,7,-3,-1.0,1012.0,NW,7.15,0,0,162.0
2026-02-02 08:00:00,2026,2,2,8,-2,2.0,1013.0,NW,12.96,0,0,152.0
2026-02-02 09:00:00,2026,2,2,9,-5,5.0,1014.0,NW,20.11,0,0,141.0
2026-02-02 10:00:00,2026,2,2,10,-10,8.0,1015.0,NW,28.16,0,0,66.0
2026-02-02 11:00:00,2026,2,2,11,-19,10.0,1015.0,NW,37.1,0,0,22.0
2026-02-02 12:00:00,2026,2,2,12,-20,10.0,1014.0,NW,49.17,0,0,15.0
2026-02-02 13:00:00,2026,2,2,13,-21,10.0,1014.0,NW,60.35,0,0,13.0
2026-02-02 14:00:00,2026,2,2,14,-21,10.0,1014.0,NW,70.18,0,0,13.0
2026-02-02 15:00:00,2026,2,2,15,-24,9.0,1015.0,NW,81.36,0,0,12.0
2026-02-02 16:00:00,2026,2,2,16,-24,9.0,1015.0,NW,89.41,0,0,13.0
2026-02-02 17:00:00,2026,2,2,17,-27,6.0,1017.0,NW,98.35,0,0,10.0
2026-02-02 18:00:00,2026,2,2,18,-29,4.0,1018.0,NW,104.16,0,0,9.0
2026-02-02 19:00:00,2026,2,2,19,-33,3.0,1020.0,NE,4.92,0,0,8.0
2026-02-02 20:00:00,2026,2,2,20,-34,3.0,1020.0,NE,10.73,0,0,9.0
2026-02-02 21:00:00,2026,2,2,21,-34,2.0,1021.0,NE,14.75,0,0,7.0
2026-02-02 22:00:00,2026,2,2,22,-33,2.0,1021.0,NE,18.77,0,0,9.0
2026-02-02 23:00:00,2026,2,2,23,-35,1.0,1022.0,NE,21.9,0,0,8.0
2026-02-03 00:00:00,2026,2,3,0,-35,1.0,1023.0,NE,26.82,0,0,10.0
2026-02-03 01:00:00,2026,2,3,1,-34,0.0,1024.0,NE,28.61,0,0,8.0
2026-02-03 02:00:00,2026,2,3,2,-29,0.0,1024.0,NE,30.4,0,0,10.0
2026-02-03 03:00:00,2026,2,3,3,-28,0.0,1025.0,cv,0.89,0,0,9.0
2026-02-03 04:00:00,2026,2,3,4,-21,-1.0,1026.0,NW,8.05,0,0,6.0
2026-02-03 05:00:00,2026,2,3,5,-31,-2.0,1027.0,NW,13.86,0,0,6.0
2026-02-03 06:00:00,2026,2,3,6,-35,-3.0,1028.0,NW,22.8,0,0,7.0
2026-02-03 07:00:00,2026,2,3,7,-33,-4.0,1028.0,NW,29.95,0,0,5.0
2026-02-03 08:00:00,2026,2,3,8,-33,-3.0,1029.0,NW,38.89,0,0,6.0
2026-02-03 09:00:00,2026,2,3,9,-32,-2.0,1029.0,NW,46.94,0,0,6.0
2026-02-03 10:00:00,2026,2,3,10,-32,-1.0,1029.0,NW,54.99,0,0,4.0
2026-02-03 11:00:00,2026,2,3,11,-33,0.0,1029.0,NW,63.04,0,0,4.0
2026-02-03 12:00:00,2026,2,3,12,-36,0.0,1027.0,NW,71.09,0,0,6.0
2026-02-03 13:00:00,2026,2,3,13,-37,1.0,1026.0,NW,80.03,0,0,6.0
2026-02-03 14:00:00,2026,2,3,14,-36,2.0,1025.0,NW,88.08,0,0,6.0
2026-02-03 15:00:00,2026,2,3,15,-39,2.0,1025.0,NW,96.13,0,0,4.0
2026-02-03 16:00:00,2026,2,3,16,-40,2.0,1025.0,NW,104.18,0,0,6.0
2026-02-03 17:00:00,2026,2,3,17,-38,1.0,1026.0,NW,113.12,0,0,6.0
2026-02-03 18:00:00,2026,2,3,18,-33,-1.0,1027.0,NW,118.04,0,0,6.0
2026-02-03 19:00:00,2026,2,3,19,-34,-5.0,1028.0,NW,122.06,0,0,6.0
2026-02-03 20:00:00,2026,2,3,20,-33,-5.0,1028.0,NW,126.08,0,0,11.0
2026-02-03 21:00:00,2026,2,3,21,-33,-3.0,1029.0,NE,4.02,0,0,11.0
2026-02-03 22:00:00,2026,2,3,22,-33,-5.0,1029.0,NE,5.81,0,0,13.0
2026-02-03 23:00:00,2026,2,3,23,-32,-3.0,1029.0,NW,4.92,0,0,16.0
2026-02-04 00:00:00,2026,2,4,0,-32,-5.0,1029.0,NW,6.71,0,0,3.0
2026-02-04 01:00:00,2026,2,4,1,-31,-4.0,1030.0,NW,12.52,0,0,7.0
2026-02-04 02:00:00,2026,2,4,2,-32,-5.0,1030.0,NW,19.67,0,0,6.0
2026-02-04 03:00:00,2026,2,4,3,-32,-5.0,1030.0,NW,25.48,0,0,6.0
2026-02-04 04:00:00,2026,2,4,4,-32,-5.0,1030.0,NW,30.4,0,0,6.0
2026-02-04 05:00:00,2026,2,4,5,-32,-6.0,1030.0,NW,35.32,0,0,6.0
2026-02-04 06:00:00,2026,2,4,6,-32,-6.0,1030.0,NW,40.24,0,0,7.0
2026-02-04 07:00:00,2026,2,4,7,-32,-6.0,1031.0,NW,46.05,0,0,10.0
2026-02-04 08:00:00,2026,2,4,8,-32,-5.0,1032.0,NW,51.86,0,0,10.0
2026-02-04 09:00:00,2026,2,4,9,-32,-3.0,1032.0,NW,56.78,0,0,9.0
2026-02-04 10:00:00,2026,2,4,10,-32,-2.0,1032.0,NW,63.93,0,0,12.0
2026-02-04 11:00:00,2026,2,4,11,-34,-2.0,1032.0,NW,71.08,0,0,12.0
2026-02-04 12:00:00,2026,2,4,12,-33,0.0,1031.0,NW,72.87,0,0,11.0
2026-02-04 13:00:00,2026,2,4,13,-37,1.0,1030.0,NW,76.0,0,0,10.0
2026-02-04 14:00:00,2026,2,4,14,-38,0.0,1028.0,NW,80.02,0,0,6.0
2026-02-04 15:00:00,2026,2,4,15,-37,1.0,1028.0,NW,81.81,0,0,8.0
2026-02-04 16:00:00,2026,2,4,16,-36,0.0,1028.0,SE,3.13,0,0,7.0
2026-02-04 17:00:00,2026,2,4,17,-33,0.0,1027.0,SE,6.26,0,0,18.0
2026-02-04 18:00:00,2026,2,4,18,-30,-2.0,1027.0,NE,0.89,0,0,17.0
2026-02-04 19:00:00,2026,2,4,19,-27,-4.0,1028.0,SE,0.89,0,0,50.0
2026-02-04 20:00:00,2026,2,4,20,-27,-4.0,1028.0,SE,1.78,0,0,71.0
2026-02-04 21:00:00,2026,2,4,21,-27,-2.0,1029.0,SE,3.57,0,0,91.0
2026-02-04 22:00:00,2026,2,4,22,-27,-2.0,1029.0,SE,5.36,0,0,109.0
2026-02-04 23:00:00,2026,2,4,23,-24,-6.0,1030.0,NE,0.89,0,0,126.0
2026-02-05 00:00:00,2026,2,5,0,-22,-5.0,1030.0,SE,1.79,0,0,104.0
2026-02-05 01:00:00,2026,2,5,1,-25,-5.0,1029.0,SE,3.58,0,0,80.0
2026-02-05 02:00:00,2026,2,5,2,-25,-5.0,1029.0,cv,0.89,0,0,69.0
2026-02-05 03:00:00,2026,2,5,3,-25,-6.0,1029.0,SE,1.79,0,0,62.0
2026-02-05 04:00:00,2026,2,5,4,-24,-7.0,1029.0,cv,0.89,0,0,73.0
2026-02-05 05:00:00,2026,2,5,5,-25,-8.0,1029.0,cv,1.34,0,0,115.0
2026-02-05 06:00:00,2026,2,5,6,-24,-11.0,1029.0,cv,2.23,0,0,155.0
2026-02-05 07:00:00,2026,2,5,7,-22,-11.0,1030.0,NE,0.89,0,0,148.0
2026-02-05 08:00:00,2026,2,5,8,-22,-11.0,1030.0,NE,1.78,0,0,114.0
2026-02-05 09:00:00,2026,2,5,9,-22,-6.0,1030.0,cv,0.89,0,0,94.0
2026-02-05 10:00:00,2026,2,5,10,-20,-4.0,1030.0,cv,1.78,0,0,117.0
2026-02-05 11:00:00,2026,2,5,11,-19,-2.0,1030.0,cv,2.67,0,0,118.0
2026-02-05 12:00:00,2026,2,5,12,-19,1.0,1029.0,cv,3.56,0,0,116.0
2026-02-05 13:00:00,2026,2,5,13,-16,1.0,1028.0,cv,4.45,0,0,96.0
2026-02-05 14:00:00,2026,2,5,14,-14,1.0,1027.0,SE,4.02,0,0,96.0
2026-02-05 15:00:00,2026,2,5,15,-14,1.0,1027.0,SE,7.15,0,0,102.0
2026-02-05 16:00:00,2026,2,5,16,-14,1.0,1027.0,SE,8.94,0,0,99.0
2026-02-05 17:00:00,2026,2,5,17,-13,0.0,1027.0,SE,10.73,0,0,104.0
2026-02-05 18:00:00,2026,2,5,18,-12,-1.0,1028.0,SE,11.62,0,0,101.0
2026-02-05 19:00:00,2026,2,5,19,-12,-2.0,1028.0,SE,12.51,0,0,92.0
2026-02-05 20:00:00,2026,2,5,20,-12,-3.0,1028.0,SE,13.4,0,0,76.0
2026-02-05 21:00:00,2026,2,5,21,-12,-3.0,1028.0,SE,14.29,0,0,90.0
2026-02-05 22:00:00,2026,2,5,22,-11,-4.0,1029.0,SE,16.08,0,0,111.0
2026-02-05 23:00:00,2026,2,5,23,-12,-5.0,1029.0,NE,1.79,0,0,125.0
2026-02-06 00:00:00,2026,2,6,0,-12,-4.0,1029.0,NE,2.68,0,0,139.0
2026-02-06 01:00:00,2026,2,6,1,-12,-5.0,1029.0,cv,0.89,0,0,151.0
2026-02-06 02:00:00,2026,2,6,2,-12,-5.0,1029.0,SE,1.79,0,0,204.0
2026-02-06 03:00:00,2026,2,6,3,-13,-6.0,1029.0,cv,0.89,0,0,203.0
2026-02-06 04:00:00,2026,2,6,4,-14,-7.0,1029.0,NW,0.89,0,0,200.0
2026-02-06 05:00:00,2026,2,6,5,-13,-8.0,1029.0,NW,2.68,0,0,187.0
2026-02-06 06:00:00,2026,2,6,6,-13,-6.0,1030.0,cv,0.45,0,0,168.0
2026-02-06 07:00:00,2026,2,6,7,-13,-7.0,1030.0,cv,1.34,0,0,158.0
2026-02-06 08:00:00,2026,2,6,8,-12,-7.0,1031.0,NE,0.89,0,0,155.0
2026-02-06 09:00:00,2026,2,6,9,-11,-3.0,1032.0,NW,1.79,0,0,154.0
2026-02-06 10:00:00,2026,2,6,10,-12,-1.0,1032.0,NW,3.58,0,0,146.0
2026-02-06 11:00:00,2026,2,6,11,-13,0.0,1031.0,NW,5.37,0,0,150.0
2026-02-06 12:00:00,2026,2,6,12,-15,1.0,1030.0,cv,0.89,0,0,136.0
2026-02-06 13:00:00,2026,2,6,13,-15,1.0,1029.0,cv,1.78,0,0,130.0
2026-02-06 14:00:00,2026,2,6,14,-16,2.0,1029.0,cv,2.67,0,0,122.0
2026-02-06 15:00:00,2026,2,6,15,-16,2.0,1029.0,cv,3.56,0,0,125.0
2026-02-06 16:00:00,2026,2,6,16,-15,1.0,1030.0,SE,1.79,0,0,121.0
2026-02-06 17:00:00,2026,2,6,17,-16,1.0,1029.0,SE,3.58,0,0,108.0
2026-02-06 18:00:00,2026,2,6,18,-16,0.0,1029.0,cv,0.89,0,0,102.0
2026-02-06 19:00:00,2026,2,6,19,-14,-1.0,1030.0,cv,1.34,0,0,118.0
2026-02-06 20:00:00,2026,2,6,20,-14,-1.0,1030.0,SE,0.89,0,0,130.0
2026-02-06 21:00:00,2026,2,6,21,-12,-1.0,1031.0,SE,2.68,0,0,155.0
2026-02-06 22:00:00,2026,2,6,22,-8,-2.0,1031.0,SE,4.47,0,0,131.0
2026-02-06 23:00:00,2026,2,6,23,-6,-1.0,1031.0,SE,7.6,0,0,93.0
2026-02-07 00:00:00,2026,2,7,0,-7,-2.0,1031.0,SE,9.39,0,0,91.0
2026-02-07 01:00:00,2026,2,7,1,-7,-2.0,1030.0,SE,12.52,0,0,86.0
2026-02-07 02:00:00,2026,2,7,2,-7,-2.0,1030.0,SE,15.65,0,0,101.0
2026-02-07 03:00:00,2026,2,7,3,-8,-2.0,1030.0,SE,17.44,0,0,105.0
2026-02-07 04:00:00,2026,2,7,4,-10,-3.0,1029.0,SE,19.23,0,0,110.0
2026-02-07 05:00:00,2026,2,7,5,-11,-3.0,1029.0,SE,22.36,0,0,112.0
2026-02-07 06:00:00,2026,2,7,6,-10,-3.0,1029.0,SE,26.38,1,0,119.0
2026-02-07 07:00:00,2026,2,7,7,-8,-4.0,1029.0,SE,30.4,2,0,100.0
2026-02-07 08:00:00,2026,2,7,8,-7,-5.0,1029.0,SE,32.19,3,0,105.0
2026-02-07 09:00:00,2026,2,7,9,-7,-5.0,1029.0,SE,33.98,4,0,105.0
2026-02-07 10:00:00,2026,2,7,10,-7,-5.0,1029.0,SE,35.77,5,0,112.0
2026-02-07 11:00:00,2026,2,7,11,-7,-4.0,1029.0,SE,37.56,6,0,107.0
2026-02-07 12:00:00,2026,2,7,12,-7,-4.0,1028.0,SE,39.35,7,0,94.0
2026-02-07 13:00:00,2026,2,7,13,-6,-3.0,1026.0,SE,41.14,8,0,84.0
2026-02-07 14:00:00,2026,2,7,14,-7,-4.0,1026.0,SE,44.27,9,0,89.0
2026-02-07 15:00:00,2026,2,7,15,-6,-3.0,1025.0,SE,46.06,10,0,90.0
2026-02-07 16:00:00,2026,2,7,16,-7,-3.0,1024.0,SE,47.85,11,0,98.0
2026-02-07 17:00:00,2026,2,7,17,-6,-3.0,1024.0,SE,49.64,12,0,100.0
2026-02-07 18:00:00,2026,2,7,18,-7,-3.0,1025.0,SE,51.43,13,0,109.0
2026-02-07 19:00:00,2026,2,7,19,-7,-3.0,1025.0,SE,54.56,14,0,107.0
2026-02-07 20:00:00,2026,2,7,20,-7,-3.0,1025.0,SE,57.69,15,0,107.0
2026-02-07 21:00:00,2026,2,7,21,-6,-4.0,1025.0,SE,59.48,16,0,106.0
2026-02-07 22:00:00,2026,2,7,22,-6,-4.0,1025.0,SE,61.27,17,0,108.0
2026-02-07 23:00:00,2026,2,7,23,-6,-4.0,1025.0,SE,63.06,18,0,109.0
2026-02-08 00:00:00,2026,2,8,0,-6,-4.0,1025.0,SE,66.19,19,0,106.0
2026-02-08 01:00:00,2026,2,8,1,-6,-4.0,1025.0,SE,69.32,20,0,95.0
2026-02-08 02:00:00,2026,2,8,2,-6,-4.0,1025.0,SE,71.11,21,0,94.0
2026-02-08 03:00:00,2026,2,8,3,-6,-4.0,1025.0,SE,72.0,22,0,88.0
2026-02-08 04:00:00,2026,2,8,4,-7,-4.0,1024.0,cv,0.89,23,0,115.0
2026-02-08 05:00:00,2026,2,8,5,-7,-4.0,1024.0,cv,1.78,0,0,133.0
2026-02-08 06:00:00,2026,2,8,6,-6,-4.0,1024.0,NE,1.79,0,0,132.0
2026-02-08 07:00:00,2026,2,8,7,-7,-4.0,1025.0,NE,2.68,0,0,147.0
2026-02-08 08:00:00,2026,2,8,8,-7,-5.0,1026.0,NW,3.13,0,0,147.0
2026-02-08 09:00:00,2026,2,8,9,-7,-5.0,1027.0,NW,4.92,0,0,146.0
2026-02-08 10:00:00,2026,2,8,10,-6,-3.0,1028.0,NE,1.79,0,0,79.0
2026-02-08 11:00:00,2026,2,8,11,-8,0.0,1028.0,NW,3.13,0,0,38.0
2026-02-08 12:00:00,2026,2,8,12,-13,1.0,1027.0,NW,7.15,0,0,20.0
2026-02-08 13:00:00,2026,2,8,13,-14,0.0,1027.0,NE,4.02,0,0,14.0
2026-02-08 14:00:00,2026,2,8,14,-14,2.0,1027.0,NW,4.92,0,0,10.0
2026-02-08 15:00:00,2026,2,8,15,-16,1.0,1027.0,NE,3.13,0,0,6.0
2026-02-08 16:00:00,2026,2,8,16,-16,2.0,1027.0,NW,7.15,0,0,9.0
2026-02-08 17:00:00,2026,2,8,17,-17,0.0,1028.0,NW,15.2,0,0,7.0
2026-02-08 18:00:00,2026,2,8,18,-17,-3.0,1030.0,NW,21.01,0,0,10.0
2026-02-08 19:00:00,2026,2,8,19,-19,-3.0,1031.0,NW,29.06,0,0,8.0
2026-02-08 20:00:00,2026,2,8,20,-19,-5.0,1033.0,NW,34.87,0,0,7.0
2026-02-08 21:00:00,2026,2,8,21,-20,-6.0,1034.0,NW,40.68,0,0,14.0
2026-02-08 22:00:00,2026,2,8,22,-21,-7.0,1035.0,NW,46.49,0,0,10.0
2026-02-08 23:00:00,2026,2,8,23,-21,-8.0,1036.0,NW,50.51,0,0,6.0
2026-02-09 00:00:00,2026,2,9,0,-21,-7.0,1036.0,NW,55.43,0,0,9.0
2026-02-09 01:00:00,2026,2,9,1,-22,-8.0,1037.0,NW,61.24,0,0,13.0
2026-02-09 02:00:00,2026,2,9,2,-22,-8.0,1037.0,NW,66.16,0,0,9.0
2026-02-09 03:00:00,2026,2,9,3,-22,-9.0,1037.0,NW,71.08,0,0,10.0
2026-02-09 04:00:00,2026,2,9,4,-23,-11.0,1037.0,NW,74.21,0,0,9.0
2026-02-09 05:00:00,2026,2,9,5,-22,-12.0,1037.0,NW,77.34,0,0,10.0
2026-02-09 06:00:00,2026,2,9,6,-22,-10.0,1037.0,NW,82.26,0,0,10.0
2026-02-09 07:00:00,2026,2,9,7,-22,-9.0,1038.0,NW,88.07,0,0,11.0
2026-02-09 08:00:00,2026,2,9,8,-21,-10.0,1038.0,NW,91.2,0,0,12.0
2026-02-09 09:00:00,2026,2,9,9,-21,-7.0,1039.0,NW,95.22,0,0,16.0
2026-02-09 10:00:00,2026,2,9,10,-22,-5.0,1038.0,NW,100.14,0,0,12.0
2026-02-09 11:00:00,2026,2,9,11,-22,-4.0,1038.0,NW,105.06,0,0,17.0
2026-02-09 12:00:00,2026,2,9,12,-22,-3.0,1037.0,NW,109.08,0,0,14.0
2026-02-09 13:00:00,2026,2,9,13,-22,-3.0,1036.0,NW,113.1,0,0,14.0
2026-02-09 14:00:00,2026,2,9,14,-21,-1.0,1035.0,NW,116.23,0,0,12.0
2026-02-09 15:00:00,2026,2,9,15,-22,-1.0,1034.0,NW,119.36,0,0,14.0
2026-02-09 16:00:00,2026,2,9,16,-22,-1.0,1034.0,cv,0.89,0,0,10.0
2026-02-09 17:00:00,2026,2,9,17,-22,-1.0,1034.0,NW,3.13,0,0,11.0
2026-02-09 18:00:00,2026,2,9,18,-21,-2.0,1035.0,NW,7.15,0,0,11.0
2026-02-09 19:00:00,2026,2,9,19,-20,-3.0,1035.0,NW,12.07,0,0,14.0
2026-02-09 20:00:00,2026,2,9,20,-20,-4.0,1036.0,NW,16.09,0,0,15.0
2026-02-09 21:00:00,2026,2,9,21,-19,-5.0,1036.0,NW,21.01,0,0,26.0
2026-02-09 22:00:00,2026,2,9,22,-19,-8.0,1037.0,NW,22.8,0,0,24.0
2026-02-09 23:00:00,2026,2,9,23,-21,-9.0,1037.0,NW,26.82,0,0,18.0
2026-02-10 00:00:00,2026,2,10,0,-19,-9.0,1038.0,NW,29.95,0,0,11.0
2026-02-10 01:00:00,2026,2,10,1,-21,-9.0,1038.0,NW,33.08,0,0,12.0
2026-02-10 02:00:00,2026,2,10,2,-20,-9.0,1038.0,NW,36.21,0,0,9.0
2026-02-10 03:00:00,2026,2,10,3,-21,-12.0,1037.0,NW,39.34,0,0,9.0
2026-02-10 04:00:00,2026,2,10,4,-21,-11.0,1037.0,NW,42.47,0,0,13.0
2026-02-10 05:00:00,2026,2,10,5,-21,-12.0,1037.0,NW,45.6,0,0,9.0
2026-02-10 06:00:00,2026,2,10,6,-21,-10.0,1037.0,NE,1.79,0,0,8.0
2026-02-10 07:00:00,2026,2,10,7,-21,-12.0,1037.0,NW,1.79,0,0,7.0
2026-02-10 08:00:00,2026,2,10,8,-18,-9.0,1038.0,NW,4.92,0,0,13.0
2026-02-10 09:00:00,2026,2,10,9,-20,-6.0,1038.0,NE,4.92,0,0,13.0
2026-02-10 10:00:00,2026,2,10,10,-21,-5.0,1038.0,NE,8.94,0,0,22.0
2026-02-10 11:00:00,2026,2,10,11,-22,-3.0,1037.0,NW,3.13,0,0,10.0
2026-02-10 12:00:00,2026,2,10,12,-23,-3.0,1036.0,NW,4.92,0,0,18.0
2026-02-10 13:00:00,2026,2,10,13,-22,-3.0,1034.0,SE,1.79,0,0,20.0
2026-02-10 14:00:00,2026,2,10,14,-21,-2.0,1033.0,SE,3.58,0,0,20.0
2026-02-10 15:00:00,2026,2,10,15,-21,-1.0,1032.0,SE,5.37,0,0,26.0
2026-02-10 16:00:00,2026,2,10,16,-21,-1.0,1032.0,SE,8.5,0,0,24.0
2026-02-10 17:00:00,2026,2,10,17,-19,-3.0,1032.0,SE,12.52,0,0,25.0
2026-02-10 18:00:00,2026,2,10,18,-19,-3.0,1032.0,SE,16.54,0,0,34.0
2026-02-10 19:00:00,2026,2,10,19,-18,-4.0,1032.0,SE,19.67,0,0,42.0
2026-02-10 20:00:00,2026,2,10,20,-18,-4.0,1032.0,SE,21.46,0,0,47.0
2026-02-10 21:00:00,2026,2,10,21,-16,-6.0,1032.0,cv,0.89,0,0,53.0
2026-02-10 22:00:00,2026,2,10,22,-16,-7.0,1032.0,cv,1.78,0,0,64.0
2026-02-10 23:00:00,2026,2,10,23,-15,-8.0,1032.0,SE,0.89,0,0,65.0
2026-02-11 00:00:00,2026,2,11,0,-16,-10.0,1031.0,cv,0.89,0,0,66.0
2026-02-11 01:00:00,2026,2,11,1,-16,-10.0,1031.0,SE,1.79,0,0,76.0
2026-02-11 02:00:00,2026,2,11,2,-15,-10.0,1030.0,NE,0.89,0,0,83.0
2026-02-11 03:00:00,2026,2,11,3,-16,-12.0,1030.0,cv,0.45,0,0,120.0
2026-02-11 04:00:00,2026,2,11,4,-17,-12.0,1029.0,cv,0.9,0,0,121.0
2026-02-11 05:00:00,2026,2,11,5,-16,-12.0,1029.0,NW,1.79,0,0,111.0
2026-02-11 06:00:00,2026,2,11,6,-17,-12.0,1029.0,NW,3.58,0,0,112.0
2026-02-11 07:00:00,2026,2,11,7,-18,-12.0,1029.0,NW,5.37,0,0,100.0
2026-02-11 08:00:00,2026,2,11,8,-17,-11.0,1030.0,NW,7.16,0,0,84.0
2026-02-11 09:00:00,2026,2,11,9,-15,-8.0,1030.0,NW,8.95,0,0,66.0
2026-02-11 10:00:00,2026,2,11,10,-15,-5.0,1030.0,NW,10.74,0,0,64.0
2026-02-11 11:00:00,2026,2,11,11,-16,-3.0,1029.0,cv,0.89,0,0,73.0
2026-02-11 12:00:00,2026,2,11,12,-16,-2.0,1028.0,cv,1.78,0,0,90.0
2026-02-11 13:00:00,2026,2,11,13,-16,-1.0,1027.0,SE,1.79,0,0,103.0
2026-02-11 14:00:00,2026,2,11,14,-17,0.0,1026.0,cv,3.13,0,0,126.0
2026-02-11 15:00:00,2026,2,11,15,-17,1.0,1026.0,SE,4.02,0,0,146.0
2026-02-11 16:00:00,2026,2,11,16,-17,1.0,1025.0,SE,8.04,0,0,143.0
2026-02-11 17:00:00,2026,2,11,17,-17,0.0,1025.0,SE,12.06,0,0,135.0
2026-02-11 18:00:00,2026,2,11,18,-15,-1.0,1026.0,SE,13.85,0,0,188.0
2026-02-11 19:00:00,2026,2,11,19,-13,-2.0,1027.0,SE,15.64,0,0,221.0
2026-02-11 20:00:00,2026,2,11,20,-13,-5.0,1027.0,cv,0.89,0,0,203.0
2026-02-11 21:00:00,2026,2,11,21,-12,-5.0,1028.0,cv,1.78,0,0,204.0
2026-02-11 22:00:00,2026,2,11,22,-13,-7.0,1028.0,NE,0.89,0,0,184.0
2026-02-11 23:00:00,2026,2,11,23,-13,-7.0,1029.0,cv,0.89,0,0,177.0
2026-02-12 00:00:00,2026,2,12,0,-13,-8.0,1029.0,NE,0.89,0,0,220.0
2026-02-12 01:00:00,2026,2,12,1,-14,-10.0,1029.0,NE,1.78,0,0,268.0
2026-02-12 02:00:00,2026,2,12,2,-16,-10.0,1030.0,NW,3.13,0,0,255.0
2026-02-12 03:00:00,2026,2,12,3,-15,-10.0,1030.0,NW,6.26,0,0,241.0
2026-02-12 04:00:00,2026,2,12,4,-14,-9.0,1030.0,NW,9.39,0,0,181.0
2026-02-12 05:00:00,2026,2,12,5,-14,-8.0,1031.0,NW,12.52,0,0,146.0
2026-02-12 06:00:00,2026,2,12,6,-16,-9.0,1031.0,NW,15.65,0,0,141.0
2026-02-12 07:00:00,2026,2,12,7,-14,-7.0,1032.0,NW,20.57,0,0,136.0
2026-02-12 08:00:00,2026,2,12,8,-14,-7.0,1033.0,NW,24.59,0,0,124.0
2026-02-12 09:00:00,2026,2,12,9,-18,-3.0,1034.0,NE,3.13,0,0,87.0
2026-02-12 10:00:00,2026,2,12,10,-18,0.0,1034.0,NE,4.92,0,0,66.0
2026-02-12 11:00:00,2026,2,12,11,-22,1.0,1034.0,NE,8.05,0,0,44.0
2026-02-12 12:00:00,2026,2,12,12,-23,2.0,1033.0,NE,11.18,0,0,36.0
2026-02-12 13:00:00,2026,2,12,13,-22,4.0,1033.0,SE,1.79,0,0,39.0
2026-02-12 14:00:00,2026,2,12,14,-21,4.0,1032.0,SE,3.58,0,0,55.0
2026-02-12 15:00:00,2026,2,12,15,-20,4.0,1031.0,cv,1.79,0,0,114.0
2026-02-12 16:00:00,2026,2,12,16,-20,3.0,1032.0,SE,3.13,0,0,100.0
2026-02-12 17:00:00,2026,2,12,17,-19,2.0,1032.0,SE,6.26,0,0,95.0
2026-02-12 18:00:00,2026,2,12,18,-19,2.0,1032.0,SE,9.39,0,0,162.0
2026-02-12 19:00:00,2026,2,12,19,-15,1.0,1033.0,SE,13.41,0,0,237.0
2026-02-12 20:00:00,2026,2,12,20,-15,0.0,1034.0,SE,15.2,0,0,229.0
2026-02-12 21:00:00,2026,2,12,21,-12,-1.0,1035.0,SE,18.33,0,0,175.0
2026-02-12 22:00:00,2026,2,12,22,-12,-2.0,1035.0,SE,21.46,0,0,150.0
2026-02-12 23:00:00,2026,2,12,23,-9,-3.0,1036.0,SE,24.59,0,0,145.0
2026-02-13 00:00:00,2026,2,13,0,-8,-3.0,1036.0,SE,28.61,0,0,268.0
2026-02-13 01:00:00,2026,2,13,1,-9,-4.0,1036.0,SE,32.63,0,0,237.0
2026-02-13 02:00:00,2026,2,13,2,-10,-4.0,1037.0,SE,35.76,0,0,208.0
2026-02-13 03:00:00,2026,2,13,3,-10,-3.0,1037.0,SE,37.55,0,0,193.0
2026-02-13 04:00:00,2026,2,13,4,-11,-3.0,1037.0,SE,40.68,0,0,175.0
2026-02-13 05:00:00,2026,2,13,5,-11,-3.0,1037.0,SE,42.47,0,0,160.0
2026-02-13 06:00:00,2026,2,13,6,-12,-3.0,1037.0,SE,45.6,0,0,176.0
2026-02-13 07:00:00,2026,2,13,7,-12,-3.0,1037.0,SE,48.73,0,0,181.0
2026-02-13 08:00:00,2026,2,13,8,-13,-3.0,1037.0,SE,51.86,0,0,185.0
2026-02-13 09:00:00,2026,2,13,9,-12,-3.0,1038.0,SE,53.65,1,0,198.0
2026-02-13 10:00:00,2026,2,13,10,-11,-3.0,1038.0,SE,57.67,2,0,205.0
2026-02-13 11:00:00,2026,2,13,11,-11,-2.0,1037.0,SE,61.69,0,0,206.0
2026-02-13 12:00:00,2026,2,13,12,-12,-2.0,1036.0,SE,64.82,0,0,214.0
2026-02-13 13:00:00,2026,2,13,13,-10,0.0,1035.0,SE,66.61,0,0,214.0
2026-02-13 14:00:00,2026,2,13,14,-10,0.0,1034.0,SE,68.4,0,0,204.0
2026-02-13 15:00:00,2026,2,13,15,-10,0.0,1033.0,SE,71.53,0,0,208.0
2026-02-13 16:00:00,2026,2,13,16,-10,0.0,1032.0,SE,74.66,0,0,200.0
2026-02-13 17:00:00,2026,2,13,17,-10,0.0,1032.0,SE,76.45,0,0,197.0
2026-02-13 18:00:00,2026,2,13,18,-11,-1.0,1032.0,SE,78.24,0,0,220.0
2026-02-13 19:00:00,2026,2,13,19,-11,-2.0,1032.0,cv,0.89,0,0,236.0
2026-02-13 20:00:00,2026,2,13,20,-10,-3.0,1032.0,NE,1.79,0,0,239.0
2026-02-13 21:00:00,2026,2,13,21,-10,-3.0,1032.0,NE,3.58,0,0,250.0
2026-02-13 22:00:00,2026,2,13,22,-10,-2.0,1031.0,NE,5.37,0,0,243.0
2026-02-13 23:00:00,2026,2,13,23,-10,-3.0,1031.0,NE,6.26,0,0,251.0
2026-02-14 00:00:00,2026,2,14,0,-10,-4.0,1031.0,NE,7.15,0,0,263.0
2026-02-14 01:00:00,2026,2,14,1,-10,-5.0,1030.0,cv,0.89,0,0,262.0
2026-02-14 02:00:00,2026,2,14,2,-11,-7.0,1029.0,NE,0.89,0,0,261.0
2026-02-14 03:00:00,2026,2,14,3,-11,-7.0,1029.0,NE,1.78,0,0,276.0
2026-02-14 04:00:00,2026,2,14,4,-11,-8.0,1028.0,SE,0.89,0,0,264.0
2026-02-14 05:00:00,2026,2,14,5,-11,-8.0,1028.0,NW,0.89,0,0,259.0
2026-02-14 06:00:00,2026,2,14,6,-11,-8.0,1028.0,NW,2.68,0,0,250.0
2026-02-14 07:00:00,2026,2,14,7,-11,-9.0,1028.0,NW,4.47,0,0,235.0
2026-02-14 08:00:00,2026,2,14,8,-10,-7.0,1028.0,cv,0.89,0,0,222.0
2026-02-14 09:00:00,2026,2,14,9,-8,-4.0,1028.0,NE,0.89,0,0,206.0
2026-02-14 10:00:00,2026,2,14,10,-7,-2.0,1028.0,cv,0.89,0,0,205.0
2026-02-14 11:00:00,2026,2,14,11,-7,-1.0,1027.0,cv,1.78,0,0,196.0
2026-02-14 12:00:00,2026,2,14,12,-8,0.0,1027.0,cv,2.67,0,0,218.0
2026-02-14 13:00:00,2026,2,14,13,-8,1.0,1025.0,cv,4.46,0,0,234.0
2026-02-14 14:00:00,2026,2,14,14,-8,2.0,1024.0,cv,5.35,0,0,264.0
2026-02-14 15:00:00,2026,2,14,15,-9,2.0,1024.0,SE,1.79,0,0,272.0
2026-02-14 16:00:00,2026,2,14,16,-9,3.0,1023.0,cv,0.89,0,0,307.0
2026-02-14 17:00:00,2026,2,14,17,-9,2.0,1024.0,cv,1.78,0,0,323.0
2026-02-14 18:00:00,2026,2,14,18,-8,1.0,1024.0,cv,2.23,0,0,311.0
2026-02-14 19:00:00,2026,2,14,19,-8,-2.0,1024.0,cv,2.68,0,0,327.0
2026-02-14 20:00:00,2026,2,14,20,-7,-2.0,1024.0,SE,0.89,0,0,362.0
2026-02-14 21:00:00,2026,2,14,21,-8,-4.0,1024.0,NW,1.79,0,0,487.0
2026-02-14 22:00:00,2026,2,14,22,-8,-4.0,1025.0,NE,0.89,0,0,436.0
2026-02-14 23:00:00,2026,2,14,23,-8,-4.0,1025.0,cv,0.45,0,0,436.0
2026-02-15 00:00:00,2026,2,15,0,-8,-5.0,1025.0,NW,0.89,0,0,579.0
2026-02-15 01:00:00,2026,2,15,1,-8,-5.0,1024.0,cv,0.89,0,0,649.0
2026-02-15 02:00:00,2026,2,15,2,-9,-6.0,1024.0,NW,1.79,0,0,457.0
2026-02-15 03:00:00,2026,2,15,3,-9,-6.0,1024.0,NW,3.58,0,0,466.0
2026-02-15 04:00:00,2026,2,15,4,-9,-6.0,1024.0,NW,5.37,0,0,408.0
2026-02-15 05:00:00,2026,2,15,5,-8,-5.0,1024.0,NW,7.16,0,0,344.0
2026-02-15 06:00:00,2026,2,15,6,-8,-4.0,1024.0,NW,8.95,0,0,322.0
2026-02-15 07:00:00,2026,2,15,7,-9,-5.0,1025.0,NW,10.74,0,0,287.0
2026-02-15 08:00:00,2026,2,15,8,-9,-4.0,1025.0,NE,0.89,0,0,319.0
2026-02-15 09:00:00,2026,2,15,9,-7,-3.0,1026.0,cv,0.45,0,0,282.0
2026-02-15 10:00:00,2026,2,15,10,-6,0.0,1026.0,NW,1.79,0,0,277.0
2026-02-15 11:00:00,2026,2,15,11,-8,1.0,1025.0,SE,1.79,0,0,277.0
2026-02-15 12:00:00,2026,2,15,12,-8,1.0,1025.0,SE,3.58,0,0,279.0
2026-02-15 13:00:00,2026,2,15,13,-8,3.0,1024.0,SE,5.37,0,0,327.0
2026-02-15 14:00:00,2026,2,15,14,-8,3.0,1024.0,SE,7.16,0,0,348.0
2026-02-15 15:00:00,2026,2,15,15,-8,4.0,1023.0,SE,8.95,0,0,418.0
2026-02-15 16:00:00,2026,2,15,16,-8,4.0,1023.0,cv,0.89,0,0,423.0
2026-02-15 17:00:00,2026,2,15,17,-8,3.0,1024.0,SE,1.79,0,0,366.0
2026-02-15 18:00:00,2026,2,15,18,-8,2.0,1024.0,cv,0.89,0,0,338.0
2026-02-15 19:00:00,2026,2,15,19,-7,-1.0,1024.0,cv,1.34,0,0,347.0
2026-02-15 20:00:00,2026,2,15,20,-7,-2.0,1024.0,cv,2.23,0,0,336.0
2026-02-15 21:00:00,2026,2,15,21,-8,-4.0,1025.0,cv,3.12,0,0,351.0
2026-02-15 22:00:00,2026,2,15,22,-7,-4.0,1025.0,cv,4.01,0,0,353.0
2026-02-15 23:00:00,2026,2,15,23,-8,-4.0,1025.0,NW,1.79,0,0,375.0
2026-02-16 00:00:00,2026,2,16,0,-7,-3.0,1026.0,NW,3.58,0,0,382.0
2026-02-16 01:00:00,2026,2,16,1,-8,-5.0,1026.0,NW,6.71,0,0,393.0
2026-02-16 02:00:00,2026,2,16,2,-8,-4.0,1026.0,NW,8.5,0,0,388.0
2026-02-16 03:00:00,2026,2,16,3,-8,-5.0,1026.0,NW,10.29,0,0,376.0
2026-02-16 04:00:00,2026,2,16,4,-9,-5.0,1026.0,NW,14.31,0,0,382.0
2026-02-16 05:00:00,2026,2,16,5,-8,-4.0,1027.0,NW,18.33,0,0,362.0
2026-02-16 06:00:00,2026,2,16,6,-8,-4.0,1028.0,NW,21.46,0,0,345.0
2026-02-16 07:00:00,2026,2,16,7,-10,-6.0,1028.0,NW,24.59,0,0,328.0
2026-02-16 08:00:00,2026,2,16,8,-9,-4.0,1029.0,NW,27.72,0,0,323.0
2026-02-16 09:00:00,2026,2,16,9,-6,-1.0,1030.0,NW,29.51,0,0,297.0
2026-02-16 10:00:00,2026,2,16,10,-13,4.0,1030.0,NW,31.3,0,0,280.0
2026-02-16 11:00:00,2026,2,16,11,-11,3.0,1031.0,SE,1.79,0,0,267.0
2026-02-16 12:00:00,2026,2,16,12,-15,6.0,1030.0,cv,0.89,0,0,259.0
2026-02-16 13:00:00,2026,2,16,13,-15,7.0,1030.0,cv,2.68,0,0,177.0
2026-02-16 14:00:00,2026,2,16,14,-16,7.0,1029.0,SE,1.79,0,0,161.0
2026-02-16 15:00:00,2026,2,16,15,-15,7.0,1029.0,SE,3.58,0,0,120.0
2026-02-16 16:00:00,2026,2,16,16,-12,6.0,1029.0,SE,7.6,0,0,185.0
2026-02-16 17:00:00,2026,2,16,17,-11,5.0,1029.0,SE,9.39,0,0,211.0
2026-02-16 18:00:00,2026,2,16,18,-8,4.0,1030.0,SE,13.41,0,0,169.0
2026-02-16 19:00:00,2026,2,16,19,-8,3.0,1030.0,SE,17.43,0,0,242.0
2026-02-16 20:00:00,2026,2,16,20,-6,3.0,1031.0,SE,20.56,0,0,247.0
2026-02-16 21:00:00,2026,2,16,21,-6,2.0,1032.0,SE,22.35,0,0,238.0
2026-02-16 22:00:00,2026,2,16,22,-7,1.0,1033.0,SE,24.14,0,0,225.0
2026-02-16 23:00:00,2026,2,16,23,-7,1.0,1033.0,SE,25.93,0,0,216.0
2026-02-17 00:00:00,2026,2,17,0,-7,0.0,1033.0,cv,0.89,0,0,165.0
2026-02-17 01:00:00,2026,2,17,1,-9,0.0,1033.0,SE,3.13,0,0,142.0
2026-02-17 02:00:00,2026,2,17,2,-7,0.0,1034.0,SE,4.02,0,0,136.0
2026-02-17 03:00:00,2026,2,17,3,-8,-2.0,1034.0,SE,5.81,0,0,117.0
2026-02-17 04:00:00,2026,2,17,4,-9,-3.0,1034.0,cv,0.89,0,0,119.0
2026-02-17 05:00:00,2026,2,17,5,-10,-3.0,1034.0,NE,0.89,0,0,52.0
2026-02-17 06:00:00,2026,2,17,6,-9,-3.0,1034.0,NW,1.79,0,0,46.0
2026-02-17 07:00:00,2026,2,17,7,-10,-2.0,1035.0,cv,0.89,0,0,53.0
2026-02-17 08:00:00,2026,2,17,8,-9,-1.0,1036.0,SE,0.89,0,0,67.0
2026-02-17 09:00:00,2026,2,17,9,-10,1.0,1037.0,cv,0.89,0,0,70.0
2026-02-17 10:00:00,2026,2,17,10,-16,3.0,1037.0,SE,3.13,0,0,61.0
2026-02-17 11:00:00,2026,2,17,11,-17,3.0,1037.0,SE,7.15,0,0,78.0
2026-02-17 12:00:00,2026,2,17,12,-17,4.0,1036.0,SE,10.28,0,0,88.0
2026-02-17 13:00:00,2026,2,17,13,-18,5.0,1035.0,SE,12.07,0,0,75.0
2026-02-17 14:00:00,2026,2,17,14,-18,5.0,1034.0,SE,15.2,0,0,73.0
2026-02-17 15:00:00,2026,2,17,15,-19,5.0,1034.0,SE,16.99,0,0,79.0
2026-02-17 16:00:00,2026,2,17,16,-19,5.0,1034.0,SE,20.12,0,0,67.0
2026-02-17 17:00:00,2026,2,17,17,-19,4.0,1033.0,SE,23.25,0,0,73.0
2026-02-17 18:00:00,2026,2,17,18,-18,1.0,1033.0,SE,26.38,0,0,71.0
2026-02-17 19:00:00,2026,2,17,19,-17,1.0,1034.0,SE,28.17,0,0,66.0
2026-02-17 20:00:00,2026,2,17,20,-15,1.0,1035.0,SE,33.09,0,0,66.0
2026-02-17 21:00:00,2026,2,17,21,-14,0.0,1036.0,SE,37.11,0,0,75.0
2026-02-17 22:00:00,2026,2,17,22,-15,-2.0,1036.0,SE,41.13,0,0,59.0
2026-02-17 23:00:00,2026,2,17,23,-13,-1.0,1036.0,SE,45.15,0,0,41.0
2026-02-18 00:00:00,2026,2,18,0,-13,-2.0,1036.0,SE,48.28,0,0,45.0
2026-02-18 01:00:00,2026,2,18,1,-12,-3.0,1036.0,SE,49.17,0,0,28.0
2026-02-18 02:00:00,2026,2,18,2,-12,-3.0,1035.0,SE,50.96,0,0,27.0
2026-02-18 03:00:00,2026,2,18,3,-12,-4.0,1035.0,cv,0.89,0,0,27.0
2026-02-18 04:00:00,2026,2,18,4,-12,-4.0,1034.0,SE,1.79,0,0,46.0
2026-02-18 05:00:00,2026,2,18,5,-13,-4.0,1035.0,SE,3.58,0,0,65.0
2026-02-18 06:00:00,2026,2,18,6,-13,-4.0,1034.0,SE,5.37,0,0,60.0
2026-02-18 07:00:00,2026,2,18,7,-13,-4.0,1035.0,SE,7.16,0,0,54.0
2026-02-18 08:00:00,2026,2,18,8,-12,-3.0,1035.0,SE,8.95,0,0,63.0
2026-02-18 09:00:00,2026,2,18,9,-12,-3.0,1035.0,SE,12.97,0,0,71.0
2026-02-18 10:00:00,2026,2,18,10,-12,-2.0,1034.0,SE,16.1,0,0,69.0
2026-02-18 11:00:00,2026,2,18,11,-11,0.0,1034.0,SE,19.23,0,0,76.0
2026-02-18 12:00:00,2026,2,18,12,-12,1.0,1033.0,SE,22.36,0,0,82.0
2026-02-18 13:00:00,2026,2,18,13,-12,2.0,1031.0,SE,26.38,0,0,63.0
2026-02-18 14:00:00,2026,2,18,14,-12,2.0,1030.0,SE,30.4,0,0,63.0
2026-02-18 15:00:00,2026,2,18,15,-12,2.0,1029.0,SE,34.42,0,0,63.0
2026-02-18 16:00:00,2026,2,18,16,-12,2.0,1029.0,SE,37.55,0,0,64.0
2026-02-18 17:00:00,2026,2,18,17,-12,2.0,1028.0,SE,40.68,0,0,
2026-02-18 18:00:00,2026,2,18,18,-12,0.0,1028.0,SE,42.47,0,0,88.0
2026-02-18 19:00:00,2026,2,18,19,-11,-1.0,1029.0,cv,0.89,0,0,80.0
2026-02-18 20:00:00,2026,2,18,20,-10,-2.0,1029.0,SE,0.89,0,0,89.0
2026-02-18 21:00:00,2026,2,18,21,-11,-1.0,1029.0,NE,1.79,0,0,93.0
2026-02-18 22:00:00,2026,2,18,22,-11,-1.0,1030.0,SE,1.79,0,0,104.0
2026-02-18 23:00:00,2026,2,18,23,-11,-2.0,1029.0,SE,2.68,1,0,123.0
2026-02-19 00:00:00,2026,2,19,0,-11,-2.0,1029.0,NE,1.79,0,0,118.0
2026-02-19 01:00:00,2026,2,19,1,-11,-3.0,1029.0,NE,3.58,0,0,116.0
2026-02-19 02:00:00,2026,2,19,2,-11,-3.0,1029.0,SE,0.89,0,0,125.0
2026-02-19 03:00:00,2026,2,19,3,-11,-5.0,1028.0,NW,1.79,0,0,119.0
2026-02-19 04:00:00,2026,2,19,4,-11,-5.0,1028.0,cv,0.89,0,0,120.0
2026-02-19 05:00:00,2026,2,19,5,-12,-7.0,1028.0,NW,3.13,0,0,122.0
2026-02-19 06:00:00,2026,2,19,6,-11,-6.0,1029.0,cv,0.89,0,0,122.0
2026-02-19 07:00:00,2026,2,19,7,-12,-8.0,1029.0,cv,1.78,0,0,112.0
2026-02-19 08:00:00,2026,2,19,8,-10,-7.0,1030.0,NW,1.79,0,0,108.0
2026-02-19 09:00:00,2026,2,19,9,-8,0.0,1030.0,NW,4.92,0,0,103.0
2026-02-19 10:00:00,2026,2,19,10,-13,2.0,1031.0,NW,8.05,0,0,89.0
2026-02-19 11:00:00,2026,2,19,11,-15,3.0,1030.0,NW,9.84,0,0,58.0
2026-02-19 12:00:00,2026,2,19,12,-17,4.0,1029.0,NE,1.79,0,0,38.0
2026-02-19 13:00:00,2026,2,19,13,-17,5.0,1028.0,NW,1.79,0,0,19.0
2026-02-19 14:00:00,2026,2,19,14,-17,5.0,1027.0,cv,0.89,0,0,22.0
2026-02-19 15:00:00,2026,2,19,15,-18,6.0,1027.0,NE,1.79,0,0,18.0
2026-02-19 16:00:00,2026,2,19,16,-19,5.0,1027.0,SE,3.13,0,0,14.0
2026-02-19 17:00:00,2026,2,19,17,-18,5.0,1027.0,SE,7.15,0,0,16.0
2026-02-19 18:00:00,2026,2,19,18,-17,2.0,1027.0,SE,8.94,0,0,15.0
2026-02-19 19:00:00,2026,2,19,19,-15,1.0,1028.0,SE,12.96,0,0,34.0
2026-02-19 20:00:00,2026,2,19,20,-11,-1.0,1029.0,SE,16.98,0,0,39.0
2026-02-19 21:00:00,2026,2,19,21,-12,-2.0,1029.0,SE,20.11,0,0,89.0
2026-02-19 22:00:00,2026,2,19,22,-8,0.0,1030.0,SE,25.03,0,0,124.0
2026-02-19 23:00:00,2026,2,19,23,-9,-2.0,1030.0,SE,26.82,0,0,142.0
2026-02-20 00:00:00,2026,2,20,0,-7,-2.0,1030.0,SE,29.95,0,0,152.0
2026-02-20 01:00:00,2026,2,20,1,-7,-3.0,1030.0,SE,31.74,0,0,156.0
2026-02-20 02:00:00,2026,2,20,2,-7,-4.0,1030.0,SE,33.53,0,0,152.0
2026-02-20 03:00:00,2026,2,20,3,-7,-4.0,1030.0,SE,35.32,0,0,160.0
2026-02-20 04:00:00,2026,2,20,4,-6,-3.0,1030.0,SE,36.21,0,0,173.0
2026-02-20 05:00:00,2026,2,20,5,-6,-3.0,1030.0,cv,0.89,0,0,174.0
2026-02-20 06:00:00,2026,2,20,6,-5,-2.0,1031.0,SE,0.89,0,0,180.0
2026-02-20 07:00:00,2026,2,20,7,-5,-2.0,1031.0,SE,1.78,0,0,185.0
2026-02-20 08:00:00,2026,2,20,8,-5,-2.0,1032.0,SE,3.57,1,0,184.0
2026-02-20 09:00:00,2026,2,20,9,-5,-1.0,1032.0,SE,5.36,2,0,190.0
2026-02-20 10:00:00,2026,2,20,10,-6,-1.0,1032.0,SE,7.15,0,0,196.0
2026-02-20 11:00:00,2026,2,20,11,-6,0.0,1032.0,SE,8.94,0,0,
2026-02-20 12:00:00,2026,2,20,12,-7,0.0,1031.0,SE,10.73,0,0,221.0
2026-02-20 13:00:00,2026,2,20,13,-7,1.0,1030.0,SE,13.86,0,0,233.0
2026-02-20 14:00:00,2026,2,20,14,-7,1.0,1030.0,SE,16.99,0,0,240.0
2026-02-20 15:00:00,2026,2,20,15,-6,1.0,1030.0,SE,20.12,0,0,273.0
2026-02-20 16:00:00,2026,2,20,16,-6,0.0,1029.0,SE,23.25,0,0,327.0
2026-02-20 17:00:00,2026,2,20,17,-5,0.0,1029.0,SE,26.38,0,0,347.0
2026-02-20 18:00:00,2026,2,20,18,-5,-1.0,1029.0,SE,28.17,0,0,384.0
2026-02-20 19:00:00,2026,2,20,19,-6,-3.0,1029.0,SE,29.06,0,0,392.0
2026-02-20 20:00:00,2026,2,20,20,-6,-2.0,1030.0,SE,29.95,0,0,400.0
2026-02-20 21:00:00,2026,2,20,21,-6,-3.0,1030.0,NE,0.89,0,0,394.0
2026-02-20 22:00:00,2026,2,20,22,-6,-3.0,1030.0,cv,0.45,0,0,448.0
2026-02-20 23:00:00,2026,2,20,23,-6,-4.0,1030.0,SE,0.89,0,0,424.0
2026-02-21 00:00:00,2026,2,21,0,-6,-4.0,1030.0,cv,0.45,0,0,400.0
2026-02-21 01:00:00,2026,2,21,1,-7,-4.0,1030.0,cv,0.9,0,0,398.0
2026-02-21 02:00:00,2026,2,21,2,-8,-5.0,1029.0,cv,1.35,0,0,383.0
2026-02-21 03:00:00,2026,2,21,3,-7,-5.0,1029.0,cv,1.8,0,0,357.0
2026-02-21 04:00:00,2026,2,21,4,-7,-5.0,1029.0,cv,2.25,0,0,367.0
2026-02-21 05:00:00,2026,2,21,5,-7,-5.0,1029.0,SE,0.89,0,0,335.0
2026-02-21 06:00:00,2026,2,21,6,-8,-6.0,1029.0,NW,0.89,0,0,313.0
2026-02-21 07:00:00,2026,2,21,7,-6,-4.0,1029.0,cv,0.89,0,0,328.0
2026-02-21 08:00:00,2026,2,21,8,-5,-2.0,1029.0,NW,1.79,0,0,324.0
2026-02-21 09:00:00,2026,2,21,9,-3,0.0,1029.0,NW,4.92,0,0,305.0
2026-02-21 10:00:00,2026,2,21,10,-5,1.0,1029.0,NW,6.71,0,0,268.0
2026-02-21 11:00:00,2026,2,21,11,-5,2.0,1029.0,NW,8.5,0,0,247.0
2026-02-21 12:00:00,2026,2,21,12,-6,2.0,1028.0,cv,0.89,0,0,267.0
2026-02-21 13:00:00,2026,2,21,13,-6,3.0,1027.0,NW,1.79,0,0,334.0
2026-02-21 14:00:00,2026,2,21,14,-6,4.0,1026.0,cv,0.89,0,0,328.0
2026-02-21 15:00:00,2026,2,21,15,-6,4.0,1026.0,NE,1.79,0,0,327.0
2026-02-21 16:00:00,2026,2,21,16,-7,4.0,1026.0,SE,1.79,0,0,326.0
2026-02-21 17:00:00,2026,2,21,17,-7,3.0,1026.0,cv,0.89,0,0,309.0
2026-02-21 18:00:00,2026,2,21,18,-7,1.0,1027.0,SE,0.89,0,0,321.0
2026-02-21 19:00:00,2026,2,21,19,-6,1.0,1028.0,cv,0.89,0,0,340.0
2026-02-21 20:00:00,2026,2,21,20,-7,-2.0,1028.0,cv,1.78,0,0,346.0
2026-02-21 21:00:00,2026,2,21,21,-6,-1.0,1029.0,NE,0.89,0,0,330.0
2026-02-21 22:00:00,2026,2,21,22,-7,-2.0,1029.0,NW,3.13,0,0,340.0
2026-02-21 23:00:00,2026,2,21,23,-6,-1.0,1029.0,cv,0.89,0,0,353.0
2026-02-22 00:00:00,2026,2,22,0,-5,-1.0,1029.0,NW,0.89,0,0,384.0
2026-02-22 01:00:00,2026,2,22,1,-6,-2.0,1029.0,NW,2.68,0,0,383.0
2026-02-22 02:00:00,2026,2,22,2,-5,-1.0,1029.0,NW,5.81,0,0,399.0
2026-02-22 03:00:00,2026,2,22,3,-5,0.0,1029.0,NW,6.7,0,0,340.0
2026-02-22 04:00:00,2026,2,22,4,-6,0.0,1029.0,NW,7.59,0,0,327.0
2026-02-22 05:00:00,2026,2,22,5,-5,1.0,1029.0,NW,9.38,0,0,295.0
2026-02-22 06:00:00,2026,2,22,6,-6,1.0,1029.0,NW,11.17,0,0,296.0
2026-02-22 07:00:00,2026,2,22,7,-6,1.0,1030.0,NW,14.3,0,0,333.0
2026-02-22 08:00:00,2026,2,22,8,-6,2.0,1030.0,NW,16.09,0,0,336.0
2026-02-22 09:00:00,2026,2,22,9,-6,3.0,1031.0,NW,19.22,0,0,350.0
2026-02-22 10:00:00,2026,2,22,10,-5,3.0,1031.0,NW,21.01,0,0,305.0
2026-02-22 11:00:00,2026,2,22,11,-5,5.0,1031.0,cv,0.89,0,0,283.0
2026-02-22 12:00:00,2026,2,22,12,-5,5.0,1030.0,SE,1.79,0,0,323.0
2026-02-22 13:00:00,2026,2,22,13,-5,6.0,1029.0,NE,1.79,0,0,377.0
2026-02-22 14:00:00,2026,2,22,14,-4,6.0,1029.0,SE,1.79,0,0,357.0
2026-02-22 15:00:00,2026,2,22,15,-4,6.0,1029.0,SE,4.92,0,0,360.0
2026-02-22 16:00:00,2026,2,22,16,-4,6.0,1029.0,SE,8.05,0,0,350.0
2026-02-22 17:00:00,2026,2,22,17,-4,5.0,1029.0,cv,0.89,0,0,339.0
2026-02-22 18:00:00,2026,2,22,18,-4,4.0,1029.0,NE,0.89,0,0,335.0
2026-02-22 19:00:00,2026,2,22,19,-4,2.0,1030.0,SE,0.89,0,0,341.0
2026-02-22 20:00:00,2026,2,22,20,-4,3.0,1031.0,SE,2.68,0,0,352.0
2026-02-22 21:00:00,2026,2,22,21,-2,4.0,1031.0,SE,5.81,0,0,355.0
2026-02-22 22:00:00,2026,2,22,22,-3,3.0,1031.0,SE,8.94,0,0,327.0
2026-02-22 23:00:00,2026,2,22,23,-4,2.0,1032.0,SE,10.73,0,0,303.0
2026-02-23 00:00:00,2026,2,23,0,-4,2.0,1032.0,SE,12.52,0,0,287.0
2026-02-23 01:00:00,2026,2,23,1,-5,2.0,1032.0,SE,14.31,0,0,279.0
2026-02-23 02:00:00,2026,2,23,2,-5,2.0,1032.0,SE,16.1,0,0,
2026-02-23 03:00:00,2026,2,23,3,-5,1.0,1032.0,SE,17.89,0,0,264.0
2026-02-23 04:00:00,2026,2,23,4,-6,1.0,1031.0,SE,19.68,0,0,245.0
2026-02-23 05:00:00,2026,2,23,5,-6,1.0,1031.0,cv,0.89,0,0,228.0
2026-02-23 06:00:00,2026,2,23,6,-6,1.0,1031.0,cv,1.78,0,0,233.0
2026-02-23 07:00:00,2026,2,23,7,-6,1.0,1032.0,cv,2.67,0,0,240.0
2026-02-23 08:00:00,2026,2,23,8,-6,1.0,1032.0,cv,3.56,0,0,246.0
2026-02-23 09:00:00,2026,2,23,9,-6,1.0,1032.0,cv,4.45,0,0,246.0
2026-02-23 10:00:00,2026,2,23,10,-6,2.0,1032.0,SE,1.79,0,0,252.0
2026-02-23 11:00:00,2026,2,23,11,-6,2.0,1032.0,cv,0.89,0,0,266.0
2026-02-23 12:00:00,2026,2,23,12,-6,2.0,1031.0,cv,1.78,0,0,270.0
2026-02-23 13:00:00,2026,2,23,13,-6,2.0,1030.0,cv,2.67,0,0,279.0
2026-02-23 14:00:00,2026,2,23,14,-6,2.0,1030.0,cv,3.56,0,0,283.0
2026-02-23 15:00:00,2026,2,23,15,-6,3.0,1030.0,cv,4.45,0,0,316.0
2026-02-23 16:00:00,2026,2,23,16,-6,3.0,1029.0,cv,5.34,0,0,336.0
2026-02-23 17:00:00,2026,2,23,17,-6,3.0,1029.0,SE,0.89,0,0,333.0
2026-02-23 18:00:00,2026,2,23,18,-5,2.0,1029.0,SE,1.78,0,0,348.0
2026-02-23 19:00:00,2026,2,23,19,-6,2.0,1030.0,cv,0.89,0,0,360.0
2026-02-23 20:00:00,2026,2,23,20,-5,1.0,1030.0,cv,1.78,0,0,358.0
2026-02-23 21:00:00,2026,2,23,21,-5,2.0,1030.0,cv,2.67,0,0,358.0
2026-02-23 22:00:00,2026,2,23,22,-5,2.0,1030.0,cv,3.56,0,0,357.0
2026-02-23 23:00:00,2026,2,23,23,-5,2.0,1030.0,cv,4.45,0,0,362.0
2026-02-24 00:00:00,2026,2,24,0,-5,2.0,1030.0,NE,0.89,0,0,348.0
2026-02-24 01:00:00,2026,2,24,1,-5,2.0,1029.0,NW,0.89,0,0,323.0
2026-02-24 02:00:00,2026,2,24,2,-5,2.0,1029.0,cv,0.45,0,0,339.0
2026-02-24 03:00:00,2026,2,24,3,-5,2.0,1028.0,NW,0.89,0,0,339.0
2026-02-24 04:00:00,2026,2,24,4,-5,2.0,1028.0,NW,2.68,0,0,339.0
2026-02-24 05:00:00,2026,2,24,5,-5,2.0,1028.0,NW,4.47,0,0,341.0
2026-02-24 06:00:00,2026,2,24,6,-5,1.0,1028.0,NW,6.26,0,0,344.0
2026-02-24 07:00:00,2026,2,24,7,-5,1.0,1028.0,NW,8.05,0,0,335.0
2026-02-24 08:00:00,2026,2,24,8,-5,2.0,1029.0,cv,0.89,0,0,329.0
2026-02-24 09:00:00,2026,2,24,9,-5,3.0,1029.0,NE,1.79,0,0,323.0
2026-02-24 10:00:00,2026,2,24,10,-5,4.0,1029.0,NE,3.58,0,0,350.0
2026-02-24 11:00:00,2026,2,24,11,-5,5.0,1028.0,NW,1.79,0,0,341.0
2026-02-24 12:00:00,2026,2,24,12,-5,6.0,1028.0,NW,3.58,0,0,347.0
2026-02-24 13:00:00,2026,2,24,13,-5,7.0,1027.0,cv,0.89,0,0,356.0
2026-02-24 14:00:00,2026,2,24,14,-5,7.0,1026.0,cv,1.78,0,0,342.0
2026-02-24 15:00:00,2026,2,24,15,-5,7.0,1025.0,cv,2.67,0,0,366.0
2026-02-24 16:00:00,2026,2,24,16,-5,7.0,1025.0,cv,4.46,0,0,358.0
2026-02-24 17:00:00,2026,2,24,17,-5,7.0,1025.0,cv,5.35,0,0,391.0
2026-02-24 18:00:00,2026,2,24,18,-5,5.0,1025.0,cv,6.24,0,0,425.0
2026-02-24 19:00:00,2026,2,24,19,-5,4.0,1026.0,SE,1.79,0,0,387.0
2026-02-24 20:00:00,2026,2,24,20,-5,3.0,1027.0,SE,3.58,0,0,363.0
2026-02-24 21:00:00,2026,2,24,21,-5,2.0,1027.0,cv,0.89,0,0,343.0
2026-02-24 22:00:00,2026,2,24,22,-5,0.0,1027.0,NE,0.89,0,0,353.0
2026-02-24 23:00:00,2026,2,24,23,-4,0.0,1027.0,NE,1.78,0,0,357.0
2026-02-25 00:00:00,2026,2,25,0,-4,-1.0,1027.0,cv,0.89,0,0,371.0
2026-02-25 01:00:00,2026,2,25,1,-5,-1.0,1027.0,cv,1.34,0,0,394.0
2026-02-25 02:00:00,2026,2,25,2,-5,-2.0,1027.0,NE,0.89,0,0,453.0
2026-02-25 03:00:00,2026,2,25,3,-5,-2.0,1027.0,cv,0.89,0,0,453.0
2026-02-25 04:00:00,2026,2,25,4,-5,-2.0,1027.0,NW,0.89,0,0,485.0
2026-02-25 05:00:00,2026,2,25,5,-5,-2.0,1027.0,NW,1.78,0,0,463.0
2026-02-25 06:00:00,2026,2,25,6,-5,-2.0,1027.0,NW,3.57,0,0,463.0
2026-02-25 07:00:00,2026,2,25,7,-4,-1.0,1027.0,NW,5.36,0,0,418.0
2026-02-25 08:00:00,2026,2,25,8,-4,0.0,1028.0,NW,7.15,0,0,384.0
2026-02-25 09:00:00,2026,2,25,9,-4,2.0,1028.0,NW,10.28,0,0,371.0
2026-02-25 10:00:00,2026,2,25,10,-4,3.0,1027.0,cv,0.89,0,0,369.0
2026-02-25 11:00:00,2026,2,25,11,-4,5.0,1027.0,cv,1.78,0,0,374.0
2026-02-25 12:00:00,2026,2,25,12,-4,6.0,1027.0,cv,2.67,0,0,397.0
2026-02-25 13:00:00,2026,2,25,13,-4,7.0,1025.0,cv,3.56,0,0,397.0
2026-02-25 14:00:00,2026,2,25,14,-5,8.0,1024.0,SE,1.79,0,0,389.0
2026-02-25 15:00:00,2026,2,25,15,-4,8.0,1024.0,SE,3.58,0,0,410.0
2026-02-25 16:00:00,2026,2,25,16,-4,8.0,1024.0,cv,1.79,0,0,436.0
2026-02-25 17:00:00,2026,2,25,17,-4,8.0,1024.0,cv,2.68,0,0,462.0
2026-02-25 18:00:00,2026,2,25,18,-4,6.0,1024.0,cv,3.13,0,0,482.0
2026-02-25 19:00:00,2026,2,25,19,-3,4.0,1025.0,cv,4.02,0,0,501.0
2026-02-25 20:00:00,2026,2,25,20,-5,3.0,1025.0,NW,1.79,0,0,507.0
2026-02-25 21:00:00,2026,2,25,21,-4,2.0,1026.0,NE,1.79,0,0,523.0
2026-02-25 22:00:00,2026,2,25,22,-4,1.0,1026.0,cv,0.89,0,0,545.0
2026-02-25 23:00:00,2026,2,25,23,-4,1.0,1025.0,cv,1.34,0,0,577.0
2026-02-26 00:00:00,2026,2,26,0,-4,0.0,1025.0,cv,2.23,0,0,541.0
2026-02-26 01:00:00,2026,2,26,1,-4,1.0,1025.0,NE,0.89,0,0,532.0
2026-02-26 02:00:00,2026,2,26,2,-4,1.0,1025.0,NW,0.89,0,0,534.0
2026-02-26 03:00:00,2026,2,26,3,-4,0.0,1024.0,NW,2.68,0,0,495.0
2026-02-26 04:00:00,2026,2,26,4,-4,1.0,1024.0,NW,4.47,0,0,483.0
2026-02-26 05:00:00,2026,2,26,5,-4,1.0,1023.0,NW,5.36,0,0,474.0
2026-02-26 06:00:00,2026,2,26,6,-4,0.0,1023.0,cv,0.89,0,0,478.0
2026-02-26 07:00:00,2026,2,26,7,-4,0.0,1023.0,NW,0.89,0,0,496.0
2026-02-26 08:00:00,2026,2,26,8,-3,1.0,1024.0,NW,1.78,0,0,519.0
2026-02-26 09:00:00,2026,2,26,9,-2,4.0,1023.0,NW,2.67,0,0,526.0
2026-02-26 10:00:00,2026,2,26,10,-1,5.0,1023.0,SE,1.79,0,0,512.0
2026-02-26 11:00:00,2026,2,26,11,0,6.0,1022.0,cv,0.89,0,0,557.0
2026-02-26 12:00:00,2026,2,26,12,0,7.0,1021.0,cv,1.78,0,0,551.0
2026-02-26 13:00:00,2026,2,26,13,0,8.0,1021.0,cv,2.67,0,0,562.0
2026-02-26 14:00:00,2026,2,26,14,-1,9.0,1020.0,NW,3.13,0,0,542.0
2026-02-26 15:00:00,2026,2,26,15,-1,9.0,1020.0,cv,0.89,0,0,502.0
2026-02-26 16:00:00,2026,2,26,16,0,9.0,1020.0,NW,1.79,0,0,525.0
2026-02-26 17:00:00,2026,2,26,17,0,9.0,1021.0,NW,4.92,0,1,446.0
2026-02-26 18:00:00,2026,2,26,18,2,8.0,1022.0,NW,10.73,0,2,188.0
2026-02-26 19:00:00,2026,2,26,19,2,7.0,1023.0,NW,15.65,0,3,111.0
2026-02-26 20:00:00,2026,2,26,20,2,8.0,1023.0,NW,19.67,0,0,82.0
2026-02-26 21:00:00,2026,2,26,21,2,6.0,1024.0,NE,3.13,0,1,58.0
2026-02-26 22:00:00,2026,2,26,22,2,6.0,1024.0,NW,3.13,0,0,43.0
2026-02-26 23:00:00,2026,2,26,23,2,6.0,1025.0,NW,6.26,0,0,27.0
2026-02-27 00:00:00,2026,2,27,0,-9,7.0,1025.0,NW,14.31,0,0,31.0
2026-02-27 01:00:00,2026,2,27,1,-11,5.0,1026.0,NW,22.36,0,0,15.0
2026-02-27 02:00:00,2026,2,27,2,-14,4.0,1027.0,NW,28.17,0,0,17.0
2026-02-27 03:00:00,2026,2,27,3,-15,4.0,1027.0,NW,37.11,0,0,17.0
2026-02-27 04:00:00,2026,2,27,4,-15,3.0,1027.0,NW,46.05,0,0,21.0
2026-02-27 05:00:00,2026,2,27,5,-16,3.0,1028.0,NW,54.1,0,0,17.0
2026-02-27 06:00:00,2026,2,27,6,-17,2.0,1029.0,NW,59.91,0,0,13.0
2026-02-27 07:00:00,2026,2,27,7,-18,2.0,1030.0,NW,64.83,0,0,11.0
2026-02-27 08:00:00,2026,2,27,8,-15,3.0,1031.0,NW,67.96,0,0,12.0
2026-02-27 09:00:00,2026,2,27,9,-18,5.0,1032.0,NW,75.11,0,0,10.0
2026-02-27 10:00:00,2026,2,27,10,-18,5.0,1032.0,NW,80.92,0,0,13.0
2026-02-27 11:00:00,2026,2,27,11,-17,6.0,1032.0,NW,84.05,0,0,13.0
2026-02-27 12:00:00,2026,2,27,12,-18,7.0,1031.0,NE,4.02,0,0,8.0
2026-02-27 13:00:00,2026,2,27,13,-19,8.0,1030.0,NW,3.13,0,0,12.0
2026-02-27 14:00:00,2026,2,27,14,-19,7.0,1029.0,cv,3.13,0,0,12.0
2026-02-27 15:00:00,2026,2,27,15,-19,9.0,1028.0,cv,4.92,0,0,14.0
2026-02-27 16:00:00,2026,2,27,16,-19,8.0,1028.0,NE,1.79,0,0,17.0
2026-02-27 17:00:00,2026,2,27,17,-20,7.0,1027.0,NE,3.58,0,0,18.0
2026-02-27 18:00:00,2026,2,27,18,-19,6.0,1027.0,SE,1.79,0,0,17.0
2026-02-27 19:00:00,2026,2,27,19,-17,2.0,1028.0,SE,3.58,0,0,19.0
2026-02-27 20:00:00,2026,2,27,20,-18,3.0,1028.0,SE,5.37,0,0,31.0
2026-02-27 21:00:00,2026,2,27,21,-16,1.0,1028.0,cv,0.89,0,0,45.0
2026-02-27 22:00:00,2026,2,27,22,-12,0.0,1028.0,cv,1.78,0,0,42.0
2026-02-27 23:00:00,2026,2,27,23,-15,0.0,1029.0,cv,2.67,0,0,53.0
2026-02-28 00:00:00,2026,2,28,0,-12,-2.0,1028.0,NE,1.79,0,0,42.0
2026-02-28 01:00:00,2026,2,28,1,-14,0.0,1029.0,SE,3.13,0,0,34.0
2026-02-28 02:00:00,2026,2,28,2,-6,-1.0,1029.0,SE,4.92,0,0,130.0
2026-02-28 03:00:00,2026,2,28,3,-5,-1.0,1029.0,SE,8.05,0,0,114.0
2026-02-28 04:00:00,2026,2,28,4,-5,-1.0,1028.0,SE,9.84,0,0,61.0
2026-02-28 05:00:00,2026,2,28,5,-6,-2.0,1028.0,cv,0.89,0,0,48.0
2026-02-28 06:00:00,2026,2,28,6,-6,-2.0,1028.0,cv,1.78,0,0,48.0
2026-02-28 07:00:00,2026,2,28,7,-8,-3.0,1029.0,cv,2.67,0,0,54.0
2026-02-28 08:00:00,2026,2,28,8,-5,-1.0,1029.0,SE,0.89,0,0,57.0
2026-02-28 09:00:00,2026,2,28,9,-6,0.0,1030.0,cv,0.89,0,0,63.0
2026-02-28 10:00:00,2026,2,28,10,-6,2.0,1029.0,SE,1.79,0,0,81.0
2026-02-28 11:00:00,2026,2,28,11,-6,2.0,1029.0,SE,3.58,0,0,98.0
2026-02-28 12:00:00,2026,2,28,12,-8,3.0,1027.0,SE,7.6,0,0,106.0
2026-02-28 13:00:00,2026,2,28,13,-8,5.0,1026.0,SE,10.73,0,0,97.0
2026-02-28 14:00:00,2026,2,28,14,-8,5.0,1025.0,SE,13.86,0,0,108.0
2026-02-28 15:00:00,2026,2,28,15,-9,6.0,1024.0,cv,0.89,0,0,103.0
2026-02-28 16:00:00,2026,2,28,16,-9,6.0,1023.0,cv,1.78,0,0,96.0
2026-02-28 17:00:00,2026,2,28,17,-9,6.0,1023.0,SE,1.79,0,0,84.0
2026-02-28 18:00:00,2026,2,28,18,-10,6.0,1023.0,SE,3.58,0,0,118.0
2026-02-28 19:00:00,2026,2,28,19,-7,4.0,1023.0,NW,4.02,0,0,116.0
2026-02-28 20:00:00,2026,2,28,20,-7,2.0,1024.0,cv,0.89,0,0,158.0
2026-02-28 21:00:00,2026,2,28,21,-7,0.0,1025.0,cv,1.78,0,0,171.0
2026-02-28 22:00:00,2026,2,28,22,-7,0.0,1025.0,NW,1.79,0,0,179.0
2026-02-28 23:00:00,2026,2,28,23,-6,0.0,1025.0,NW,3.58,0,0,172.0
2026-03-01 00:00:00,2026,3,1,0,-7,-1.0,1025.0,NW,5.37,0,0,168.0
2026-03-01 01:00:00,2026,3,1,1,-6,-1.0,1025.0,cv,0.89,0,0,188.0
2026-03-01 02:00:00,2026,3,1,2,-8,-3.0,1025.0,NW,3.13,0,0,206.0
2026-03-01 03:00:00,2026,3,1,3,-6,-2.0,1024.0,NE,1.79,0,0,210.0
2026-03-01 04:00:00,2026,3,1,4,-7,-3.0,1024.0,NW,1.79,0,0,180.0
2026-03-01 05:00:00,2026,3,1,5,-6,-1.0,1025.0,NW,4.92,0,0,181.0
2026-03-01 06:00:00,2026,3,1,6,-7,-1.0,1025.0,NW,8.05,0,0,149.0
2026-03-01 07:00:00,2026,3,1,7,-6,0.0,1025.0,NW,12.07,0,0,100.0
2026-03-01 08:00:00,2026,3,1,8,-8,2.0,1026.0,NW,16.09,0,0,83.0
2026-03-01 09:00:00,2026,3,1,9,-9,4.0,1026.0,NW,20.11,0,0,45.0
2026-03-01 10:00:00,2026,3,1,10,-18,7.0,1026.0,NW,25.03,0,0,29.0
2026-03-01 11:00:00,2026,3,1,11,-21,8.0,1025.0,NW,30.84,0,0,15.0
2026-03-01 12:00:00,2026,3,1,12,-23,10.0,1025.0,NW,36.65,0,0,14.0
2026-03-01 13:00:00,2026,3,1,13,-23,10.0,1023.0,NW,39.78,0,0,17.0
2026-03-01 14:00:00,2026,3,1,14,-24,11.0,1022.0,NW,42.91,0,0,12.0
2026-03-01 15:00:00,2026,3,1,15,-24,11.0,1021.0,cv,1.79,0,0,10.0
2026-03-01 16:00:00,2026,3,1,16,-27,12.0,1020.0,NW,7.15,0,0,10.0
2026-03-01 17:00:00,2026,3,1,17,-25,12.0,1020.0,NW,15.2,0,0,14.0
2026-03-01 18:00:00,2026,3,1,18,-23,10.0,1020.0,SE,4.02,0,0,29.0
2026-03-01 19:00:00,2026,3,1,19,-20,9.0,1021.0,SE,8.04,0,0,51.0
2026-03-01 20:00:00,2026,3,1,20,-20,8.0,1021.0,SE,12.06,0,0,48.0
2026-03-01 21:00:00,2026,3,1,21,-18,8.0,1021.0,SE,16.08,0,0,74.0
2026-03-01 22:00:00,2026,3,1,22,-17,8.0,1022.0,SE,21.0,0,0,93.0
2026-03-01 23:00:00,2026,3,1,23,-16,4.0,1022.0,SE,24.13,0,0,112.0
2026-03-02 00:00:00,2026,3,2,0,-7,1.0,1023.0,SE,27.26,0,0,125.0
2026-03-02 01:00:00,2026,3,2,1,-6,1.0,1022.0,SE,30.39,0,0,133.0
2026-03-02 02:00:00,2026,3,2,2,-6,0.0,1023.0,SE,32.18,0,0,150.0
2026-03-02 03:00:00,2026,3,2,3,-6,-1.0,1023.0,NE,1.79,0,0,124.0
2026-03-02 04:00:00,2026,3,2,4,-5,-1.0,1023.0,SE,1.79,0,0,135.0
2026-03-02 05:00:00,2026,3,2,5,-6,-1.0,1023.0,cv,0.89,0,0,143.0
2026-03-02 06:00:00,2026,3,2,6,-6,-1.0,1023.0,SE,1.79,0,0,139.0
2026-03-02 07:00:00,2026,3,2,7,-7,-1.0,1024.0,SE,3.58,0,0,128.0
2026-03-02 08:00:00,2026,3,2,8,-7,0.0,1024.0,cv,0.89,0,0,134.0
2026-03-02 09:00:00,2026,3,2,9,-9,1.0,1024.0,SE,1.79,0,0,146.0
2026-03-02 10:00:00,2026,3,2,10,-8,3.0,1025.0,NE,1.79,0,0,154.0
2026-03-02 11:00:00,2026,3,2,11,-9,5.0,1024.0,cv,1.79,0,0,157.0
2026-03-02 12:00:00,2026,3,2,12,-9,6.0,1023.0,SE,1.79,0,0,174.0
2026-03-02 13:00:00,2026,3,2,13,-11,8.0,1022.0,cv,0.89,0,0,158.0
2026-03-02 14:00:00,2026,3,2,14,-12,10.0,1021.0,SE,3.13,0,0,151.0
2026-03-02 15:00:00,2026,3,2,15,-12,10.0,1020.0,SE,7.15,0,0,141.0
2026-03-02 16:00:00,2026,3,2,16,-13,11.0,1020.0,SE,10.28,0,0,137.0
2026-03-02 17:00:00,2026,3,2,17,-12,10.0,1020.0,SE,14.3,0,0,144.0
2026-03-02 18:00:00,2026,3,2,18,-11,8.0,1020.0,SE,17.43,0,0,144.0
2026-03-02 19:00:00,2026,3,2,19,-10,5.0,1021.0,cv,0.89,0,0,159.0
2026-03-02 20:00:00,2026,3,2,20,-9,6.0,1022.0,SE,3.13,0,0,166.0
2026-03-02 21:00:00,2026,3,2,21,-6,6.0,1023.0,SE,7.15,0,0,183.0
2026-03-02 22:00:00,2026,3,2,22,-5,4.0,1023.0,SE,8.94,0,0,228.0
2026-03-02 23:00:00,2026,3,2,23,-4,3.0,1023.0,SE,10.73,0,0,257.0
2026-03-03 00:00:00,2026,3,3,0,-4,2.0,1023.0,SE,12.52,0,0,306.0
2026-03-03 01:00:00,2026,3,3,1,-5,1.0,1024.0,cv,0.89,0,0,222.0
2026-03-03 02:00:00,2026,3,3,2,-5,-1.0,1024.0,cv,1.78,0,0,193.0
2026-03-03 03:00:00,2026,3,3,3,-4,0.0,1023.0,SE,1.79,0,0,188.0
2026-03-03 04:00:00,2026,3,3,4,-6,-2.0,1023.0,cv,0.89,0,0,182.0
2026-03-03 05:00:00,2026,3,3,5,-6,-3.0,1023.0,cv,1.34,0,0,184.0
2026-03-03 06:00:00,2026,3,3,6,-6,-3.0,1023.0,cv,2.23,0,0,209.0
2026-03-03 07:00:00,2026,3,3,7,-5,-3.0,1022.0,SE,1.79,0,0,225.0
2026-03-03 08:00:00,2026,3,3,8,-5,-2.0,1023.0,SE,2.68,0,0,238.0
2026-03-03 09:00:00,2026,3,3,9,-4,0.0,1023.0,cv,0.89,0,0,246.0
2026-03-03 10:00:00,2026,3,3,10,-3,2.0,1023.0,cv,1.78,0,0,269.0
2026-03-03 11:00:00,2026,3,3,11,-5,2.0,1022.0,cv,2.67,0,0,284.0
2026-03-03 12:00:00,2026,3,3,12,-6,3.0,1022.0,NE,1.79,0,0,260.0
2026-03-03 13:00:00,2026,3,3,13,-7,3.0,1021.0,SE,1.79,0,0,295.0
2026-03-03 14:00:00,2026,3,3,14,-7,3.0,1020.0,NE,1.79,0,0,322.0
2026-03-03 15:00:00,2026,3,3,15,-8,3.0,1020.0,NE,3.58,0,0,308.0
2026-03-03 16:00:00,2026,3,3,16,-8,3.0,1020.0,NW,1.79,0,0,271.0
2026-03-03 17:00:00,2026,3,3,17,-8,3.0,1020.0,NW,4.92,0,0,240.0
2026-03-03 18:00:00,2026,3,3,18,-7,3.0,1020.0,NW,8.05,0,0,230.0
2026-03-03 19:00:00,2026,3,3,19,-6,3.0,1021.0,NW,11.18,0,0,237.0
2026-03-03 20:00:00,2026,3,3,20,-6,3.0,1021.0,NW,14.31,0,0,242.0
2026-03-03 21:00:00,2026,3,3,21,-6,3.0,1022.0,NW,17.44,0,0,241.0
2026-03-03 22:00:00,2026,3,3,22,-7,0.0,1022.0,NW,20.57,0,0,238.0
2026-03-03 23:00:00,2026,3,3,23,-8,1.0,1022.0,NW,23.7,0,0,255.0
2026-03-04 00:00:00,2026,3,4,0,-9,1.0,1023.0,NW,26.83,0,0,266.0
2026-03-04 01:00:00,2026,3,4,1,-9,2.0,1023.0,NW,29.96,0,0,255.0
2026-03-04 02:00:00,2026,3,4,2,-7,0.0,1024.0,NW,33.09,0,0,232.0
2026-03-04 03:00:00,2026,3,4,3,-7,0.0,1024.0,NW,34.88,0,0,226.0
2026-03-04 04:00:00,2026,3,4,4,-6,0.0,1024.0,NW,36.67,0,0,215.0
2026-03-04 05:00:00,2026,3,4,5,-6,-1.0,1025.0,NE,1.79,0,0,75.0
2026-03-04 06:00:00,2026,3,4,6,-8,-1.0,1025.0,NW,3.13,0,0,3.0
2026-03-04 07:00:00,2026,3,4,7,-10,-1.0,1026.0,NW,4.92,0,0,4.0
2026-03-04 08:00:00,2026,3,4,8,-13,5.0,1027.0,NW,8.05,0,0,7.0
2026-03-04 09:00:00,2026,3,4,9,-18,7.0,1027.0,NW,12.07,0,0,6.0
2026-03-04 10:00:00,2026,3,4,10,-25,7.0,1028.0,NW,21.01,0,0,14.0
2026-03-04 11:00:00,2026,3,4,11,-24,9.0,1027.0,NW,26.82,0,0,13.0
2026-03-04 12:00:00,2026,3,4,12,-23,8.0,1027.0,NW,33.97,0,0,8.0
2026-03-04 13:00:00,2026,3,4,13,-26,8.0,1026.0,NW,41.12,0,0,11.0
2026-03-04 14:00:00,2026,3,4,14,-26,9.0,1025.0,NW,49.17,0,0,13.0
2026-03-04 15:00:00,2026,3,4,15,-29,9.0,1025.0,NW,57.22,0,0,11.0
2026-03-04 16:00:00,2026,3,4,16,-29,10.0,1025.0,NW,65.27,0,0,7.0
2026-03-04 17:00:00,2026,3,4,17,-30,8.0,1025.0,NW,71.08,0,0,8.0
2026-03-04 18:00:00,2026,3,4,18,-29,7.0,1026.0,NW,78.23,0,0,11.0
2026-03-04 19:00:00,2026,3,4,19,-28,6.0,1027.0,NW,84.04,0,0,12.0
2026-03-04 20:00:00,2026,3,4,20,-27,5.0,1028.0,NW,89.85,0,0,13.0
2026-03-04 21:00:00,2026,3,4,21,-25,1.0,1029.0,NW,94.77,0,0,9.0
2026-03-04 22:00:00,2026,3,4,22,-25,0.0,1030.0,NW,99.69,0,0,9.0
2026-03-04 23:00:00,2026,3,4,23,-23,0.0,1030.0,NW,105.5,0,0,7.0
2026-03-05 00:00:00,2026,3,5,0,-22,-2.0,1030.0,NW,110.42,0,0,14.0
2026-03-05 01:00:00,2026,3,5,1,-21,-4.0,1030.0,NW,114.44,0,0,10.0
2026-03-05 02:00:00,2026,3,5,2,-20,-3.0,1030.0,NW,117.57,0,0,9.0
2026-03-05 03:00:00,2026,3,5,3,-19,-4.0,1031.0,NW,119.36,0,0,18.0
2026-03-05 04:00:00,2026,3,5,4,-17,-6.0,1030.0,NE,0.89,0,0,14.0
2026-03-05 05:00:00,2026,3,5,5,-15,-5.0,1030.0,SE,0.89,0,0,12.0
2026-03-05 06:00:00,2026,3,5,6,-16,-6.0,1030.0,cv,0.45,0,0,26.0
2026-03-05 07:00:00,2026,3,5,7,-16,-4.0,1031.0,cv,1.34,0,0,30.0
2026-03-05 08:00:00,2026,3,5,8,-15,0.0,1031.0,cv,1.79,0,0,35.0
2026-03-05 09:00:00,2026,3,5,9,-22,3.0,1031.0,cv,2.68,0,0,27.0
2026-03-05 10:00:00,2026,3,5,10,-23,4.0,1030.0,cv,3.57,0,0,13.0
2026-03-05 11:00:00,2026,3,5,11,-24,5.0,1030.0,SE,3.13,0,0,18.0
2026-03-05 12:00:00,2026,3,5,12,-25,7.0,1028.0,SE,7.15,0,0,27.0
2026-03-05 13:00:00,2026,3,5,13,-25,8.0,1027.0,SE,12.07,0,0,23.0
2026-03-05 14:00:00,2026,3,5,14,-24,8.0,1026.0,SE,17.88,0,0,25.0
2026-03-05 15:00:00,2026,3,5,15,-24,8.0,1025.0,SE,23.69,0,0,27.0
2026-03-05 16:00:00,2026,3,5,16,-24,8.0,1024.0,SE,29.5,0,0,26.0
2026-03-05 17:00:00,2026,3,5,17,-23,8.0,1024.0,SE,36.65,0,0,32.0
2026-03-05 18:00:00,2026,3,5,18,-22,7.0,1024.0,SE,43.8,0,0,39.0
2026-03-05 19:00:00,2026,3,5,19,-21,6.0,1025.0,SE,49.61,0,0,49.0
2026-03-05 20:00:00,2026,3,5,20,-20,6.0,1026.0,SE,55.42,0,0,48.0
2026-03-05 21:00:00,2026,3,5,21,-22,5.0,1027.0,NW,3.13,0,0,49.0
2026-03-05 22:00:00,2026,3,5,22,-27,4.0,1028.0,NW,8.05,0,0,16.0
2026-03-05 23:00:00,2026,3,5,23,-27,3.0,1029.0,NW,12.97,0,0,12.0
2026-03-06 00:00:00,2026,3,6,0,-29,3.0,1029.0,NW,16.99,0,0,12.0
2026-03-06 01:00:00,2026,3,6,1,-28,2.0,1030.0,NW,21.01,0,0,11.0
2026-03-06 02:00:00,2026,3,6,2,-25,-2.0,1030.0,NW,24.14,0,0,8.0
2026-03-06 03:00:00,2026,3,6,3,-27,0.0,1030.0,NW,28.16,0,0,11.0
2026-03-06 04:00:00,2026,3,6,4,-24,0.0,1030.0,NW,29.95,0,0,9.0
2026-03-06 05:00:00,2026,3,6,5,-22,-3.0,1031.0,NE,1.79,0,0,9.0
2026-03-06 06:00:00,2026,3,6,6,-24,-4.0,1031.0,NW,1.79,0,0,12.0
2026-03-06 07:00:00,2026,3,6,7,-23,-5.0,1032.0,NW,3.58,0,0,16.0
2026-03-06 08:00:00,2026,3,6,8,-24,1.0,1033.0,NW,5.37,0,0,14.0
2026-03-06 09:00:00,2026,3,6,9,-27,2.0,1033.0,NE,3.13,0,0,23.0
2026-03-06 10:00:00,2026,3,6,10,-27,4.0,1033.0,NE,6.26,0,0,16.0
2026-03-06 11:00:00,2026,3,6,11,-28,4.0,1032.0,cv,1.79,0,0,10.0
2026-03-06 12:00:00,2026,3,6,12,-30,6.0,1031.0,NW,4.92,0,0,13.0
2026-03-06 13:00:00,2026,3,6,13,-30,6.0,1030.0,cv,3.13,0,0,15.0
2026-03-06 14:00:00,2026,3,6,14,-29,7.0,1029.0,NW,4.02,0,0,12.0
2026-03-06 15:00:00,2026,3,6,15,-31,7.0,1028.0,NW,9.83,0,0,11.0
2026-03-06 16:00:00,2026,3,6,16,-30,7.0,1027.0,NW,17.88,0,0,12.0
2026-03-06 17:00:00,2026,3,6,17,-30,8.0,1027.0,NW,23.69,0,0,12.0
2026-03-06 18:00:00,2026,3,6,18,-31,7.0,1027.0,NW,26.82,0,0,17.0
2026-03-06 19:00:00,2026,3,6,19,-27,5.0,1028.0,SE,4.92,0,0,27.0
2026-03-06 20:00:00,2026,3,6,20,-26,4.0,1028.0,SE,9.84,0,0,29.0
2026-03-06 21:00:00,2026,3,6,21,-25,4.0,1028.0,SE,13.86,0,0,41.0
2026-03-06 22:00:00,2026,3,6,22,-25,2.0,1029.0,SE,16.99,0,0,41.0
2026-03-06 23:00:00,2026,3,6,23,-17,1.0,1029.0,SE,22.8,0,0,53.0
2026-03-07 00:00:00,2026,3,7,0,-13,1.0,1029.0,SE,26.82,0,0,67.0
2026-03-07 01:00:00,2026,3,7,1,-12,0.0,1029.0,SE,29.95,0,0,70.0
2026-03-07 02:00:00,2026,3,7,2,-10,-1.0,1030.0,SE,31.74,0,0,84.0
2026-03-07 03:00:00,2026,3,7,3,-10,-4.0,1030.0,NE,1.79,0,0,91.0
2026-03-07 04:00:00,2026,3,7,4,-10,-4.0,1030.0,NE,3.58,0,0,99.0
2026-03-07 05:00:00,2026,3,7,5,-10,-5.0,1031.0,NE,4.47,0,0,97.0
2026-03-07 06:00:00,2026,3,7,6,-9,-4.0,1031.0,cv,0.45,0,0,100.0
2026-03-07 07:00:00,2026,3,7,7,-11,-7.0,1032.0,NW,1.79,0,0,97.0
2026-03-07 08:00:00,2026,3,7,8,-10,0.0,1032.0,NW,3.58,0,0,86.0
2026-03-07 09:00:00,2026,3,7,9,-15,2.0,1032.0,NE,3.13,0,0,92.0
2026-03-07 10:00:00,2026,3,7,10,-22,4.0,1032.0,NW,7.15,0,0,64.0
2026-03-07 11:00:00,2026,3,7,11,-26,5.0,1031.0,NE,4.92,0,0,40.0
2026-03-07 12:00:00,2026,3,7,12,-26,7.0,1031.0,NE,8.94,0,0,26.0
2026-03-07 13:00:00,2026,3,7,13,-26,8.0,1029.0,NW,4.02,0,0,21.0
2026-03-07 14:00:00,2026,3,7,14,-26,8.0,1028.0,NE,3.13,0,0,14.0
2026-03-07 15:00:00,2026,3,7,15,-28,8.0,1028.0,SE,1.79,0,0,17.0
2026-03-07 16:00:00,2026,3,7,16,-26,8.0,1027.0,SE,3.58,0,0,20.0
2026-03-07 17:00:00,2026,3,7,17,-26,8.0,1027.0,SE,5.37,0,0,31.0
2026-03-07 18:00:00,2026,3,7,18,-25,6.0,1027.0,SE,7.16,0,0,40.0
2026-03-07 19:00:00,2026,3,7,19,-24,5.0,1027.0,SE,8.95,0,0,38.0
2026-03-07 20:00:00,2026,3,7,20,-23,5.0,1028.0,SE,12.97,0,0,41.0
2026-03-07 21:00:00,2026,3,7,21,-22,3.0,1028.0,cv,0.89,0,0,51.0
2026-03-07 22:00:00,2026,3,7,22,-19,4.0,1028.0,SE,1.79,0,0,69.0
2026-03-07 23:00:00,2026,3,7,23,-19,3.0,1028.0,SE,3.58,0,0,77.0
2026-03-08 00:00:00,2026,3,8,0,-16,2.0,1028.0,SE,5.37,0,0,111.0
2026-03-08 01:00:00,2026,3,8,1,-13,2.0,1027.0,SE,7.16,0,0,144.0
2026-03-08 02:00:00,2026,3,8,2,-12,2.0,1027.0,SE,8.95,0,0,133.0
2026-03-08 03:00:00,2026,3,8,3,-11,1.0,1026.0,SE,10.74,0,0,110.0
2026-03-08 04:00:00,2026,3,8,4,-8,0.0,1025.0,SE,12.53,0,0,143.0
2026-03-08 05:00:00,2026,3,8,5,-6,0.0,1025.0,SE,14.32,0,0,136.0
2026-03-08 06:00:00,2026,3,8,6,-5,0.0,1025.0,SE,16.11,0,0,141.0
2026-03-08 07:00:00,2026,3,8,7,-4,0.0,1025.0,SE,17.9,0,0,160.0
2026-03-08 08:00:00,2026,3,8,8,-4,1.0,1025.0,cv,0.89,0,0,159.0
2026-03-08 09:00:00,2026,3,8,9,-4,1.0,1025.0,SE,3.13,0,0,167.0
2026-03-08 10:00:00,2026,3,8,10,-4,3.0,1025.0,cv,0.89,0,0,188.0
2026-03-08 11:00:00,2026,3,8,11,-5,5.0,1024.0,cv,2.68,0,0,196.0
2026-03-08 12:00:00,2026,3,8,12,-6,6.0,1023.0,cv,4.47,0,0,205.0
2026-03-08 13:00:00,2026,3,8,13,-7,8.0,1021.0,SE,3.13,0,0,201.0
2026-03-08 14:00:00,2026,3,8,14,-8,9.0,1020.0,cv,1.79,0,0,201.0
2026-03-08 15:00:00,2026,3,8,15,-8,10.0,1019.0,SE,4.92,0,0,202.0
2026-03-08 16:00:00,2026,3,8,16,-8,10.0,1019.0,SE,9.84,0,0,201.0
2026-03-08 17:00:00,2026,3,8,17,-8,10.0,1019.0,SE,12.97,0,0,187.0
2026-03-08 18:00:00,2026,3,8,18,-9,8.0,1020.0,SE,14.76,0,0,187.0
2026-03-08 19:00:00,2026,3,8,19,-7,6.0,1021.0,cv,0.89,0,0,199.0
2026-03-08 20:00:00,2026,3,8,20,-8,2.0,1022.0,NE,1.79,0,0,206.0
2026-03-08 21:00:00,2026,3,8,21,-7,3.0,1023.0,cv,0.89,0,0,213.0
2026-03-08 22:00:00,2026,3,8,22,-7,1.0,1024.0,cv,1.78,0,0,187.0
2026-03-08 23:00:00,2026,3,8,23,-6,0.0,1024.0,NE,0.89,0,0,218.0
2026-03-09 00:00:00,2026,3,9,0,-8,-2.0,1024.0,NW,1.79,0,0,134.0
2026-03-09 01:00:00,2026,3,9,1,-9,-1.0,1025.0,cv,0.89,0,0,131.0
2026-03-09 02:00:00,2026,3,9,2,-9,-3.0,1025.0,NW,0.89,0,0,154.0
2026-03-09 03:00:00,2026,3,9,3,-9,-3.0,1025.0,NE,0.89,0,0,112.0
2026-03-09 04:00:00,2026,3,9,4,-11,-3.0,1025.0,SE,0.89,0,0,55.0
2026-03-09 05:00:00,2026,3,9,5,-8,0.0,1025.0,SE,4.02,0,0,172.0
2026-03-09 06:00:00,2026,3,9,6,-8,-2.0,1026.0,SE,5.81,0,0,143.0
2026-03-09 07:00:00,2026,3,9,7,-8,-1.0,1027.0,cv,0.89,0,0,122.0
2026-03-09 08:00:00,2026,3,9,8,-7,0.0,1028.0,NE,1.79,0,0,114.0
2026-03-09 09:00:00,2026,3,9,9,-11,4.0,1028.0,cv,0.89,0,0,100.0
2026-03-09 10:00:00,2026,3,9,10,-11,4.0,1028.0,SE,1.79,0,0,119.0
2026-03-09 11:00:00,2026,3,9,11,-10,6.0,1028.0,cv,0.89,0,0,130.0
2026-03-09 12:00:00,2026,3,9,12,-9,8.0,1027.0,cv,4.02,0,0,145.0
2026-03-09 13:00:00,2026,3,9,13,-11,8.0,1026.0,SE,3.13,0,0,149.0
2026-03-09 14:00:00,2026,3,9,14,-11,10.0,1025.0,SE,6.26,0,0,163.0
2026-03-09 15:00:00,2026,3,9,15,-12,10.0,1024.0,SE,9.39,0,0,147.0
2026-03-09 16:00:00,2026,3,9,16,-12,10.0,1024.0,SE,12.52,0,0,133.0
2026-03-09 17:00:00,2026,3,9,17,-13,9.0,1024.0,SE,15.65,0,0,126.0
2026-03-09 18:00:00,2026,3,9,18,-11,7.0,1025.0,SE,17.44,0,0,124.0
2026-03-09 19:00:00,2026,3,9,19,-12,7.0,1025.0,SE,22.36,0,0,122.0
2026-03-09 20:00:00,2026,3,9,20,-13,5.0,1026.0,SE,27.28,0,0,91.0
2026-03-09 21:00:00,2026,3,9,21,-10,4.0,1027.0,SE,32.2,0,0,98.0
2026-03-09 22:00:00,2026,3,9,22,-6,2.0,1028.0,SE,37.12,0,0,91.0
2026-03-09 23:00:00,2026,3,9,23,-6,0.0,1028.0,SE,38.91,0,0,78.0
2026-03-10 00:00:00,2026,3,10,0,-6,0.0,1029.0,SE,40.7,0,0,55.0
2026-03-10 01:00:00,2026,3,10,1,-7,-1.0,1028.0,SE,43.83,0,0,40.0
2026-03-10 02:00:00,2026,3,10,2,-7,-1.0,1028.0,SE,47.85,0,0,36.0
2026-03-10 03:00:00,2026,3,10,3,-8,-1.0,1028.0,SE,50.98,0,0,48.0
2026-03-10 04:00:00,2026,3,10,4,-8,-2.0,1027.0,cv,0.89,0,0,54.0
2026-03-10 05:00:00,2026,3,10,5,-10,-4.0,1027.0,cv,1.78,0,0,63.0
2026-03-10 06:00:00,2026,3,10,6,-8,-3.0,1027.0,NE,0.89,0,0,78.0
2026-03-10 07:00:00,2026,3,10,7,-7,-2.0,1027.0,cv,0.45,0,0,74.0
2026-03-10 08:00:00,2026,3,10,8,-7,0.0,1027.0,NE,0.89,0,0,76.0
2026-03-10 09:00:00,2026,3,10,9,-8,1.0,1027.0,SE,1.79,0,0,81.0
2026-03-10 10:00:00,2026,3,10,10,-7,3.0,1026.0,SE,3.58,0,0,86.0
2026-03-10 11:00:00,2026,3,10,11,-7,4.0,1025.0,SE,5.37,0,0,89.0
2026-03-10 12:00:00,2026,3,10,12,-7,5.0,1025.0,cv,0.89,0,0,96.0
2026-03-10 13:00:00,2026,3,10,13,-8,6.0,1023.0,SE,1.79,0,0,99.0
2026-03-10 14:00:00,2026,3,10,14,-9,8.0,1021.0,cv,1.79,0,0,102.0
2026-03-10 15:00:00,2026,3,10,15,-9,9.0,1021.0,cv,3.58,0,0,111.0
2026-03-10 16:00:00,2026,3,10,16,-9,9.0,1020.0,SE,3.13,0,0,121.0
2026-03-10 17:00:00,2026,3,10,17,-8,8.0,1020.0,SE,6.26,0,0,122.0
2026-03-10 18:00:00,2026,3,10,18,-7,8.0,1019.0,SE,9.39,0,0,135.0
2026-03-10 19:00:00,2026,3,10,19,-7,6.0,1019.0,SE,11.18,0,0,145.0
2026-03-10 20:00:00,2026,3,10,20,-6,5.0,1020.0,cv,0.45,0,0,159.0
2026-03-10 21:00:00,2026,3,10,21,-5,3.0,1020.0,SE,0.89,0,0,183.0
2026-03-10 22:00:00,2026,3,10,22,-6,2.0,1020.0,SE,1.78,0,0,187.0
2026-03-10 23:00:00,2026,3,10,23,-5,3.0,1020.0,cv,0.89,0,0,195.0
2026-03-11 00:00:00,2026,3,11,0,-5,2.0,1019.0,cv,1.34,0,0,224.0
2026-03-11 01:00:00,2026,3,11,1,-4,1.0,1019.0,cv,2.23,0,0,259.0
2026-03-11 02:00:00,2026,3,11,2,-5,1.0,1018.0,cv,2.68,0,0,260.0
2026-03-11 03:00:00,2026,3,11,3,-5,0.0,1018.0,cv,3.13,0,0,257.0
2026-03-11 04:00:00,2026,3,11,4,-4,-1.0,1017.0,cv,4.02,0,0,267.0
2026-03-11 05:00:00,2026,3,11,5,-5,-1.0,1017.0,NW,1.79,0,0,260.0
2026-03-11 06:00:00,2026,3,11,6,-4,0.0,1017.0,NE,0.89,0,0,259.0
2026-03-11 07:00:00,2026,3,11,7,-5,-1.0,1017.0,NW,3.13,0,0,270.0
2026-03-11 08:00:00,2026,3,11,8,-5,2.0,1017.0,NW,4.92,0,0,234.0
2026-03-11 09:00:00,2026,3,11,9,-5,5.0,1017.0,NW,8.05,0,0,245.0
2026-03-11 10:00:00,2026,3,11,10,-6,8.0,1017.0,NW,11.18,0,0,269.0
2026-03-11 11:00:00,2026,3,11,11,-6,10.0,1017.0,NW,15.2,0,0,303.0
2026-03-11 12:00:00,2026,3,11,12,-5,11.0,1016.0,cv,0.89,0,0,272.0
2026-03-11 13:00:00,2026,3,11,13,-5,12.0,1016.0,cv,1.78,0,0,234.0
2026-03-11 14:00:00,2026,3,11,14,-5,12.0,1015.0,SE,1.79,0,0,214.0
2026-03-11 15:00:00,2026,3,11,15,-5,13.0,1015.0,SE,3.58,0,0,225.0
2026-03-11 16:00:00,2026,3,11,16,-6,14.0,1015.0,NW,1.79,0,0,220.0
2026-03-11 17:00:00,2026,3,11,17,-6,13.0,1015.0,cv,0.89,0,0,209.0
2026-03-11 18:00:00,2026,3,11,18,-7,12.0,1017.0,NE,3.13,0,0,202.0
2026-03-11 19:00:00,2026,3,11,19,-13,13.0,1018.0,NE,10.28,0,0,168.0
2026-03-11 20:00:00,2026,3,11,20,-13,11.0,1020.0,NE,17.43,0,0,13.0
2026-03-11 21:00:00,2026,3,11,21,-11,10.0,1021.0,NE,26.37,0,0,18.0
2026-03-11 22:00:00,2026,3,11,22,-9,9.0,1023.0,NE,34.42,0,0,18.0
2026-03-11 23:00:00,2026,3,11,23,-10,8.0,1023.0,NW,5.81,0,0,13.0
2026-03-12 00:00:00,2026,3,12,0,-11,8.0,1024.0,NW,11.62,0,0,10.0
2026-03-12 01:00:00,2026,3,12,1,-11,7.0,1025.0,NE,5.81,0,0,11.0
2026-03-12 02:00:00,2026,3,12,2,-11,7.0,1025.0,NE,9.83,0,0,14.0
2026-03-12 03:00:00,2026,3,12,3,-10,6.0,1025.0,NW,4.02,0,0,13.0
2026-03-12 04:00:00,2026,3,12,4,-11,6.0,1025.0,NW,7.15,0,0,10.0
2026-03-12 05:00:00,2026,3,12,5,-12,5.0,1025.0,NW,11.17,0,0,10.0
2026-03-12 06:00:00,2026,3,12,6,-14,6.0,1026.0,NW,16.98,0,0,10.0
2026-03-12 07:00:00,2026,3,12,7,-15,5.0,1027.0,NW,21.9,0,0,11.0
2026-03-12 08:00:00,2026,3,12,8,-19,6.0,1027.0,NW,27.71,0,0,11.0
2026-03-12 09:00:00,2026,3,12,9,-21,7.0,1028.0,NW,33.52,0,0,11.0
2026-03-12 10:00:00,2026,3,12,10,-23,7.0,1028.0,NE,5.81,0,0,12.0
2026-03-12 11:00:00,2026,3,12,11,-24,8.0,1028.0,NE,11.62,0,0,13.0
2026-03-12 12:00:00,2026,3,12,12,-23,10.0,1027.0,NW,4.02,0,0,11.0
2026-03-12 13:00:00,2026,3,12,13,-24,11.0,1026.0,NW,8.04,0,0,10.0
2026-03-12 14:00:00,2026,3,12,14,-24,10.0,1025.0,cv,1.79,0,0,9.0
2026-03-12 15:00:00,2026,3,12,15,-26,10.0,1024.0,cv,3.58,0,0,13.0
2026-03-12 16:00:00,2026,3,12,16,-25,10.0,1023.0,NE,3.13,0,0,13.0
2026-03-12 17:00:00,2026,3,12,17,-25,10.0,1023.0,cv,0.89,0,0,13.0
2026-03-12 18:00:00,2026,3,12,18,-24,9.0,1023.0,SE,1.79,0,0,15.0
2026-03-12 19:00:00,2026,3,12,19,-23,7.0,1024.0,SE,2.68,0,0,20.0
2026-03-12 20:00:00,2026,3,12,20,-23,6.0,1024.0,SE,3.57,0,0,41.0
2026-03-12 21:00:00,2026,3,12,21,-18,3.0,1025.0,cv,0.89,0,0,35.0
2026-03-12 22:00:00,2026,3,12,22,-20,2.0,1025.0,NW,1.79,0,0,52.0
2026-03-12 23:00:00,2026,3,12,23,-22,4.0,1026.0,NW,3.58,0,0,66.0
2026-03-13 00:00:00,2026,3,13,0,-22,2.0,1026.0,NW,6.71,0,0,36.0
2026-03-13 01:00:00,2026,3,13,1,-23,2.0,1026.0,NW,8.5,0,0,18.0
2026-03-13 02:00:00,2026,3,13,2,-22,1.0,1026.0,NW,10.29,0,0,20.0
2026-03-13 03:00:00,2026,3,13,3,-22,0.0,1025.0,NW,12.08,0,0,20.0
2026-03-13 04:00:00,2026,3,13,4,-19,0.0,1025.0,cv,0.89,0,0,14.0
2026-03-13 05:00:00,2026,3,13,5,-15,-2.0,1025.0,cv,1.78,0,0,15.0
2026-03-13 06:00:00,2026,3,13,6,-19,-1.0,1025.0,NW,0.89,0,0,18.0
2026-03-13 07:00:00,2026,3,13,7,-15,-2.0,1025.0,cv,0.89,0,0,21.0
2026-03-13 08:00:00,2026,3,13,8,-19,3.0,1025.0,NW,1.79,0,0,32.0
2026-03-13 09:00:00,2026,3,13,9,-23,6.0,1025.0,NW,3.58,0,0,21.0
2026-03-13 10:00:00,2026,3,13,10,-23,8.0,1024.0,cv,0.89,0,0,19.0
2026-03-13 11:00:00,2026,3,13,11,-25,9.0,1023.0,NW,3.13,0,0,12.0
2026-03-13 12:00:00,2026,3,13,12,-24,11.0,1022.0,cv,1.79,0,0,15.0
2026-03-13 13:00:00,2026,3,13,13,-25,12.0,1020.0,cv,4.92,0,0,16.0
2026-03-13 14:00:00,2026,3,13,14,-23,12.0,1019.0,SE,3.13,0,0,14.0
2026-03-13 15:00:00,2026,3,13,15,-23,12.0,1018.0,SE,8.05,0,0,18.0
2026-03-13 16:00:00,2026,3,13,16,-22,13.0,1017.0,SE,13.86,0,0,20.0
2026-03-13 17:00:00,2026,3,13,17,-21,12.0,1017.0,SE,18.78,0,0,19.0
2026-03-13 18:00:00,2026,3,13,18,-21,11.0,1017.0,SE,24.59,0,0,28.0
2026-03-13 19:00:00,2026,3,13,19,-20,11.0,1017.0,SE,29.51,0,0,32.0
2026-03-13 20:00:00,2026,3,13,20,-19,10.0,1017.0,SE,34.43,0,0,40.0
2026-03-13 21:00:00,2026,3,13,21,-18,10.0,1018.0,cv,0.89,0,0,39.0
2026-03-13 22:00:00,2026,3,13,22,-18,8.0,1019.0,NW,4.92,0,0,22.0
2026-03-13 23:00:00,2026,3,13,23,-26,10.0,1019.0,NW,12.97,0,0,37.0
2026-03-14 00:00:00,2026,3,14,0,-25,10.0,1019.0,NW,20.12,0,0,24.0
2026-03-14 01:00:00,2026,3,14,1,-25,9.0,1020.0,NW,28.17,0,0,19.0
2026-03-14 02:00:00,2026,3,14,2,-24,9.0,1020.0,NW,33.98,0,0,11.0
2026-03-14 03:00:00,2026,3,14,3,-23,8.0,1020.0,NW,39.79,0,0,13.0
2026-03-14 04:00:00,2026,3,14,4,-24,7.0,1020.0,NW,46.94,0,0,11.0
2026-03-14 05:00:00,2026,3,14,5,-23,6.0,1020.0,NW,52.75,0,0,10.0
2026-03-14 06:00:00,2026,3,14,6,-24,6.0,1021.0,NW,57.67,0,0,7.0
2026-03-14 07:00:00,2026,3,14,7,-22,4.0,1022.0,NW,60.8,0,0,12.0
2026-03-14 08:00:00,2026,3,14,8,-22,9.0,1022.0,NW,63.93,0,0,15.0
2026-03-14 09:00:00,2026,3,14,9,-23,11.0,1022.0,NW,67.06,0,0,12.0
2026-03-14 10:00:00,2026,3,14,10,-23,12.0,1022.0,NW,71.08,0,0,16.0
2026-03-14 11:00:00,2026,3,14,11,-23,12.0,1021.0,NW,72.87,0,0,7.0
2026-03-14 12:00:00,2026,3,14,12,-22,13.0,1020.0,cv,3.13,0,0,12.0
2026-03-14 13:00:00,2026,3,14,13,-23,14.0,1019.0,cv,7.15,0,0,19.0
2026-03-14 14:00:00,2026,3,14,14,-22,15.0,1017.0,SE,4.02,0,0,22.0
2026-03-14 15:00:00,2026,3,14,15,-22,16.0,1016.0,SE,8.94,0,0,22.0
2026-03-14 16:00:00,2026,3,14,16,-21,17.0,1015.0,SE,14.75,0,0,16.0
2026-03-14 17:00:00,2026,3,14,17,-20,16.0,1014.0,SE,20.56,0,0,20.0
2026-03-14 18:00:00,2026,3,14,18,-20,15.0,1014.0,SE,26.37,0,0,30.0
2026-03-14 19:00:00,2026,3,14,19,-18,12.0,1014.0,SE,30.39,0,0,32.0
2026-03-14 20:00:00,2026,3,14,20,-16,12.0,1014.0,SE,35.31,0,0,38.0
2026-03-14 21:00:00,2026,3,14,21,-17,11.0,1014.0,SE,39.33,0,0,52.0
2026-03-14 22:00:00,2026,3,14,22,-15,11.0,1013.0,SE,41.12,0,0,63.0
2026-03-14 23:00:00,2026,3,14,23,-14,11.0,1013.0,SE,45.14,0,0,66.0
2026-03-15 00:00:00,2026,3,15,0,-13,8.0,1012.0,SE,46.93,0,0,72.0
2026-03-15 01:00:00,2026,3,15,1,-11,7.0,1012.0,SE,48.72,0,0,63.0
2026-03-15 02:00:00,2026,3,15,2,-12,2.0,1012.0,NE,0.89,0,0,69.0
2026-03-15 03:00:00,2026,3,15,3,-12,3.0,1011.0,cv,0.89,0,0,78.0
2026-03-15 04:00:00,2026,3,15,4,-12,1.0,1011.0,NW,1.79,0,0,85.0
2026-03-15 05:00:00,2026,3,15,5,-9,1.0,1010.0,NE,0.89,0,0,82.0
2026-03-15 06:00:00,2026,3,15,6,-9,1.0,1011.0,NW,0.89,0,0,87.0
2026-03-15 07:00:00,2026,3,15,7,-7,1.0,1011.0,NE,0.89,0,0,93.0
2026-03-15 08:00:00,2026,3,15,8,-10,6.0,1011.0,cv,0.45,0,0,116.0
2026-03-15 09:00:00,2026,3,15,9,-12,8.0,1012.0,cv,1.34,0,0,99.0
2026-03-15 10:00:00,2026,3,15,10,-11,11.0,1012.0,cv,2.23,0,0,88.0
2026-03-15 11:00:00,2026,3,15,11,-13,12.0,1011.0,cv,3.12,0,0,91.0
2026-03-15 12:00:00,2026,3,15,12,-12,15.0,1011.0,SE,1.79,0,0,109.0
2026-03-15 13:00:00,2026,3,15,13,-12,17.0,1010.0,cv,1.79,0,0,110.0
2026-03-15 14:00:00,2026,3,15,14,-14,20.0,1009.0,SE,1.79,0,0,109.0
2026-03-15 15:00:00,2026,3,15,15,-14,21.0,1008.0,SE,4.92,0,0,123.0
2026-03-15 16:00:00,2026,3,15,16,-13,22.0,1008.0,SE,8.05,0,0,136.0
2026-03-15 17:00:00,2026,3,15,17,-12,20.0,1009.0,SE,11.18,0,0,119.0
2026-03-15 18:00:00,2026,3,15,18,-11,19.0,1009.0,SE,12.97,0,0,116.0
2026-03-15 19:00:00,2026,3,15,19,-8,16.0,1010.0,SE,16.1,0,0,101.0
2026-03-15 20:00:00,2026,3,15,20,-8,14.0,1011.0,SE,17.89,0,0,131.0
2026-03-15 21:00:00,2026,3,15,21,-7,13.0,1011.0,SE,19.68,0,0,168.0
2026-03-15 22:00:00,2026,3,15,22,-6,14.0,1013.0,SE,23.7,0,0,189.0
2026-03-15 23:00:00,2026,3,15,23,-4,12.0,1013.0,SE,27.72,0,0,183.0
2026-03-16 00:00:00,2026,3,16,0,-7,11.0,1014.0,SE,30.85,0,0,205.0
2026-03-16 01:00:00,2026,3,16,1,-9,10.0,1015.0,SE,32.64,0,0,188.0
2026-03-16 02:00:00,2026,3,16,2,-10,8.0,1015.0,cv,0.89,0,0,148.0
2026-03-16 03:00:00,2026,3,16,3,-10,7.0,1015.0,cv,1.78,0,0,137.0
2026-03-16 04:00:00,2026,3,16,4,-9,6.0,1015.0,cv,2.67,0,0,140.0
2026-03-16 05:00:00,2026,3,16,5,-9,5.0,1016.0,cv,3.56,0,0,141.0
2026-03-16 06:00:00,2026,3,16,6,-11,7.0,1017.0,cv,4.45,0,0,121.0
2026-03-16 07:00:00,2026,3,16,7,-11,7.0,1017.0,SE,1.79,0,0,109.0
2026-03-16 08:00:00,2026,3,16,8,-9,10.0,1018.0,cv,0.45,0,0,83.0
2026-03-16 09:00:00,2026,3,16,9,-11,12.0,1019.0,NW,3.13,0,0,78.0
2026-03-16 10:00:00,2026,3,16,10,-12,13.0,1018.0,SE,1.79,0,0,77.0
2026-03-16 11:00:00,2026,3,16,11,-13,14.0,1018.0,SE,5.81,0,0,79.0
2026-03-16 12:00:00,2026,3,16,12,-14,16.0,1018.0,cv,3.13,0,0,73.0
2026-03-16 13:00:00,2026,3,16,13,-12,16.0,1016.0,SE,4.02,0,0,75.0
2026-03-16 14:00:00,2026,3,16,14,-11,17.0,1015.0,SE,8.04,0,0,91.0
2026-03-16 15:00:00,2026,3,16,15,-9,17.0,1013.0,SE,12.96,0,0,104.0
2026-03-16 16:00:00,2026,3,16,16,-8,17.0,1012.0,SE,16.98,0,0,116.0
2026-03-16 17:00:00,2026,3,16,17,-8,16.0,1012.0,SE,21.0,0,0,121.0
2026-03-16 18:00:00,2026,3,16,18,-7,15.0,1012.0,SE,25.02,0,0,137.0
2026-03-16 19:00:00,2026,3,16,19,-6,13.0,1012.0,SE,28.15,0,0,151.0
2026-03-16 20:00:00,2026,3,16,20,-6,12.0,1013.0,SE,31.28,0,0,159.0
2026-03-16 21:00:00,2026,3,16,21,-5,11.0,1013.0,SE,34.41,0,0,157.0
2026-03-16 22:00:00,2026,3,16,22,-5,10.0,1013.0,SE,37.54,0,0,151.0
2026-03-16 23:00:00,2026,3,16,23,-5,9.0,1012.0,cv,0.89,0,0,150.0
2026-03-17 00:00:00,2026,3,17,0,-5,8.0,1012.0,SE,0.89,0,0,149.0
2026-03-17 01:00:00,2026,3,17,1,-4,6.0,1011.0,cv,0.45,0,0,141.0
2026-03-17 02:00:00,2026,3,17,2,-4,4.0,1011.0,NW,1.79,0,0,144.0
2026-03-17 03:00:00,2026,3,17,3,-4,6.0,1010.0,cv,0.89,0,0,148.0
2026-03-17 04:00:00,2026,3,17,4,-4,5.0,1010.0,cv,1.78,0,0,144.0
2026-03-17 05:00:00,2026,3,17,5,-4,4.0,1010.0,NE,0.89,0,0,150.0
2026-03-17 06:00:00,2026,3,17,6,-4,4.0,1010.0,NW,1.79,0,0,152.0
2026-03-17 07:00:00,2026,3,17,7,-4,5.0,1011.0,NW,3.58,0,0,155.0
2026-03-17 08:00:00,2026,3,17,8,-4,8.0,1011.0,NW,6.71,0,0,165.0
2026-03-17 09:00:00,2026,3,17,9,-5,10.0,1012.0,NW,9.84,0,0,181.0
2026-03-17 10:00:00,2026,3,17,10,-5,12.0,1011.0,NW,12.97,0,0,191.0
2026-03-17 11:00:00,2026,3,17,11,-10,16.0,1012.0,NW,20.12,0,0,124.0
2026-03-17 12:00:00,2026,3,17,12,-11,19.0,1011.0,NW,27.27,0,0,36.0
2026-03-17 13:00:00,2026,3,17,13,-10,19.0,1011.0,NW,35.32,0,0,40.0
2026-03-17 14:00:00,2026,3,17,14,-10,20.0,1010.0,NW,44.26,0,0,49.0
2026-03-17 15:00:00,2026,3,17,15,-10,21.0,1010.0,NW,54.09,0,0,30.0
2026-03-17 16:00:00,2026,3,17,16,-11,21.0,1010.0,NW,63.92,0,0,27.0
2026-03-17 17:00:00,2026,3,17,17,-11,20.0,1011.0,NW,73.75,0,0,27.0
2026-03-17 18:00:00,2026,3,17,18,-10,18.0,1012.0,NW,84.93,0,0,22.0
2026-03-17 19:00:00,2026,3,17,19,-11,18.0,1014.0,NW,93.87,0,0,24.0
2026-03-17 20:00:00,2026,3,17,20,-11,17.0,1016.0,NW,101.02,0,0,21.0
2026-03-17 21:00:00,2026,3,17,21,-10,16.0,1017.0,NW,106.83,0,0,26.0
2026-03-17 22:00:00,2026,3,17,22,-11,15.0,1018.0,NW,112.64,0,0,17.0
2026-03-17 23:00:00,2026,3,17,23,-11,15.0,1018.0,NW,119.79,0,0,23.0
2026-03-18 00:00:00,2026,3,18,0,-11,12.0,1019.0,NW,123.81,0,0,23.0
2026-03-18 01:00:00,2026,3,18,1,-10,10.0,1019.0,NW,129.62,0,0,21.0
2026-03-18 02:00:00,2026,3,18,2,-13,13.0,1020.0,NE,5.81,0,0,21.0
2026-03-18 03:00:00,2026,3,18,3,-12,11.0,1021.0,NE,9.83,0,0,17.0
2026-03-18 04:00:00,2026,3,18,4,-12,11.0,1021.0,NE,12.96,0,0,15.0
2026-03-18 05:00:00,2026,3,18,5,-12,9.0,1022.0,cv,0.89,0,0,13.0
2026-03-18 06:00:00,2026,3,18,6,-12,8.0,1022.0,NE,3.13,0,0,17.0
2026-03-18 07:00:00,2026,3,18,7,-10,6.0,1023.0,NE,6.26,0,0,14.0
2026-03-18 08:00:00,2026,3,18,8,-12,13.0,1024.0,NE,10.28,0,0,20.0
2026-03-18 09:00:00,2026,3,18,9,-12,14.0,1024.0,NE,14.3,0,0,18.0
2026-03-18 10:00:00,2026,3,18,10,-12,15.0,1024.0,SE,3.13,0,0,16.0
2026-03-18 11:00:00,2026,3,18,11,-8,15.0,1024.0,SE,8.94,0,0,27.0
2026-03-18 12:00:00,2026,3,18,12,-7,15.0,1024.0,SE,13.86,0,0,52.0
2026-03-18 13:00:00,2026,3,18,13,-7,15.0,1023.0,SE,18.78,0,0,67.0
2026-03-18 14:00:00,2026,3,18,14,-6,15.0,1022.0,SE,24.59,0,0,76.0
2026-03-18 15:00:00,2026,3,18,15,-7,14.0,1022.0,SE,31.74,0,0,79.0
2026-03-18 16:00:00,2026,3,18,16,-6,14.0,1021.0,SE,37.55,0,0,76.0
2026-03-18 17:00:00,2026,3,18,17,-6,13.0,1021.0,SE,44.7,0,0,66.0
2026-03-18 18:00:00,2026,3,18,18,-7,12.0,1021.0,SE,50.51,0,0,60.0
2026-03-18 19:00:00,2026,3,18,19,-8,11.0,1021.0,SE,55.43,0,0,66.0
2026-03-18 20:00:00,2026,3,18,20,-9,10.0,1022.0,SE,59.45,0,0,61.0
2026-03-18 21:00:00,2026,3,18,21,-10,9.0,1022.0,SE,62.58,0,0,57.0
2026-03-18 22:00:00,2026,3,18,22,-12,9.0,1022.0,SE,66.6,0,0,47.0
2026-03-18 23:00:00,2026,3,18,23,-12,7.0,1022.0,SE,68.39,0,0,30.0
2026-03-19 00:00:00,2026,3,19,0,-11,7.0,1022.0,SE,70.18,0,0,34.0
2026-03-19 01:00:00,2026,3,19,1,-10,7.0,1021.0,SE,73.31,0,0,29.0
2026-03-19 02:00:00,2026,3,19,2,-8,6.0,1021.0,SE,75.1,0,0,47.0
2026-03-19 03:00:00,2026,3,19,3,-8,5.0,1021.0,SE,76.89,0,0,72.0
2026-03-19 04:00:00,2026,3,19,4,-7,5.0,1021.0,NE,1.79,0,0,73.0
2026-03-19 05:00:00,2026,3,19,5,-8,6.0,1021.0,SE,1.79,0,0,70.0
2026-03-19 06:00:00,2026,3,19,6,-7,6.0,1022.0,SE,2.68,0,0,78.0
2026-03-19 07:00:00,2026,3,19,7,-7,6.0,1022.0,SE,3.57,0,0,90.0
2026-03-19 08:00:00,2026,3,19,8,-7,7.0,1022.0,cv,0.89,0,0,92.0
2026-03-19 09:00:00,2026,3,19,9,-7,8.0,1022.0,cv,1.78,0,0,94.0
2026-03-19 10:00:00,2026,3,19,10,-7,9.0,1022.0,cv,3.57,0,0,96.0
2026-03-19 11:00:00,2026,3,19,11,-8,9.0,1022.0,NW,3.13,0,0,77.0
2026-03-19 12:00:00,2026,3,19,12,-9,10.0,1022.0,NW,6.26,0,0,79.0
2026-03-19 13:00:00,2026,3,19,13,-6,10.0,1023.0,NW,11.18,0,0,79.0
2026-03-19 14:00:00,2026,3,19,14,-3,12.0,1022.0,NW,16.1,0,0,74.0
2026-03-19 15:00:00,2026,3,19,15,-4,13.0,1022.0,NE,3.13,0,0,76.0
2026-03-19 16:00:00,2026,3,19,16,-4,12.0,1022.0,NE,6.26,0,0,66.0
2026-03-19 17:00:00,2026,3,19,17,-4,12.0,1021.0,SE,1.79,0,0,44.0
2026-03-19 18:00:00,2026,3,19,18,-4,11.0,1022.0,NW,1.79,0,0,48.0
2026-03-19 19:00:00,2026,3,19,19,-4,11.0,1023.0,NW,4.92,0,0,52.0
2026-03-19 20:00:00,2026,3,19,20,-4,11.0,1024.0,NW,8.94,0,0,20.0
2026-03-19 21:00:00,2026,3,19,21,-15,10.0,1026.0,NW,16.09,0,0,15.0
2026-03-19 22:00:00,2026,3,19,22,-18,10.0,1027.0,NW,23.24,0,0,13.0
2026-03-19 23:00:00,2026,3,19,23,-18,8.0,1028.0,NW,28.16,0,0,14.0
2026-03-20 00:00:00,2026,3,20,0,-17,6.0,1029.0,NW,32.18,0,0,10.0
2026-03-20 01:00:00,2026,3,20,1,-17,8.0,1029.0,NW,35.31,0,0,7.0
2026-03-20 02:00:00,2026,3,20,2,-17,7.0,1028.0,NW,41.12,0,0,5.0
2026-03-20 03:00:00,2026,3,20,3,-16,6.0,1028.0,NW,45.14,0,0,6.0
2026-03-20 04:00:00,2026,3,20,4,-16,8.0,1028.0,NW,50.06,0,0,7.0
2026-03-20 05:00:00,2026,3,20,5,-16,7.0,1028.0,NW,54.98,0,0,10.0
2026-03-20 06:00:00,2026,3,20,6,-16,7.0,1028.0,NW,59.9,0,0,9.0
2026-03-20 07:00:00,2026,3,20,7,-15,8.0,1028.0,NW,64.82,0,0,11.0
2026-03-20 08:00:00,2026,3,20,8,-16,12.0,1029.0,NW,70.63,0,0,9.0
2026-03-20 09:00:00,2026,3,20,9,-16,12.0,1029.0,NW,76.44,0,0,11.0
2026-03-20 10:00:00,2026,3,20,10,-16,14.0,1029.0,NW,83.59,0,0,13.0
2026-03-20 11:00:00,2026,3,20,11,-17,15.0,1028.0,NW,87.61,0,0,11.0
2026-03-20 12:00:00,2026,3,20,12,-17,16.0,1027.0,NW,90.74,0,0,17.0
2026-03-20 13:00:00,2026,3,20,13,-17,16.0,1026.0,NE,3.13,0,0,14.0
2026-03-20 14:00:00,2026,3,20,14,-17,18.0,1024.0,cv,0.89,0,0,13.0
2026-03-20 15:00:00,2026,3,20,15,-17,18.0,1024.0,cv,2.68,0,0,9.0
2026-03-20 16:00:00,2026,3,20,16,-17,18.0,1023.0,SE,3.13,0,0,7.0
2026-03-20 17:00:00,2026,3,20,17,-17,18.0,1023.0,cv,0.89,0,0,9.0
2026-03-20 18:00:00,2026,3,20,18,-17,16.0,1023.0,SE,1.79,0,0,11.0
2026-03-20 19:00:00,2026,3,20,19,-17,15.0,1023.0,cv,0.89,0,0,12.0
2026-03-20 20:00:00,2026,3,20,20,-14,12.0,1024.0,cv,1.78,0,0,18.0
2026-03-20 21:00:00,2026,3,20,21,-15,10.0,1024.0,NW,1.79,0,0,11.0
2026-03-20 22:00:00,2026,3,20,22,-11,7.0,1024.0,NE,1.79,0,0,11.0
2026-03-20 23:00:00,2026,3,20,23,-13,8.0,1024.0,cv,0.89,0,0,7.0
2026-03-21 00:00:00,2026,3,21,0,-16,12.0,1024.0,NW,4.02,0,0,6.0
2026-03-21 01:00:00,2026,3,21,1,-16,13.0,1024.0,NW,8.94,0,0,5.0
2026-03-21 02:00:00,2026,3,21,2,-17,12.0,1023.0,NW,13.86,0,0,7.0
2026-03-21 03:00:00,2026,3,21,3,-17,10.0,1023.0,NW,17.88,0,0,12.0
2026-03-21 04:00:00,2026,3,21,4,-15,8.0,1023.0,NW,19.67,0,0,13.0
2026-03-21 05:00:00,2026,3,21,5,-15,4.0,1023.0,NW,22.8,0,0,17.0
2026-03-21 06:00:00,2026,3,21,6,-12,5.0,1023.0,SE,1.79,0,0,16.0
2026-03-21 07:00:00,2026,3,21,7,-11,5.0,1024.0,cv,0.89,0,0,26.0
2026-03-21 08:00:00,2026,3,21,8,-12,10.0,1024.0,cv,1.78,0,0,18.0
2026-03-21 09:00:00,2026,3,21,9,-14,14.0,1024.0,cv,2.67,0,0,19.0
2026-03-21 10:00:00,2026,3,21,10,-15,16.0,1023.0,cv,3.56,0,0,21.0
2026-03-21 11:00:00,2026,3,21,11,-14,18.0,1022.0,SE,3.13,0,0,24.0
2026-03-21 12:00:00,2026,3,21,12,-17,20.0,1020.0,SE,6.26,0,0,20.0
2026-03-21 13:00:00,2026,3,21,13,-20,21.0,1019.0,NW,4.92,0,0,22.0
2026-03-21 14:00:00,2026,3,21,14,-18,22.0,1018.0,cv,1.79,0,0,18.0
2026-03-21 15:00:00,2026,3,21,15,-18,22.0,1017.0,SE,4.02,0,0,19.0
2026-03-21 16:00:00,2026,3,21,16,-18,22.0,1016.0,SE,8.94,0,0,
2026-03-21 17:00:00,2026,3,21,17,-16,21.0,1016.0,SE,14.75,0,0,28.0
2026-03-21 18:00:00,2026,3,21,18,-16,19.0,1016.0,SE,18.77,0,0,36.0
2026-03-21 19:00:00,2026,3,21,19,-14,16.0,1016.0,SE,22.79,0,0,40.0
2026-03-21 20:00:00,2026,3,21,20,-14,14.0,1016.0,SE,25.92,0,0,49.0
2026-03-21 21:00:00,2026,3,21,21,-12,15.0,1016.0,SE,29.05,0,0,54.0
2026-03-21 22:00:00,2026,3,21,22,-12,18.0,1016.0,SE,36.2,0,0,55.0
2026-03-21 23:00:00,2026,3,21,23,-11,17.0,1015.0,SE,41.12,0,0,67.0
2026-03-22 00:00:00,2026,3,22,0,-12,16.0,1015.0,SE,42.91,0,0,71.0
2026-03-22 01:00:00,2026,3,22,1,-10,9.0,1015.0,cv,0.89,0,0,76.0
2026-03-22 02:00:00,2026,3,22,2,-10,7.0,1015.0,NW,3.13,0,0,72.0
2026-03-22 03:00:00,2026,3,22,3,-10,5.0,1015.0,NW,4.92,0,0,75.0
2026-03-22 04:00:00,2026,3,22,4,-5,5.0,1015.0,NW,6.71,0,0,93.0
2026-03-22 05:00:00,2026,3,22,5,-7,5.0,1015.0,NW,7.6,0,0,89.0
2026-03-22 06:00:00,2026,3,22,6,-6,3.0,1016.0,NW,8.49,0,0,98.0
2026-03-22 07:00:00,2026,3,22,7,-8,5.0,1016.0,NW,10.28,0,0,97.0
2026-03-22 08:00:00,2026,3,22,8,-11,11.0,1017.0,NW,12.07,0,0,109.0
2026-03-22 09:00:00,2026,3,22,9,-13,14.0,1017.0,cv,1.79,0,0,89.0
2026-03-22 10:00:00,2026,3,22,10,-17,18.0,1018.0,NE,4.92,0,0,66.0
2026-03-22 11:00:00,2026,3,22,11,-18,21.0,1018.0,NW,5.81,0,0,72.0
2026-03-22 12:00:00,2026,3,22,12,-20,22.0,1017.0,NE,4.92,0,0,37.0
2026-03-22 13:00:00,2026,3,22,13,-21,23.0,1017.0,NW,4.92,0,0,21.0
2026-03-22 14:00:00,2026,3,22,14,-22,23.0,1016.0,NE,5.81,0,0,17.0
2026-03-22 15:00:00,2026,3,22,15,-22,23.0,1017.0,NE,11.62,0,0,17.0
2026-03-22 16:00:00,2026,3,22,16,-19,22.0,1017.0,NE,17.43,0,0,11.0
2026-03-22 17:00:00,2026,3,22,17,-22,22.0,1017.0,NE,22.35,0,0,16.0
2026-03-22 18:00:00,2026,3,22,18,-21,21.0,1018.0,NE,27.27,0,0,11.0
2026-03-22 19:00:00,2026,3,22,19,-16,17.0,1019.0,SE,0.89,0,0,17.0
2026-03-22 20:00:00,2026,3,22,20,-14,17.0,1021.0,SE,4.02,0,0,31.0
2026-03-22 21:00:00,2026,3,22,21,-11,16.0,1022.0,SE,9.83,0,0,61.0
2026-03-22 22:00:00,2026,3,22,22,-8,13.0,1023.0,SE,13.85,0,0,151.0
2026-03-22 23:00:00,2026,3,22,23,-10,12.0,1024.0,SE,15.64,0,0,163.0
2026-03-23 00:00:00,2026,3,23,0,-9,8.0,1025.0,NE,1.79,0,0,98.0
2026-03-23 01:00:00,2026,3,23,1,-10,8.0,1026.0,cv,0.89,0,0,96.0
2026-03-23 02:00:00,2026,3,23,2,-7,7.0,1026.0,cv,1.78,0,0,119.0
2026-03-23 03:00:00,2026,3,23,3,-7,6.0,1026.0,NE,0.89,0,0,125.0
2026-03-23 04:00:00,2026,3,23,4,-7,7.0,1025.0,cv,0.89,0,0,136.0
2026-03-23 05:00:00,2026,3,23,5,-4,5.0,1026.0,cv,1.78,0,0,147.0
2026-03-23 06:00:00,2026,3,23,6,-5,5.0,1026.0,SE,0.89,0,0,150.0
2026-03-23 07:00:00,2026,3,23,7,-4,5.0,1026.0,NW,1.79,0,0,150.0
2026-03-23 08:00:00,2026,3,23,8,-5,9.0,1027.0,NE,1.79,0,0,173.0
2026-03-23 09:00:00,2026,3,23,9,-4,13.0,1027.0,cv,0.89,0,0,184.0
2026-03-23 10:00:00,2026,3,23,10,-3,15.0,1027.0,cv,1.78,0,0,191.0
2026-03-23 11:00:00,2026,3,23,11,-5,17.0,1026.0,SE,1.79,0,0,166.0
2026-03-23 12:00:00,2026,3,23,12,-8,18.0,1025.0,SE,4.92,0,0,128.0
2026-03-23 13:00:00,2026,3,23,13,-8,19.0,1023.0,SE,8.94,0,0,141.0
2026-03-23 14:00:00,2026,3,23,14,-7,19.0,1022.0,SE,12.96,0,0,141.0
2026-03-23 15:00:00,2026,3,23,15,-6,19.0,1021.0,SE,16.98,0,0,145.0
2026-03-23 16:00:00,2026,3,23,16,-5,19.0,1020.0,SE,21.0,0,0,156.0
2026-03-23 17:00:00,2026,3,23,17,-4,18.0,1019.0,SE,25.92,0,0,160.0
2026-03-23 18:00:00,2026,3,23,18,-3,17.0,1019.0,SE,29.94,0,0,165.0
2026-03-23 19:00:00,2026,3,23,19,-2,15.0,1019.0,SE,33.07,0,0,155.0
2026-03-23 20:00:00,2026,3,23,20,-2,14.0,1019.0,SE,36.2,0,0,118.0
2026-03-23 21:00:00,2026,3,23,21,-1,14.0,1020.0,SE,40.22,0,0,152.0
2026-03-23 22:00:00,2026,3,23,22,-1,12.0,1020.0,SE,43.35,0,0,214.0
2026-03-23 23:00:00,2026,3,23,23,0,11.0,1019.0,SE,46.48,0,0,249.0
2026-03-24 00:00:00,2026,3,24,0,-1,10.0,1019.0,cv,0.89,0,0,247.0
2026-03-24 01:00:00,2026,3,24,1,-2,6.0,1018.0,NE,0.89,0,0,248.0
2026-03-24 02:00:00,2026,3,24,2,-1,7.0,1018.0,SE,0.89,0,0,253.0
2026-03-24 03:00:00,2026,3,24,3,-1,6.0,1017.0,NW,1.79,0,0,261.0
2026-03-24 04:00:00,2026,3,24,4,0,6.0,1017.0,SE,0.89,0,0,257.0
2026-03-24 05:00:00,2026,3,24,5,-1,4.0,1016.0,NE,0.89,0,0,262.0
2026-03-24 06:00:00,2026,3,24,6,1,6.0,1016.0,SE,0.89,0,0,270.0
2026-03-24 07:00:00,2026,3,24,7,0,5.0,1016.0,NE,0.89,0,0,262.0
2026-03-24 08:00:00,2026,3,24,8,1,8.0,1016.0,SE,0.89,0,0,260.0
2026-03-24 09:00:00,2026,3,24,9,1,11.0,1016.0,cv,0.89,0,0,271.0
2026-03-24 10:00:00,2026,3,24,10,1,13.0,1016.0,cv,1.78,0,0,281.0
2026-03-24 11:00:00,2026,3,24,11,1,15.0,1015.0,cv,2.67,0,0,280.0
2026-03-24 12:00:00,2026,3,24,12,0,16.0,1014.0,cv,4.46,0,0,270.0
2026-03-24 13:00:00,2026,3,24,13,0,19.0,1013.0,cv,6.25,0,0,277.0
2026-03-24 14:00:00,2026,3,24,14,0,20.0,1012.0,cv,9.38,0,0,249.0
2026-03-24 15:00:00,2026,3,24,15,0,21.0,1011.0,cv,13.4,0,0,242.0
2026-03-24 16:00:00,2026,3,24,16,0,21.0,1010.0,SE,4.02,0,0,192.0
2026-03-24 17:00:00,2026,3,24,17,0,21.0,1009.0,SE,8.04,0,0,167.0
2026-03-24 18:00:00,2026,3,24,18,-1,20.0,1010.0,SE,9.83,0,0,168.0
2026-03-24 19:00:00,2026,3,24,19,0,19.0,1010.0,SE,12.96,0,0,184.0
2026-03-24 20:00:00,2026,3,24,20,0,18.0,1011.0,SE,16.98,0,0,199.0
2026-03-24 21:00:00,2026,3,24,21,2,14.0,1011.0,SE,17.87,0,0,225.0
2026-03-24 22:00:00,2026,3,24,22,2,12.0,1011.0,SE,18.76,0,0,252.0
2026-03-24 23:00:00,2026,3,24,23,3,11.0,1011.0,cv,0.45,0,0,277.0
2026-03-25 00:00:00,2026,3,25,0,2,10.0,1011.0,NE,0.89,0,0,290.0
2026-03-25 01:00:00,2026,3,25,1,2,10.0,1012.0,NW,1.79,0,0,299.0
2026-03-25 02:00:00,2026,3,25,2,1,8.0,1011.0,NE,0.89,0,0,326.0
2026-03-25 03:00:00,2026,3,25,3,1,8.0,1011.0,NW,0.89,0,0,324.0
2026-03-25 04:00:00,2026,3,25,4,0,7.0,1011.0,NW,1.78,0,0,320.0
2026-03-25 05:00:00,2026,3,25,5,0,7.0,1011.0,NW,3.57,0,0,279.0
2026-03-25 06:00:00,2026,3,25,6,0,6.0,1011.0,NW,6.7,0,0,250.0
2026-03-25 07:00:00,2026,3,25,7,0,8.0,1012.0,NW,8.49,0,0,228.0
2026-03-25 08:00:00,2026,3,25,8,0,12.0,1012.0,NW,11.62,0,0,232.0
2026-03-25 09:00:00,2026,3,25,9,-1,15.0,1012.0,NW,14.75,0,0,233.0
2026-03-25 10:00:00,2026,3,25,10,-1,17.0,1012.0,cv,0.89,0,0,239.0
2026-03-25 11:00:00,2026,3,25,11,-1,19.0,1012.0,cv,1.78,0,0,235.0
2026-03-25 12:00:00,2026,3,25,12,1,20.0,1011.0,SE,1.79,0,0,226.0
2026-03-25 13:00:00,2026,3,25,13,1,21.0,1010.0,cv,1.79,0,0,223.0
2026-03-25 14:00:00,2026,3,25,14,0,22.0,1009.0,cv,3.58,0,0,229.0
2026-03-25 15:00:00,2026,3,25,15,1,23.0,1008.0,SE,3.13,0,0,206.0
2026-03-25 16:00:00,2026,3,25,16,0,23.0,1007.0,SE,7.15,0,0,189.0
2026-03-25 17:00:00,2026,3,25,17,1,22.0,1007.0,SE,11.17,0,0,188.0
2026-03-25 18:00:00,2026,3,25,18,2,21.0,1007.0,SE,14.3,0,0,163.0
2026-03-25 19:00:00,2026,3,25,19,3,18.0,1008.0,SE,15.19,0,0,165.0
2026-03-25 20:00:00,2026,3,25,20,4,16.0,1009.0,SE,16.08,0,0,152.0
2026-03-25 21:00:00,2026,3,25,21,5,14.0,1009.0,SE,16.97,0,0,147.0
2026-03-25 22:00:00,2026,3,25,22,4,14.0,1009.0,cv,0.89,0,0,157.0
2026-03-25 23:00:00,2026,3,25,23,4,12.0,1010.0,SE,0.89,0,0,181.0
2026-03-26 00:00:00,2026,3,26,0,4,12.0,1010.0,SE,1.78,0,0,190.0
2026-03-26 01:00:00,2026,3,26,1,4,11.0,1010.0,NE,0.89,0,0,201.0
2026-03-26 02:00:00,2026,3,26,2,3,10.0,1010.0,NE,1.78,0,0,226.0
2026-03-26 03:00:00,2026,3,26,3,4,11.0,1009.0,cv,0.89,0,0,248.0
2026-03-26 04:00:00,2026,3,26,4,4,10.0,1010.0,cv,1.78,0,0,269.0
2026-03-26 05:00:00,2026,3,26,5,4,9.0,1010.0,cv,2.67,0,0,275.0
2026-03-26 06:00:00,2026,3,26,6,5,9.0,1011.0,cv,3.56,0,0,311.0
2026-03-26 07:00:00,2026,3,26,7,5,9.0,1012.0,cv,4.45,0,0,300.0
2026-03-26 08:00:00,2026,3,26,8,7,11.0,1012.0,cv,5.34,0,0,317.0
2026-03-26 09:00:00,2026,3,26,9,7,13.0,1013.0,cv,6.23,0,0,330.0
2026-03-26 10:00:00,2026,3,26,10,7,15.0,1013.0,cv,7.12,0,0,346.0
2026-03-26 11:00:00,2026,3,26,11,8,18.0,1012.0,cv,8.01,0,0,350.0
2026-03-26 12:00:00,2026,3,26,12,8,19.0,1011.0,SE,1.79,0,0,331.0
2026-03-26 13:00:00,2026,3,26,13,7,21.0,1010.0,SE,3.58,0,0,327.0
2026-03-26 14:00:00,2026,3,26,14,6,22.0,1009.0,cv,1.79,0,0,327.0
2026-03-26 15:00:00,2026,3,26,15,6,23.0,1008.0,SE,1.79,0,0,286.0
2026-03-26 16:00:00,2026,3,26,16,6,24.0,1007.0,SE,5.81,0,0,246.0
2026-03-26 17:00:00,2026,3,26,17,6,23.0,1007.0,SE,9.83,0,0,269.0
2026-03-26 18:00:00,2026,3,26,18,7,22.0,1008.0,SE,13.85,0,0,309.0
2026-03-26 19:00:00,2026,3,26,19,8,20.0,1009.0,SE,15.64,0,0,336.0
2026-03-26 20:00:00,2026,3,26,20,8,18.0,1009.0,SE,16.53,0,0,360.0
2026-03-26 21:00:00,2026,3,26,21,8,15.0,1010.0,cv,0.89,0,0,387.0
2026-03-26 22:00:00,2026,3,26,22,7,14.0,1011.0,cv,1.34,0,0,399.0
2026-03-26 23:00:00,2026,3,26,23,7,13.0,1011.0,NE,0.89,0,0,414.0
2026-03-27 00:00:00,2026,3,27,0,7,12.0,1011.0,NE,1.78,0,0,465.0
2026-03-27 01:00:00,2026,3,27,1,7,12.0,1011.0,NW,0.89,0,0,436.0
2026-03-27 02:00:00,2026,3,27,2,7,11.0,1011.0,SE,0.89,0,0,435.0
2026-03-27 03:00:00,2026,3,27,3,7,11.0,1011.0,cv,0.45,0,0,426.0
2026-03-27 04:00:00,2026,3,27,4,6,10.0,1011.0,SE,0.89,0,0,413.0
2026-03-27 05:00:00,2026,3,27,5,6,10.0,1012.0,NE,0.89,0,0,358.0
2026-03-27 06:00:00,2026,3,27,6,7,12.0,1012.0,NE,1.78,0,0,389.0
2026-03-27 07:00:00,2026,3,27,7,8,12.0,1013.0,cv,0.45,0,0,349.0
2026-03-27 08:00:00,2026,3,27,8,8,14.0,1014.0,cv,1.34,0,0,340.0
2026-03-27 09:00:00,2026,3,27,9,9,16.0,1014.0,SE,3.13,0,0,336.0
2026-03-27 10:00:00,2026,3,27,10,8,16.0,1014.0,SE,7.15,0,0,369.0
2026-03-27 11:00:00,2026,3,27,11,8,15.0,1014.0,SE,11.17,0,0,403.0
2026-03-27 12:00:00,2026,3,27,12,5,15.0,1014.0,SE,15.19,0,0,444.0
2026-03-27 13:00:00,2026,3,27,13,1,15.0,1013.0,SE,19.21,0,0,306.0
2026-03-27 14:00:00,2026,3,27,14,0,15.0,1011.0,SE,23.23,0,0,115.0
2026-03-27 15:00:00,2026,3,27,15,0,15.0,1011.0,SE,25.02,0,0,90.0
2026-03-27 16:00:00,2026,3,27,16,0,15.0,1010.0,NE,0.89,0,0,82.0
2026-03-27 17:00:00,2026,3,27,17,0,15.0,1010.0,cv,0.89,0,0,85.0
2026-03-27 18:00:00,2026,3,27,18,1,15.0,1009.0,NW,3.13,0,0,95.0
2026-03-27 19:00:00,2026,3,27,19,3,14.0,1009.0,NW,6.26,0,0,96.0
2026-03-27 20:00:00,2026,3,27,20,3,13.0,1009.0,NW,8.05,0,0,107.0
2026-03-27 21:00:00,2026,3,27,21,3,13.0,1009.0,NW,9.84,0,0,111.0
2026-03-27 22:00:00,2026,3,27,22,3,13.0,1009.0,cv,0.89,0,0,125.0
2026-03-27 23:00:00,2026,3,27,23,2,13.0,1009.0,NW,1.79,0,0,123.0
2026-03-28 00:00:00,2026,3,28,0,2,13.0,1008.0,cv,0.89,0,0,145.0
2026-03-28 01:00:00,2026,3,28,1,4,12.0,1008.0,cv,1.78,0,0,153.0
2026-03-28 02:00:00,2026,3,28,2,4,13.0,1008.0,NW,1.79,0,0,159.0
2026-03-28 03:00:00,2026,3,28,3,4,12.0,1007.0,cv,0.89,0,0,154.0
2026-03-28 04:00:00,2026,3,28,4,5,12.0,1007.0,NW,0.89,0,0,191.0
2026-03-28 05:00:00,2026,3,28,5,5,13.0,1008.0,NW,1.78,0,0,195.0
2026-03-28 06:00:00,2026,3,28,6,7,11.0,1008.0,NW,3.57,0,1,194.0
2026-03-28 07:00:00,2026,3,28,7,8,12.0,1008.0,NW,7.59,0,2,193.0
2026-03-28 08:00:00,2026,3,28,8,9,13.0,1008.0,NE,3.13,0,3,175.0
2026-03-28 09:00:00,2026,3,28,9,8,15.0,1009.0,NW,4.02,0,4,194.0
2026-03-28 10:00:00,2026,3,28,10,9,16.0,1008.0,NW,8.94,0,0,165.0
2026-03-28 11:00:00,2026,3,28,11,8,17.0,1008.0,NW,12.96,0,0,138.0
2026-03-28 12:00:00,2026,3,28,12,6,19.0,1008.0,NE,4.02,0,0,100.0
2026-03-28 13:00:00,2026,3,28,13,5,22.0,1007.0,NE,8.04,0,0,83.0
2026-03-28 14:00:00,2026,3,28,14,4,23.0,1006.0,cv,1.79,0,0,53.0
2026-03-28 15:00:00,2026,3,28,15,4,22.0,1006.0,SE,4.02,0,0,52.0
2026-03-28 16:00:00,2026,3,28,16,5,22.0,1006.0,SE,8.04,0,0,60.0
2026-03-28 17:00:00,2026,3,28,17,6,21.0,1006.0,SE,12.06,0,0,100.0
2026-03-28 18:00:00,2026,3,28,18,6,19.0,1006.0,SE,15.19,0,0,142.0
2026-03-28 19:00:00,2026,3,28,19,7,17.0,1007.0,SE,18.32,0,0,140.0
2026-03-28 20:00:00,2026,3,28,20,7,16.0,1008.0,SE,21.45,0,0,148.0
2026-03-28 21:00:00,2026,3,28,21,7,15.0,1010.0,SE,23.24,0,0,183.0
2026-03-28 22:00:00,2026,3,28,22,8,14.0,1011.0,NE,0.89,0,0,217.0
2026-03-28 23:00:00,2026,3,28,23,8,13.0,1011.0,SE,0.89,0,0,224.0
2026-03-29 00:00:00,2026,3,29,0,8,12.0,1011.0,SE,1.78,0,0,222.0
2026-03-29 01:00:00,2026,3,29,1,8,12.0,1011.0,cv,0.89,0,0,219.0
2026-03-29 02:00:00,2026,3,29,2,6,9.0,1011.0,NW,4.92,0,0,65.0
2026-03-29 03:00:00,2026,3,29,3,6,9.0,1011.0,cv,0.89,0,0,22.0
2026-03-29 04:00:00,2026,3,29,4,4,8.0,1012.0,NW,1.79,0,0,16.0
2026-03-29 05:00:00,2026,3,29,5,4,9.0,1012.0,NW,6.71,0,0,16.0
2026-03-29 06:00:00,2026,3,29,6,2,11.0,1013.0,NW,7.6,0,0,28.0
2026-03-29 07:00:00,2026,3,29,7,3,12.0,1014.0,NW,11.62,0,0,32.0
2026-03-29 08:00:00,2026,3,29,8,1,15.0,1015.0,NW,14.75,0,0,25.0
2026-03-29 09:00:00,2026,3,29,9,0,18.0,1015.0,NW,19.67,0,0,25.0
2026-03-29 10:00:00,2026,3,29,10,0,18.0,1015.0,NE,4.92,0,0,22.0
2026-03-29 11:00:00,2026,3,29,11,-1,20.0,1015.0,cv,3.13,0,0,18.0
2026-03-29 12:00:00,2026,3,29,12,-1,21.0,1014.0,NW,4.92,0,0,23.0
2026-03-29 13:00:00,2026,3,29,13,-1,21.0,1013.0,cv,1.79,0,0,23.0
2026-03-29 14:00:00,2026,3,29,14,-2,22.0,1012.0,cv,4.92,0,0,25.0
2026-03-29 15:00:00,2026,3,29,15,-3,23.0,1011.0,cv,6.71,0,0,18.0
2026-03-29 16:00:00,2026,3,29,16,-3,23.0,1011.0,NE,1.79,0,0,23.0
2026-03-29 17:00:00,2026,3,29,17,-2,22.0,1011.0,cv,0.89,0,0,25.0
2026-03-29 18:00:00,2026,3,29,18,-1,20.0,1011.0,SE,1.79,0,0,26.0
2026-03-29 19:00:00,2026,3,29,19,0,18.0,1012.0,SE,3.58,0,0,27.0
2026-03-29 20:00:00,2026,3,29,20,-2,19.0,1013.0,SE,7.6,0,0,36.0
2026-03-29 21:00:00,2026,3,29,21,-1,19.0,1013.0,SE,11.62,0,0,47.0
2026-03-29 22:00:00,2026,3,29,22,-1,16.0,1014.0,cv,0.89,0,0,59.0
2026-03-29 23:00:00,2026,3,29,23,-1,15.0,1014.0,SE,1.79,0,0,50.0
2026-03-30 00:00:00,2026,3,30,0,2,13.0,1014.0,cv,0.89,0,0,61.0
2026-03-30 01:00:00,2026,3,30,1,3,11.0,1015.0,cv,1.78,0,0,58.0
2026-03-30 02:00:00,2026,3,30,2,1,9.0,1015.0,NW,1.79,0,0,66.0
2026-03-30 03:00:00,2026,3,30,3,1,10.0,1014.0,cv,0.45,0,0,63.0
2026-03-30 04:00:00,2026,3,30,4,1,10.0,1014.0,NW,1.79,0,0,51.0
2026-03-30 05:00:00,2026,3,30,5,0,8.0,1015.0,NW,4.92,0,0,39.0
2026-03-30 06:00:00,2026,3,30,6,1,8.0,1015.0,NW,6.71,0,0,42.0
2026-03-30 07:00:00,2026,3,30,7,1,10.0,1016.0,NE,3.13,0,0,44.0
2026-03-30 08:00:00,2026,3,30,8,-1,15.0,1016.0,NW,3.13,0,0,44.0
2026-03-30 09:00:00,2026,3,30,9,-4,18.0,1017.0,NW,6.26,0,0,35.0
2026-03-30 10:00:00,2026,3,30,10,-4,20.0,1017.0,NW,9.39,0,0,30.0
2026-03-30 11:00:00,2026,3,30,11,-7,21.0,1017.0,NW,12.52,0,0,34.0
2026-03-30 12:00:00,2026,3,30,12,-9,24.0,1016.0,cv,1.79,0,0,21.0
2026-03-30 13:00:00,2026,3,30,13,-10,25.0,1015.0,cv,3.58,0,0,14.0
2026-03-30 14:00:00,2026,3,30,14,-11,26.0,1014.0,cv,6.71,0,0,11.0
2026-03-30 15:00:00,2026,3,30,15,-9,26.0,1013.0,cv,8.5,0,0,9.0
2026-03-30 16:00:00,2026,3,30,16,-9,26.0,1013.0,SE,3.13,0,0,12.0
2026-03-30 17:00:00,2026,3,30,17,-10,25.0,1013.0,SE,4.92,0,0,13.0
2026-03-30 18:00:00,2026,3,30,18,-11,24.0,1014.0,SE,8.94,0,0,18.0
2026-03-30 19:00:00,2026,3,30,19,-10,23.0,1014.0,SE,12.07,0,0,21.0
2026-03-30 20:00:00,2026,3,30,20,-9,21.0,1015.0,SE,16.09,0,0,24.0
2026-03-30 21:00:00,2026,3,30,21,-10,22.0,1016.0,SE,20.11,0,0,27.0
2026-03-30 22:00:00,2026,3,30,22,-8,19.0,1016.0,SE,21.9,0,0,39.0
2026-03-30 23:00:00,2026,3,30,23,-5,19.0,1016.0,SE,25.03,0,0,44.0
2026-03-31 00:00:00,2026,3,31,0,-3,18.0,1016.0,SE,28.16,0,0,64.0
2026-03-31 01:00:00,2026,3,31,1,-1,17.0,1016.0,SE,31.29,0,0,106.0
2026-03-31 02:00:00,2026,3,31,2,-1,17.0,1015.0,SE,35.31,0,0,137.0
2026-03-31 03:00:00,2026,3,31,3,-1,16.0,1015.0,SE,37.1,0,0,165.0
2026-03-31 04:00:00,2026,3,31,4,-1,15.0,1015.0,SE,40.23,0,0,153.0
2026-03-31 05:00:00,2026,3,31,5,1,15.0,1015.0,SE,43.36,0,0,116.0
2026-03-31 06:00:00,2026,3,31,6,2,14.0,1016.0,SE,45.15,0,0,127.0
2026-03-31 07:00:00,2026,3,31,7,3,14.0,1016.0,SE,46.94,0,0,147.0
2026-03-31 08:00:00,2026,3,31,8,4,15.0,1017.0,cv,0.89,0,0,180.0
2026-03-31 09:00:00,2026,3,31,9,4,16.0,1017.0,cv,1.78,0,0,199.0
2026-03-31 10:00:00,2026,3,31,10,5,17.0,1017.0,cv,2.67,0,0,209.0
2026-03-31 11:00:00,2026,3,31,11,5,18.0,1017.0,SE,1.79,0,0,235.0
2026-03-31 12:00:00,2026,3,31,12,5,18.0,1016.0,SE,4.92,0,0,254.0
2026-03-31 13:00:00,2026,3,31,13,5,20.0,1015.0,SE,6.71,0,0,250.0
2026-03-31 14:00:00,2026,3,31,14,3,22.0,1015.0,cv,0.89,0,0,235.0
2026-03-31 15:00:00,2026,3,31,15,2,22.0,1014.0,cv,1.78,0,0,210.0
2026-03-31 16:00:00,2026,3,31,16,1,22.0,1013.0,NW,4.02,0,0,127.0
2026-03-31 17:00:00,2026,3,31,17,0,21.0,1013.0,NW,11.17,0,0,72.0
2026-03-31 18:00:00,2026,3,31,18,0,21.0,1013.0,NW,15.19,0,0,27.0
2026-03-31 19:00:00,2026,3,31,19,7,17.0,1014.0,SE,4.92,0,1,70.0
2026-03-31 20:00:00,2026,3,31,20,7,16.0,1014.0,SE,8.94,0,0,113.0
2026-03-31 21:00:00,2026,3,31,21,8,14.0,1015.0,SE,10.73,0,0,118.0
2026-03-31 22:00:00,2026,3,31,22,7,14.0,1015.0,SE,13.86,0,0,143.0
2026-03-31 23:00:00,2026,3,31,23,8,13.0,1015.0,SE,16.99,0,0,175.0
2026-04-01 00:00:00,2026,4,1,0,7,12.0,1015.0,cv,0.89,0,0,159.0
2026-04-01 01:00:00,2026,4,1,1,7,10.0,1015.0,cv,1.78,0,0,161.0
2026-04-01 02:00:00,2026,4,1,2,6,9.0,1015.0,cv,2.23,0,0,174.0
2026-04-01 03:00:00,2026,4,1,3,6,9.0,1015.0,cv,3.12,0,0,177.0
2026-04-01 04:00:00,2026,4,1,4,5,8.0,1014.0,cv,3.57,0,0,174.0
2026-04-01 05:00:00,2026,4,1,5,5,7.0,1014.0,cv,4.02,0,0,180.0
2026-04-01 06:00:00,2026,4,1,6,3,6.0,1015.0,NW,0.89,0,0,196.0
2026-04-01 07:00:00,2026,4,1,7,6,8.0,1015.0,NW,1.78,0,0,214.0
2026-04-01 08:00:00,2026,4,1,8,9,11.0,1015.0,NW,3.57,0,0,220.0
2026-04-01 09:00:00,2026,4,1,9,7,15.0,1015.0,NE,1.79,0,0,216.0
2026-04-01 10:00:00,2026,4,1,10,6,17.0,1014.0,cv,1.79,0,0,199.0
2026-04-01 11:00:00,2026,4,1,11,5,20.0,1014.0,cv,2.68,0,0,168.0
2026-04-01 12:00:00,2026,4,1,12,3,21.0,1013.0,cv,3.57,0,0,121.0
2026-04-01 13:00:00,2026,4,1,13,0,23.0,1011.0,SE,3.13,0,0,124.0
2026-04-01 14:00:00,2026,4,1,14,-4,24.0,1010.0,cv,3.13,0,0,94.0
2026-04-01 15:00:00,2026,4,1,15,-5,24.0,1009.0,SE,4.92,0,0,63.0
2026-04-01 16:00:00,2026,4,1,16,-6,24.0,1009.0,SE,10.73,0,0,52.0
2026-04-01 17:00:00,2026,4,1,17,-6,24.0,1008.0,SE,16.54,0,0,64.0
2026-04-01 18:00:00,2026,4,1,18,-5,22.0,1008.0,SE,20.56,0,0,48.0
2026-04-01 19:00:00,2026,4,1,19,-4,22.0,1009.0,SE,24.58,0,0,69.0
2026-04-01 20:00:00,2026,4,1,20,-2,19.0,1009.0,SE,28.6,0,0,65.0
2026-04-01 21:00:00,2026,4,1,21,0,18.0,1010.0,cv,0.89,0,0,83.0
2026-04-01 22:00:00,2026,4,1,22,3,15.0,1009.0,cv,1.78,0,0,90.0
2026-04-01 23:00:00,2026,4,1,23,3,15.0,1010.0,NE,0.89,0,0,80.0
2026-04-02 00:00:00,2026,4,2,0,3,15.0,1010.0,cv,0.89,0,0,95.0
2026-04-02 01:00:00,2026,4,2,1,4,14.0,1010.0,cv,1.78,0,0,99.0
2026-04-02 02:00:00,2026,4,2,2,4,13.0,1010.0,SE,0.89,0,0,103.0
2026-04-02 03:00:00,2026,4,2,3,4,12.0,1010.0,NE,1.79,0,0,119.0
2026-04-02 04:00:00,2026,4,2,4,3,10.0,1010.0,cv,0.89,0,0,121.0
2026-04-02 05:00:00,2026,4,2,5,4,11.0,1010.0,cv,1.78,0,0,113.0
2026-04-02 06:00:00,2026,4,2,6,3,9.0,1011.0,NE,1.79,0,0,124.0
2026-04-02 07:00:00,2026,4,2,7,5,10.0,1012.0,NE,2.68,0,0,138.0
2026-04-02 08:00:00,2026,4,2,8,5,15.0,1013.0,NE,4.47,0,0,160.0
2026-04-02 09:00:00,2026,4,2,9,4,17.0,1014.0,NE,6.26,0,0,163.0
2026-04-02 10:00:00,2026,4,2,10,-1,20.0,1014.0,NE,11.18,0,0,119.0
2026-04-02 11:00:00,2026,4,2,11,0,22.0,1015.0,NE,16.1,0,0,80.0
2026-04-02 12:00:00,2026,4,2,12,-2,23.0,1015.0,NE,21.02,0,0,84.0
2026-04-02 13:00:00,2026,4,2,13,-2,23.0,1015.0,NE,25.94,0,0,76.0
2026-04-02 14:00:00,2026,4,2,14,0,23.0,1014.0,SE,3.13,0,0,98.0
2026-04-02 15:00:00,2026,4,2,15,-3,23.0,1014.0,SE,8.94,0,0,105.0
2026-04-02 16:00:00,2026,4,2,16,-1,21.0,1015.0,SE,16.09,0,0,86.0
2026-04-02 17:00:00,2026,4,2,17,0,20.0,1016.0,SE,21.9,0,0,132.0
2026-04-02 18:00:00,2026,4,2,18,-1,18.0,1017.0,SE,25.92,0,0,116.0
2026-04-02 19:00:00,2026,4,2,19,-1,16.0,1018.0,SE,29.94,0,0,105.0
2026-04-02 20:00:00,2026,4,2,20,-2,15.0,1020.0,SE,31.73,0,0,97.0
2026-04-02 21:00:00,2026,4,2,21,0,14.0,1021.0,SE,33.52,0,0,87.0
2026-04-02 22:00:00,2026,4,2,22,1,14.0,1022.0,SE,36.65,0,0,72.0
2026-04-02 23:00:00,2026,4,2,23,-1,13.0,1022.0,SE,40.67,0,0,70.0
2026-04-03 00:00:00,2026,4,3,0,-1,13.0,1023.0,SE,44.69,0,0,64.0
2026-04-03 01:00:00,2026,4,3,1,-2,12.0,1023.0,SE,47.82,0,0,55.0
2026-04-03 02:00:00,2026,4,3,2,-1,11.0,1024.0,cv,0.89,0,0,58.0
2026-04-03 03:00:00,2026,4,3,3,-1,10.0,1024.0,NE,3.13,0,0,52.0
2026-04-03 04:00:00,2026,4,3,4,-2,10.0,1025.0,cv,0.89,0,0,52.0
2026-04-03 05:00:00,2026,4,3,5,-16,11.0,1025.0,NE,4.02,0,0,53.0
2026-04-03 06:00:00,2026,4,3,6,-16,7.0,1026.0,NW,1.79,0,0,12.0
2026-04-03 07:00:00,2026,4,3,7,-16,11.0,1026.0,NW,5.81,0,0,15.0
2026-04-03 08:00:00,2026,4,3,8,-16,14.0,1025.0,NW,12.96,0,0,9.0
2026-04-03 09:00:00,2026,4,3,9,-17,16.0,1025.0,NW,21.9,0,0,6.0
2026-04-03 10:00:00,2026,4,3,10,-19,18.0,1025.0,NW,33.08,0,0,9.0
2026-04-03 11:00:00,2026,4,3,11,-20,19.0,1024.0,NW,42.91,0,0,14.0
2026-04-03 12:00:00,2026,4,3,12,-24,20.0,1023.0,NW,50.96,0,0,14.0
2026-04-03 13:00:00,2026,4,3,13,-27,20.0,1023.0,NW,58.11,0,0,11.0
2026-04-03 14:00:00,2026,4,3,14,-28,19.0,1022.0,NE,5.81,0,0,12.0
2026-04-03 15:00:00,2026,4,3,15,-28,18.0,1022.0,NE,12.96,0,0,14.0
2026-04-03 16:00:00,2026,4,3,16,-29,17.0,1021.0,NE,20.11,0,0,9.0
2026-04-03 17:00:00,2026,4,3,17,-29,17.0,1021.0,NE,24.13,0,0,7.0
2026-04-03 18:00:00,2026,4,3,18,-30,16.0,1021.0,NE,28.15,0,0,7.0
2026-04-03 19:00:00,2026,4,3,19,-28,14.0,1021.0,SE,1.79,0,0,19.0
2026-04-03 20:00:00,2026,4,3,20,-21,12.0,1022.0,SE,3.58,0,0,18.0
2026-04-03 21:00:00,2026,4,3,21,-18,11.0,1022.0,SE,5.37,0,0,22.0
2026-04-03 22:00:00,2026,4,3,22,-20,11.0,1022.0,cv,0.89,0,0,20.0
2026-04-03 23:00:00,2026,4,3,23,-9,10.0,1022.0,SE,7.15,0,0,33.0
2026-04-04 00:00:00,2026,4,4,0,-8,8.0,1022.0,SE,10.28,0,0,40.0
2026-04-04 01:00:00,2026,4,4,1,-9,8.0,1021.0,SE,14.3,0,0,35.0
2026-04-04 02:00:00,2026,4,4,2,-9,7.0,1020.0,SE,17.43,0,0,28.0
2026-04-04 03:00:00,2026,4,4,3,-8,7.0,1019.0,SE,19.22,0,0,29.0
2026-04-04 04:00:00,2026,4,4,4,-6,6.0,1018.0,SE,21.01,0,0,32.0
2026-04-04 05:00:00,2026,4,4,5,-4,5.0,1016.0,SE,22.8,0,0,36.0
2026-04-04 06:00:00,2026,4,4,6,-5,4.0,1015.0,NE,1.79,0,0,37.0
2026-04-04 07:00:00,2026,4,4,7,-5,6.0,1015.0,NE,3.58,0,0,42.0
2026-04-04 08:00:00,2026,4,4,8,-6,9.0,1014.0,cv,0.89,0,0,59.0
2026-04-04 09:00:00,2026,4,4,9,-7,11.0,1014.0,cv,2.68,0,0,60.0
2026-04-04 10:00:00,2026,4,4,10,-7,13.0,1013.0,NW,1.79,0,0,53.0
2026-04-04 11:00:00,2026,4,4,11,-8,16.0,1012.0,SE,1.79,0,0,55.0
2026-04-04 12:00:00,2026,4,4,12,-6,20.0,1011.0,SE,3.58,0,0,41.0
2026-04-04 13:00:00,2026,4,4,13,-10,23.0,1009.0,NE,3.13,0,0,31.0
2026-04-04 14:00:00,2026,4,4,14,-12,25.0,1009.0,NE,7.15,0,0,29.0
2026-04-04 15:00:00,2026,4,4,15,-12,25.0,1008.0,NE,11.17,0,0,24.0
2026-04-04 16:00:00,2026,4,4,16,-17,25.0,1009.0,NW,7.15,0,0,13.0
2026-04-04 17:00:00,2026,4,4,17,-15,22.0,1010.0,NE,7.15,0,0,11.0
2026-04-04 18:00:00,2026,4,4,18,-21,20.0,1012.0,NE,14.3,0,0,16.0
2026-04-04 19:00:00,2026,4,4,19,-18,18.0,1014.0,NE,21.45,0,0,14.0
2026-04-04 20:00:00,2026,4,4,20,-19,17.0,1017.0,NE,26.37,0,0,20.0
2026-04-04 21:00:00,2026,4,4,21,-18,14.0,1018.0,NE,28.16,0,0,14.0
2026-04-04 22:00:00,2026,4,4,22,-7,12.0,1020.0,SE,4.02,0,0,31.0
2026-04-04 23:00:00,2026,4,4,23,-6,12.0,1021.0,SE,8.04,0,0,31.0
2026-04-05 00:00:00,2026,4,5,0,-7,11.0,1022.0,cv,1.79,0,0,34.0
2026-04-05 01:00:00,2026,4,5,1,-6,9.0,1022.0,SE,4.02,0,0,33.0
2026-04-05 02:00:00,2026,4,5,2,-5,8.0,1023.0,SE,5.81,0,0,34.0
2026-04-05 03:00:00,2026,4,5,3,-5,8.0,1023.0,cv,0.89,0,0,28.0
2026-04-05 04:00:00,2026,4,5,4,-5,7.0,1023.0,cv,1.78,0,0,32.0
2026-04-05 05:00:00,2026,4,5,5,-5,4.0,1024.0,cv,2.67,0,0,37.0
2026-04-05 06:00:00,2026,4,5,6,-6,5.0,1024.0,cv,3.56,0,0,36.0
2026-04-05 07:00:00,2026,4,5,7,-5,8.0,1025.0,cv,4.45,0,0,49.0
2026-04-05 08:00:00,2026,4,5,8,-9,13.0,1025.0,NW,1.79,0,0,16.0
2026-04-05 09:00:00,2026,4,5,9,-16,14.0,1025.0,NW,6.71,0,0,8.0
2026-04-05 10:00:00,2026,4,5,10,-18,15.0,1025.0,NW,11.63,0,0,6.0
2026-04-05 11:00:00,2026,4,5,11,-18,16.0,1024.0,NW,16.55,0,0,11.0
2026-04-05 12:00:00,2026,4,5,12,-18,16.0,1023.0,NW,21.47,0,0,8.0
2026-04-05 13:00:00,2026,4,5,13,-17,18.0,1022.0,cv,1.79,0,0,4.0
2026-04-05 14:00:00,2026,4,5,14,-18,18.0,1021.0,NE,3.13,0,0,6.0
2026-04-05 15:00:00,2026,4,5,15,-16,19.0,1020.0,cv,3.13,0,0,14.0
2026-04-05 16:00:00,2026,4,5,16,-18,19.0,1019.0,SE,3.13,0,0,10.0
2026-04-05 17:00:00,2026,4,5,17,-16,19.0,1018.0,SE,7.15,0,0,10.0
2026-04-05 18:00:00,2026,4,5,18,-16,18.0,1018.0,SE,10.28,0,0,25.0
2026-04-05 19:00:00,2026,4,5,19,-12,17.0,1019.0,SE,15.2,0,0,30.0
2026-04-05 20:00:00,2026,4,5,20,-9,16.0,1020.0,SE,20.12,0,0,37.0
2026-04-05 21:00:00,2026,4,5,21,-8,15.0,1020.0,SE,24.14,0,0,48.0
2026-04-05 22:00:00,2026,4,5,22,-7,15.0,1020.0,SE,27.27,0,0,48.0
2026-04-05 23:00:00,2026,4,5,23,-5,11.0,1021.0,cv,0.45,0,0,49.0
2026-04-06 00:00:00,2026,4,6,0,-4,9.0,1021.0,cv,0.9,0,0,57.0
2026-04-06 01:00:00,2026,4,6,1,-2,8.0,1021.0,SE,0.89,0,0,58.0
2026-04-06 02:00:00,2026,4,6,2,-5,5.0,1020.0,NW,1.79,0,0,64.0
2026-04-06 03:00:00,2026,4,6,3,-2,5.0,1020.0,cv,0.89,0,0,65.0
2026-04-06 04:00:00,2026,4,6,4,-3,3.0,1020.0,NW,1.79,0,0,61.0
2026-04-06 05:00:00,2026,4,6,5,-2,4.0,1020.0,cv,0.89,0,0,61.0
2026-04-06 06:00:00,2026,4,6,6,-3,3.0,1021.0,SE,0.89,0,0,71.0
2026-04-06 07:00:00,2026,4,6,7,-1,7.0,1021.0,NE,0.89,0,0,102.0
2026-04-06 08:00:00,2026,4,6,8,-7,11.0,1021.0,cv,0.89,0,0,91.0
2026-04-06 09:00:00,2026,4,6,9,-10,15.0,1021.0,NW,1.79,0,0,84.0
2026-04-06 10:00:00,2026,4,6,10,-13,18.0,1020.0,cv,0.89,0,0,51.0
2026-04-06 11:00:00,2026,4,6,11,-14,21.0,1019.0,cv,4.02,0,0,27.0
2026-04-06 12:00:00,2026,4,6,12,-18,23.0,1018.0,SE,4.02,0,0,39.0
2026-04-06 13:00:00,2026,4,6,13,-16,24.0,1017.0,SE,9.83,0,0,33.0
2026-04-06 14:00:00,2026,4,6,14,-15,25.0,1015.0,SE,15.64,0,0,32.0
2026-04-06 15:00:00,2026,4,6,15,-15,25.0,1014.0,SE,21.45,0,0,41.0
2026-04-06 16:00:00,2026,4,6,16,-15,25.0,1013.0,SE,27.26,0,0,40.0
2026-04-06 17:00:00,2026,4,6,17,-12,24.0,1013.0,SE,34.41,0,0,45.0
2026-04-06 18:00:00,2026,4,6,18,-11,22.0,1013.0,SE,40.22,0,0,45.0
2026-04-06 19:00:00,2026,4,6,19,-8,21.0,1013.0,SE,44.24,0,0,59.0
2026-04-06 20:00:00,2026,4,6,20,-10,20.0,1014.0,SE,49.16,0,0,59.0
2026-04-06 21:00:00,2026,4,6,21,-7,20.0,1014.0,SE,54.97,0,0,82.0
2026-04-06 22:00:00,2026,4,6,22,-5,19.0,1014.0,SE,60.78,0,0,58.0
2026-04-06 23:00:00,2026,4,6,23,-5,18.0,1014.0,SE,64.8,0,0,65.0
2026-04-07 00:00:00,2026,4,7,0,-3,14.0,1014.0,cv,0.89,0,0,54.0
2026-04-07 01:00:00,2026,4,7,1,-2,12.0,1014.0,SE,0.89,0,0,55.0
2026-04-07 02:00:00,2026,4,7,2,-2,11.0,1014.0,SE,2.68,0,0,63.0
2026-04-07 03:00:00,2026,4,7,3,-2,11.0,1013.0,cv,0.89,0,0,70.0
2026-04-07 04:00:00,2026,4,7,4,-2,8.0,1014.0,NE,0.89,0,0,74.0
2026-04-07 05:00:00,2026,4,7,5,0,8.0,1014.0,NE,1.78,0,0,80.0
2026-04-07 06:00:00,2026,4,7,6,0,8.0,1014.0,NE,2.67,0,0,87.0
2026-04-07 07:00:00,2026,4,7,7,1,10.0,1014.0,SE,1.79,0,0,93.0
2026-04-07 08:00:00,2026,4,7,8,1,13.0,1014.0,cv,0.89,0,0,105.0
2026-04-07 09:00:00,2026,4,7,9,1,16.0,1015.0,cv,1.78,0,0,92.0
2026-04-07 10:00:00,2026,4,7,10,0,18.0,1015.0,cv,2.67,0,0,103.0
2026-04-07 11:00:00,2026,4,7,11,-1,20.0,1014.0,cv,3.56,0,0,97.0
2026-04-07 12:00:00,2026,4,7,12,-1,21.0,1013.0,SE,1.79,0,0,110.0
2026-04-07 13:00:00,2026,4,7,13,-3,23.0,1013.0,cv,0.89,0,0,92.0
2026-04-07 14:00:00,2026,4,7,14,-3,24.0,1012.0,cv,4.02,0,0,93.0
2026-04-07 15:00:00,2026,4,7,15,-5,25.0,1011.0,SE,3.13,0,0,97.0
2026-04-07 16:00:00,2026,4,7,16,-5,25.0,1011.0,SE,7.15,0,0,95.0
2026-04-07 17:00:00,2026,4,7,17,-4,24.0,1011.0,SE,11.17,0,0,88.0
2026-04-07 18:00:00,2026,4,7,18,-4,22.0,1011.0,SE,14.3,0,0,98.0
2026-04-07 19:00:00,2026,4,7,19,-2,19.0,1011.0,SE,16.09,0,0,105.0
2026-04-07 20:00:00,2026,4,7,20,1,17.0,1012.0,SE,17.88,0,0,111.0
2026-04-07 21:00:00,2026,4,7,21,1,16.0,1013.0,cv,0.89,0,0,123.0
2026-04-07 22:00:00,2026,4,7,22,2,14.0,1013.0,NE,0.89,0,0,147.0
2026-04-07 23:00:00,2026,4,7,23,2,16.0,1014.0,SE,3.13,0,0,155.0
2026-04-08 00:00:00,2026,4,8,0,3,14.0,1014.0,SE,6.26,0,0,166.0
2026-04-08 01:00:00,2026,4,8,1,4,13.0,1014.0,SE,8.05,0,0,194.0
2026-04-08 02:00:00,2026,4,8,2,4,12.0,1015.0,SE,8.94,0,0,191.0
2026-04-08 03:00:00,2026,4,8,3,3,10.0,1015.0,NE,0.89,0,0,180.0
2026-04-08 04:00:00,2026,4,8,4,4,10.0,1015.0,cv,0.45,0,0,187.0
2026-04-08 05:00:00,2026,4,8,5,4,8.0,1015.0,NE,0.89,0,0,195.0
2026-04-08 06:00:00,2026,4,8,6,4,8.0,1015.0,SE,0.89,0,0,174.0
2026-04-08 07:00:00,2026,4,8,7,4,9.0,1016.0,NE,0.89,0,0,171.0
2026-04-08 08:00:00,2026,4,8,8,4,13.0,1016.0,cv,0.89,0,0,181.0
2026-04-08 09:00:00,2026,4,8,9,4,16.0,1016.0,cv,1.78,0,0,193.0
2026-04-08 10:00:00,2026,4,8,10,3,18.0,1016.0,cv,2.67,0,0,196.0
2026-04-08 11:00:00,2026,4,8,11,4,20.0,1015.0,SE,1.79,0,0,199.0
2026-04-08 12:00:00,2026,4,8,12,4,22.0,1014.0,cv,3.13,0,0,206.0
2026-04-08 13:00:00,2026,4,8,13,3,23.0,1013.0,SE,3.13,0,0,175.0
2026-04-08 14:00:00,2026,4,8,14,0,25.0,1012.0,SE,7.15,0,0,158.0
2026-04-08 15:00:00,2026,4,8,15,-2,25.0,1011.0,SE,11.17,0,0,152.0
2026-04-08 16:00:00,2026,4,8,16,-1,25.0,1010.0,SE,16.09,0,0,158.0
2026-04-08 17:00:00,2026,4,8,17,0,25.0,1010.0,SE,21.01,0,0,139.0
2026-04-08 18:00:00,2026,4,8,18,-1,23.0,1010.0,SE,25.03,0,0,138.0
2026-04-08 19:00:00,2026,4,8,19,2,21.0,1010.0,SE,28.16,0,0,151.0
2026-04-08 20:00:00,2026,4,8,20,3,21.0,1011.0,SE,29.95,0,0,146.0
2026-04-08 21:00:00,2026,4,8,21,3,20.0,1011.0,SE,31.74,0,0,139.0
2026-04-08 22:00:00,2026,4,8,22,3,19.0,1011.0,SE,34.87,0,0,136.0
2026-04-08 23:00:00,2026,4,8,23,4,18.0,1011.0,SE,38.0,0,0,138.0
2026-04-09 00:00:00,2026,4,9,0,4,18.0,1010.0,SE,42.02,0,0,136.0
2026-04-09 01:00:00,2026,4,9,1,5,17.0,1010.0,SE,45.15,0,0,136.0
2026-04-09 02:00:00,2026,4,9,2,6,16.0,1010.0,SE,48.28,0,0,140.0
2026-04-09 03:00:00,2026,4,9,3,7,16.0,1009.0,SE,50.07,0,0,145.0
2026-04-09 04:00:00,2026,4,9,4,7,15.0,1009.0,SE,51.86,0,0,147.0
2026-04-09 05:00:00,2026,4,9,5,7,14.0,1009.0,SE,53.65,0,0,151.0
2026-04-09 06:00:00,2026,4,9,6,7,13.0,1010.0,cv,0.89,0,0,153.0
2026-04-09 07:00:00,2026,4,9,7,8,14.0,1010.0,cv,1.78,0,0,196.0
2026-04-09 08:00:00,2026,4,9,8,9,16.0,1010.0,cv,2.67,0,0,182.0
2026-04-09 09:00:00,2026,4,9,9,8,19.0,1010.0,NE,1.79,0,0,162.0
2026-04-09 10:00:00,2026,4,9,10,7,22.0,1009.0,SE,3.13,0,0,164.0
2026-04-09 11:00:00,2026,4,9,11,2,26.0,1009.0,SE,7.15,0,0,133.0
2026-04-09 12:00:00,2026,4,9,12,-7,28.0,1008.0,NW,4.92,0,0,62.0
2026-04-09 13:00:00,2026,4,9,13,-9,30.0,1008.0,NW,12.07,0,0,60.0
2026-04-09 14:00:00,2026,4,9,14,-6,30.0,1008.0,NE,4.92,0,0,49.0
2026-04-09 15:00:00,2026,4,9,15,-7,29.0,1008.0,NE,12.07,0,0,62.0
2026-04-09 16:00:00,2026,4,9,16,-8,28.0,1009.0,NE,19.22,0,0,56.0
2026-04-09 17:00:00,2026,4,9,17,-8,27.0,1010.0,NE,26.37,0,0,65.0
2026-04-09 18:00:00,2026,4,9,18,-8,26.0,1011.0,NE,30.39,0,0,73.0
2026-04-09 19:00:00,2026,4,9,19,-1,24.0,1013.0,SE,7.15,0,0,80.0
2026-04-09 20:00:00,2026,4,9,20,-3,22.0,1015.0,SE,12.96,0,0,580.0
2026-04-09 21:00:00,2026,4,9,21,-6,21.0,1016.0,SE,17.88,0,0,217.0
2026-04-09 22:00:00,2026,4,9,22,-4,19.0,1018.0,SE,19.67,0,0,159.0
2026-04-09 23:00:00,2026,4,9,23,-5,19.0,1019.0,SE,24.59,0,0,181.0
2026-04-10 00:00:00,2026,4,10,0,1,16.0,1020.0,SE,27.72,0,0,165.0
2026-04-10 01:00:00,2026,4,10,1,1,15.0,1021.0,SE,30.85,0,0,175.0
2026-04-10 02:00:00,2026,4,10,2,1,14.0,1021.0,SE,32.64,0,0,112.0
2026-04-10 03:00:00,2026,4,10,3,1,14.0,1021.0,cv,0.89,0,0,101.0
2026-04-10 04:00:00,2026,4,10,4,1,14.0,1022.0,SE,1.79,0,0,111.0
2026-04-10 05:00:00,2026,4,10,5,2,13.0,1021.0,SE,2.68,0,0,102.0
2026-04-10 06:00:00,2026,4,10,6,1,14.0,1022.0,SE,6.7,0,0,106.0
2026-04-10 07:00:00,2026,4,10,7,0,14.0,1023.0,SE,10.72,0,0,95.0
2026-04-10 08:00:00,2026,4,10,8,0,15.0,1023.0,SE,12.51,0,0,101.0
2026-04-10 09:00:00,2026,4,10,9,-2,16.0,1024.0,SE,15.64,0,0,88.0
2026-04-10 10:00:00,2026,4,10,10,-3,17.0,1024.0,SE,18.77,0,0,125.0
2026-04-10 11:00:00,2026,4,10,11,-3,17.0,1024.0,SE,20.56,0,0,93.0
2026-04-10 12:00:00,2026,4,10,12,-4,17.0,1023.0,SE,22.35,0,0,71.0
2026-04-10 13:00:00,2026,4,10,13,-4,18.0,1023.0,SE,25.48,0,0,74.0
2026-04-10 14:00:00,2026,4,10,14,-5,18.0,1022.0,cv,3.13,0,0,68.0
2026-04-10 15:00:00,2026,4,10,15,-7,18.0,1021.0,SE,3.13,0,0,
2026-04-10 16:00:00,2026,4,10,16,-9,18.0,1020.0,SE,6.26,0,0,51.0
2026-04-10 17:00:00,2026,4,10,17,-8,17.0,1020.0,SE,9.39,0,0,62.0
2026-04-10 18:00:00,2026,4,10,18,-7,17.0,1020.0,SE,12.52,0,0,64.0
2026-04-10 19:00:00,2026,4,10,19,-6,15.0,1020.0,SE,13.41,0,0,66.0
2026-04-10 20:00:00,2026,4,10,20,-1,14.0,1020.0,cv,0.89,0,0,63.0
2026-04-10 21:00:00,2026,4,10,21,-2,15.0,1021.0,cv,1.78,0,0,65.0
2026-04-10 22:00:00,2026,4,10,22,0,14.0,1021.0,cv,2.67,0,0,72.0
2026-04-10 23:00:00,2026,4,10,23,-3,15.0,1021.0,SE,1.79,0,1,67.0
2026-04-11 00:00:00,2026,4,11,0,-1,14.0,1021.0,SE,3.58,0,2,51.0
2026-04-11 01:00:00,2026,4,11,1,-2,14.0,1020.0,SE,5.37,0,3,67.0
2026-04-11 02:00:00,2026,4,11,2,-3,14.0,1020.0,SE,8.5,0,0,64.0
2026-04-11 03:00:00,2026,4,11,3,-2,13.0,1021.0,SE,10.29,0,0,71.0
2026-04-11 04:00:00,2026,4,11,4,-1,13.0,1020.0,SE,12.08,0,0,76.0
2026-04-11 05:00:00,2026,4,11,5,-3,13.0,1020.0,SE,15.21,0,0,69.0
2026-04-11 06:00:00,2026,4,11,6,-4,13.0,1020.0,SE,18.34,0,0,69.0
2026-04-11 07:00:00,2026,4,11,7,-4,13.0,1020.0,cv,0.89,0,0,76.0
2026-04-11 08:00:00,2026,4,11,8,-1,13.0,1021.0,NE,1.79,0,0,48.0
2026-04-11 09:00:00,2026,4,11,9,-1,13.0,1021.0,NE,3.58,0,0,46.0
2026-04-11 10:00:00,2026,4,11,10,-1,14.0,1021.0,cv,0.89,0,0,47.0
2026-04-11 11:00:00,2026,4,11,11,-2,14.0,1021.0,cv,1.78,0,0,41.0
2026-04-11 12:00:00,2026,4,11,12,-4,16.0,1020.0,SE,1.79,0,0,40.0
2026-04-11 13:00:00,2026,4,11,13,-5,17.0,1019.0,NW,1.79,0,0,43.0
2026-04-11 14:00:00,2026,4,11,14,-5,17.0,1018.0,cv,1.79,0,0,36.0
2026-04-11 15:00:00,2026,4,11,15,-6,18.0,1017.0,SE,3.13,0,0,41.0
2026-04-11 16:00:00,2026,4,11,16,-6,17.0,1017.0,SE,4.92,0,0,39.0
2026-04-11 17:00:00,2026,4,11,17,-6,17.0,1016.0,SE,8.05,0,0,52.0
2026-04-11 18:00:00,2026,4,11,18,-6,16.0,1016.0,SE,9.84,0,0,59.0
2026-04-11 19:00:00,2026,4,11,19,-5,15.0,1016.0,SE,11.63,0,0,60.0
2026-04-11 20:00:00,2026,4,11,20,-4,14.0,1017.0,SE,13.42,0,0,68.0
2026-04-11 21:00:00,2026,4,11,21,-3,13.0,1017.0,SE,15.21,0,0,83.0
2026-04-11 22:00:00,2026,4,11,22,-3,13.0,1018.0,SE,17.0,0,0,103.0
2026-04-11 23:00:00,2026,4,11,23,-2,13.0,1018.0,SE,18.79,0,0,98.0
2026-04-12 00:00:00,2026,4,12,0,-2,12.0,1017.0,SE,20.58,0,0,78.0
2026-04-12 01:00:00,2026,4,12,1,-1,10.0,1017.0,cv,0.89,0,0,82.0
2026-04-12 02:00:00,2026,4,12,2,0,8.0,1017.0,cv,1.78,0,0,88.0
2026-04-12 03:00:00,2026,4,12,3,-1,8.0,1017.0,NE,0.89,0,0,96.0
2026-04-12 04:00:00,2026,4,12,4,-1,7.0,1016.0,NE,1.78,0,0,118.0
2026-04-12 05:00:00,2026,4,12,5,1,7.0,1016.0,cv,0.45,0,0,128.0
2026-04-12 06:00:00,2026,4,12,6,0,6.0,1017.0,NW,0.89,0,0,143.0
2026-04-12 07:00:00,2026,4,12,7,2,9.0,1017.0,NE,0.89,0,0,158.0
2026-04-12 08:00:00,2026,4,12,8,-1,12.0,1017.0,NE,2.68,0,0,143.0
2026-04-12 09:00:00,2026,4,12,9,-2,15.0,1017.0,NW,1.79,0,0,190.0
2026-04-12 10:00:00,2026,4,12,10,-3,17.0,1018.0,cv,0.89,0,0,151.0
2026-04-12 11:00:00,2026,4,12,11,-4,19.0,1017.0,cv,2.68,0,0,187.0
2026-04-12 12:00:00,2026,4,12,12,-4,20.0,1016.0,SE,3.13,0,0,114.0
2026-04-12 13:00:00,2026,4,12,13,-7,21.0,1015.0,SE,7.15,0,0,88.0
2026-04-12 14:00:00,2026,4,12,14,-6,21.0,1015.0,SE,11.17,0,0,78.0
2026-04-12 15:00:00,2026,4,12,15,-6,21.0,1014.0,SE,14.3,0,0,75.0
2026-04-12 16:00:00,2026,4,12,16,-5,21.0,1013.0,SE,18.32,0,0,89.0
2026-04-12 17:00:00,2026,4,12,17,-5,21.0,1014.0,SE,22.34,0,0,91.0
2026-04-12 18:00:00,2026,4,12,18,-4,20.0,1014.0,cv,0.89,0,0,109.0
2026-04-12 19:00:00,2026,4,12,19,-2,18.0,1014.0,SE,3.13,0,0,119.0
2026-04-12 20:00:00,2026,4,12,20,-2,17.0,1015.0,SE,6.26,0,0,119.0
2026-04-12 21:00:00,2026,4,12,21,-2,16.0,1016.0,SE,9.39,0,0,110.0
2026-04-12 22:00:00,2026,4,12,22,-2,15.0,1016.0,SE,12.52,0,0,120.0
2026-04-12 23:00:00,2026,4,12,23,0,13.0,1017.0,SE,14.31,0,0,155.0
2026-04-13 00:00:00,2026,4,13,0,1,12.0,1017.0,SE,16.1,0,0,120.0
2026-04-13 01:00:00,2026,4,13,1,1,12.0,1017.0,SE,17.89,0,0,128.0
2026-04-13 02:00:00,2026,4,13,2,2,11.0,1017.0,cv,0.89,0,0,131.0
2026-04-13 03:00:00,2026,4,13,3,2,10.0,1017.0,cv,1.78,0,0,142.0
2026-04-13 04:00:00,2026,4,13,4,2,9.0,1017.0,NE,1.79,0,0,144.0
2026-04-13 05:00:00,2026,4,13,5,1,8.0,1017.0,NE,2.68,0,0,150.0
2026-04-13 06:00:00,2026,4,13,6,2,8.0,1017.0,SE,0.89,0,0,151.0
2026-04-13 07:00:00,2026,4,13,7,4,9.0,1018.0,NE,0.89,0,0,149.0
2026-04-13 08:00:00,2026,4,13,8,5,12.0,1019.0,SE,1.79,0,0,157.0
2026-04-13 09:00:00,2026,4,13,9,5,15.0,1019.0,cv,0.89,0,0,173.0
2026-04-13 10:00:00,2026,4,13,10,5,17.0,1019.0,cv,1.78,0,0,182.0
2026-04-13 11:00:00,2026,4,13,11,4,19.0,1019.0,SE,1.79,0,0,188.0
2026-04-13 12:00:00,2026,4,13,12,3,21.0,1018.0,SE,5.81,0,0,175.0
2026-04-13 13:00:00,2026,4,13,13,2,22.0,1017.0,SE,9.83,0,0,167.0
2026-04-13 14:00:00,2026,4,13,14,2,23.0,1016.0,SE,13.85,0,0,162.0
2026-04-13 15:00:00,2026,4,13,15,2,24.0,1015.0,SE,17.87,0,0,157.0
2026-04-13 16:00:00,2026,4,13,16,2,24.0,1015.0,SE,21.89,0,0,147.0
2026-04-13 17:00:00,2026,4,13,17,3,23.0,1014.0,SE,25.91,0,0,157.0
2026-04-13 18:00:00,2026,4,13,18,4,22.0,1015.0,SE,29.04,0,0,159.0
2026-04-13 19:00:00,2026,4,13,19,4,20.0,1015.0,SE,30.83,0,0,134.0
2026-04-13 20:00:00,2026,4,13,20,5,19.0,1016.0,SE,33.96,0,0,136.0
2026-04-13 21:00:00,2026,4,13,21,5,18.0,1017.0,SE,37.98,0,0,158.0
2026-04-13 22:00:00,2026,4,13,22,7,16.0,1017.0,SE,39.77,0,0,186.0
2026-04-13 23:00:00,2026,4,13,23,7,16.0,1017.0,SE,41.56,0,0,231.0
2026-04-14 00:00:00,2026,4,14,0,8,15.0,1017.0,SE,43.35,0,0,254.0
2026-04-14 01:00:00,2026,4,14,1,7,14.0,1017.0,SE,45.14,0,0,249.0
2026-04-14 02:00:00,2026,4,14,2,7,13.0,1017.0,cv,0.89,0,0,262.0
2026-04-14 03:00:00,2026,4,14,3,7,13.0,1017.0,SE,1.79,0,0,282.0
2026-04-14 04:00:00,2026,4,14,4,7,11.0,1017.0,NE,0.89,0,0,280.0
2026-04-14 05:00:00,2026,4,14,5,7,11.0,1017.0,NE,1.78,0,0,268.0
2026-04-14 06:00:00,2026,4,14,6,6,10.0,1018.0,SE,0.89,0,0,255.0
2026-04-14 07:00:00,2026,4,14,7,7,12.0,1018.0,cv,0.89,0,0,247.0
2026-04-14 08:00:00,2026,4,14,8,7,14.0,1018.0,SE,1.79,0,0,244.0
2026-04-14 09:00:00,2026,4,14,9,8,16.0,1018.0,cv,0.89,0,0,270.0
2026-04-14 10:00:00,2026,4,14,10,8,18.0,1018.0,cv,1.78,0,0,280.0
2026-04-14 11:00:00,2026,4,14,11,9,20.0,1018.0,SE,1.79,0,0,274.0
2026-04-14 12:00:00,2026,4,14,12,9,22.0,1017.0,SE,3.58,0,0,280.0
2026-04-14 13:00:00,2026,4,14,13,8,24.0,1016.0,SE,7.6,0,0,266.0
2026-04-14 14:00:00,2026,4,14,14,8,25.0,1015.0,cv,3.13,0,0,239.0
2026-04-14 15:00:00,2026,4,14,15,8,25.0,1014.0,SE,4.02,0,0,225.0
2026-04-14 16:00:00,2026,4,14,16,9,26.0,1013.0,SE,7.15,0,0,
2026-04-14 17:00:00,2026,4,14,17,9,25.0,1013.0,SE,10.28,0,0,
2026-04-14 18:00:00,2026,4,14,18,10,24.0,1013.0,SE,14.3,0,0,224.0
2026-04-14 19:00:00,2026,4,14,19,10,24.0,1013.0,SE,17.43,0,0,246.0
2026-04-14 20:00:00,2026,4,14,20,10,22.0,1014.0,SE,19.22,0,0,252.0
2026-04-14 21:00:00,2026,4,14,21,11,20.0,1014.0,SE,21.01,0,0,274.0
2026-04-14 22:00:00,2026,4,14,22,10,19.0,1015.0,SE,24.14,0,0,187.0
2026-04-14 23:00:00,2026,4,14,23,7,20.0,1015.0,SE,27.27,0,0,80.0
2026-04-15 00:00:00,2026,4,15,0,8,17.0,1016.0,cv,0.89,0,0,56.0
2026-04-15 01:00:00,2026,4,15,1,8,16.0,1016.0,SE,3.13,0,0,55.0
2026-04-15 02:00:00,2026,4,15,2,7,18.0,1016.0,SE,4.92,0,0,55.0
2026-04-15 03:00:00,2026,4,15,3,7,16.0,1016.0,SE,8.05,0,0,57.0
2026-04-15 04:00:00,2026,4,15,4,8,15.0,1017.0,SE,9.84,0,0,67.0
2026-04-15 05:00:00,2026,4,15,5,8,17.0,1017.0,SE,12.97,0,0,69.0
2026-04-15 06:00:00,2026,4,15,6,8,15.0,1018.0,SE,14.76,0,0,78.0
2026-04-15 07:00:00,2026,4,15,7,9,15.0,1019.0,cv,0.89,0,0,83.0
2026-04-15 08:00:00,2026,4,15,8,9,18.0,1020.0,SE,1.79,0,0,105.0
2026-04-15 09:00:00,2026,4,15,9,9,20.0,1021.0,SE,5.81,0,0,112.0
2026-04-15 10:00:00,2026,4,15,10,7,21.0,1021.0,SE,9.83,0,0,104.0
2026-04-15 11:00:00,2026,4,15,11,9,23.0,1021.0,SE,14.75,0,0,103.0
2026-04-15 12:00:00,2026,4,15,12,10,22.0,1020.0,SE,21.9,0,0,93.0
2026-04-15 13:00:00,2026,4,15,13,1,21.0,1020.0,SE,27.71,0,0,106.0
2026-04-15 14:00:00,2026,4,15,14,-2,20.0,1019.0,SE,33.52,0,0,53.0
2026-04-15 15:00:00,2026,4,15,15,-4,20.0,1019.0,SE,39.33,0,0,54.0
2026-04-15 16:00:00,2026,4,15,16,-3,21.0,1018.0,SE,44.25,0,0,48.0
2026-04-15 17:00:00,2026,4,15,17,-2,20.0,1018.0,SE,48.27,0,0,38.0
2026-04-15 18:00:00,2026,4,15,18,-3,18.0,1018.0,SE,51.4,0,0,40.0
2026-04-15 19:00:00,2026,4,15,19,-5,18.0,1018.0,SE,54.53,0,0,34.0
2026-04-15 20:00:00,2026,4,15,20,-6,17.0,1019.0,SE,58.55,0,0,47.0
2026-04-15 21:00:00,2026,4,15,21,-5,16.0,1019.0,SE,61.68,0,0,54.0
2026-04-15 22:00:00,2026,4,15,22,-5,16.0,1019.0,SE,64.81,0,0,65.0
2026-04-15 23:00:00,2026,4,15,23,-2,15.0,1019.0,cv,0.89,0,0,41.0
2026-04-16 00:00:00,2026,4,16,0,-1,14.0,1018.0,SE,0.89,0,0,39.0
2026-04-16 01:00:00,2026,4,16,1,0,14.0,1018.0,NE,0.89,0,0,35.0
2026-04-16 02:00:00,2026,4,16,2,0,13.0,1017.0,cv,0.89,0,0,51.0
2026-04-16 03:00:00,2026,4,16,3,-2,14.0,1017.0,cv,1.78,0,0,54.0
2026-04-16 04:00:00,2026,4,16,4,-1,13.0,1016.0,cv,2.23,0,0,69.0
2026-04-16 05:00:00,2026,4,16,5,2,13.0,1016.0,SE,0.89,0,0,59.0
2026-04-16 06:00:00,2026,4,16,6,1,12.0,1015.0,cv,0.89,0,0,51.0
2026-04-16 07:00:00,2026,4,16,7,2,13.0,1016.0,cv,1.78,0,0,45.0
2026-04-16 08:00:00,2026,4,16,8,2,15.0,1016.0,SE,0.89,0,0,44.0
2026-04-16 09:00:00,2026,4,16,9,0,16.0,1016.0,SE,1.78,0,0,52.0
2026-04-16 10:00:00,2026,4,16,10,-6,18.0,1016.0,cv,0.89,0,0,52.0
2026-04-16 11:00:00,2026,4,16,11,-9,18.0,1015.0,SE,1.79,0,0,47.0
2026-04-16 12:00:00,2026,4,16,12,-6,19.0,1014.0,cv,0.89,0,0,51.0
2026-04-16 13:00:00,2026,4,16,13,-8,21.0,1014.0,cv,1.78,0,0,85.0
2026-04-16 14:00:00,2026,4,16,14,-7,21.0,1013.0,cv,3.57,0,0,80.0
2026-04-16 15:00:00,2026,4,16,15,-7,21.0,1012.0,cv,4.46,0,0,62.0
2026-04-16 16:00:00,2026,4,16,16,-9,20.0,1011.0,SE,1.79,0,0,57.0
2026-04-16 17:00:00,2026,4,16,17,-5,20.0,1011.0,SE,3.58,0,0,56.0
2026-04-16 18:00:00,2026,4,16,18,-7,20.0,1011.0,SE,5.37,0,0,67.0
2026-04-16 19:00:00,2026,4,16,19,-6,19.0,1010.0,SE,6.26,0,0,96.0
2026-04-16 20:00:00,2026,4,16,20,-6,18.0,1011.0,SE,7.15,0,0,91.0
2026-04-16 21:00:00,2026,4,16,21,-4,16.0,1011.0,SE,8.94,0,0,84.0
2026-04-16 22:00:00,2026,4,16,22,-2,15.0,1011.0,cv,0.89,0,0,101.0
2026-04-16 23:00:00,2026,4,16,23,-2,16.0,1011.0,cv,1.78,0,0,134.0
2026-04-17 00:00:00,2026,4,17,0,-2,15.0,1011.0,SE,0.89,0,0,127.0
2026-04-17 01:00:00,2026,4,17,1,1,15.0,1010.0,SE,2.68,0,0,123.0
2026-04-17 02:00:00,2026,4,17,2,-1,15.0,1010.0,SE,4.47,0,0,112.0
2026-04-17 03:00:00,2026,4,17,3,0,15.0,1010.0,SE,6.26,0,0,109.0
2026-04-17 04:00:00,2026,4,17,4,0,14.0,1010.0,SE,8.05,0,1,145.0
2026-04-17 05:00:00,2026,4,17,5,4,12.0,1011.0,cv,0.89,0,2,124.0
2026-04-17 06:00:00,2026,4,17,6,6,11.0,1011.0,cv,1.78,0,3,107.0
2026-04-17 07:00:00,2026,4,17,7,7,11.0,1012.0,NE,1.79,0,4,109.0
2026-04-17 08:00:00,2026,4,17,8,7,11.0,1013.0,cv,0.89,0,5,110.0
2026-04-17 09:00:00,2026,4,17,9,7,12.0,1013.0,NE,3.13,0,6,116.0
2026-04-17 10:00:00,2026,4,17,10,8,12.0,1014.0,NW,3.13,0,7,105.0
2026-04-17 11:00:00,2026,4,17,11,8,12.0,1014.0,NW,6.26,0,0,93.0
2026-04-17 12:00:00,2026,4,17,12,8,13.0,1014.0,NW,9.39,0,0,106.0
2026-04-17 13:00:00,2026,4,17,13,8,15.0,1013.0,NE,3.13,0,0,103.0
2026-04-17 14:00:00,2026,4,17,14,7,17.0,1012.0,cv,1.79,0,0,102.0
2026-04-17 15:00:00,2026,4,17,15,9,17.0,1012.0,NW,1.79,0,0,101.0
2026-04-17 16:00:00,2026,4,17,16,9,17.0,1012.0,SE,3.13,0,0,101.0
2026-04-17 17:00:00,2026,4,17,17,9,17.0,1012.0,SE,4.92,0,0,117.0
2026-04-17 18:00:00,2026,4,17,18,10,16.0,1013.0,SE,6.71,0,0,131.0
2026-04-17 19:00:00,2026,4,17,19,10,16.0,1013.0,SE,8.5,0,0,128.0
2026-04-17 20:00:00,2026,4,17,20,10,16.0,1014.0,SE,10.29,0,0,127.0
2026-04-17 21:00:00,2026,4,17,21,10,16.0,1015.0,SE,12.08,0,0,141.0
2026-04-17 22:00:00,2026,4,17,22,10,15.0,1016.0,SE,15.21,0,0,137.0
2026-04-17 23:00:00,2026,4,17,23,10,15.0,1017.0,SE,17.0,0,0,151.0
2026-04-18 00:00:00,2026,4,18,0,10,14.0,1017.0,SE,18.79,0,0,152.0
2026-04-18 01:00:00,2026,4,18,1,11,14.0,1017.0,SE,20.58,0,0,148.0
2026-04-18 02:00:00,2026,4,18,2,11,13.0,1017.0,SE,21.47,0,0,151.0
2026-04-18 03:00:00,2026,4,18,3,11,13.0,1017.0,SE,23.26,0,0,156.0
2026-04-18 04:00:00,2026,4,18,4,11,13.0,1017.0,cv,0.89,0,0,143.0
2026-04-18 05:00:00,2026,4,18,5,11,13.0,1018.0,NE,0.89,0,0,141.0
2026-04-18 06:00:00,2026,4,18,6,11,12.0,1019.0,NE,1.78,0,0,140.0
2026-04-18 07:00:00,2026,4,18,7,12,13.0,1019.0,cv,0.89,0,0,150.0
2026-04-18 08:00:00,2026,4,18,8,12,14.0,1020.0,cv,1.78,0,0,162.0
2026-04-18 09:00:00,2026,4,18,9,11,17.0,1020.0,cv,2.67,0,0,171.0
2026-04-18 10:00:00,2026,4,18,10,11,18.0,1020.0,cv,3.56,0,0,179.0
2026-04-18 11:00:00,2026,4,18,11,11,20.0,1021.0,cv,5.35,0,0,193.0
2026-04-18 12:00:00,2026,4,18,12,12,20.0,1020.0,SE,3.13,0,0,170.0
2026-04-18 13:00:00,2026,4,18,13,11,20.0,1019.0,SE,6.26,0,0,167.0
2026-04-18 14:00:00,2026,4,18,14,11,20.0,1019.0,SE,9.39,0,0,158.0
2026-04-18 15:00:00,2026,4,18,15,11,20.0,1018.0,SE,12.52,0,0,158.0
2026-04-18 16:00:00,2026,4,18,16,11,20.0,1018.0,SE,16.54,0,0,176.0
2026-04-18 17:00:00,2026,4,18,17,11,19.0,1018.0,SE,20.56,0,0,162.0
2026-04-18 18:00:00,2026,4,18,18,11,18.0,1018.0,SE,25.48,0,0,153.0
2026-04-18 19:00:00,2026,4,18,19,5,16.0,1019.0,SE,31.29,0,0,129.0
2026-04-18 20:00:00,2026,4,18,20,5,15.0,1021.0,SE,34.42,0,0,92.0
2026-04-18 21:00:00,2026,4,18,21,4,14.0,1022.0,SE,37.55,0,0,83.0
2026-04-18 22:00:00,2026,4,18,22,3,14.0,1022.0,SE,41.57,0,0,74.0
2026-04-18 23:00:00,2026,4,18,23,2,14.0,1023.0,SE,44.7,0,0,86.0
2026-04-19 00:00:00,2026,4,19,0,3,13.0,1023.0,SE,46.49,0,0,83.0
2026-04-19 01:00:00,2026,4,19,1,5,12.0,1023.0,cv,0.89,0,0,84.0
2026-04-19 02:00:00,2026,4,19,2,3,12.0,1022.0,cv,1.78,0,0,84.0
2026-04-19 03:00:00,2026,4,19,3,4,12.0,1022.0,cv,2.67,0,0,77.0
2026-04-19 04:00:00,2026,4,19,4,4,12.0,1021.0,cv,3.56,0,0,75.0
2026-04-19 05:00:00,2026,4,19,5,6,12.0,1021.0,SE,0.89,0,0,64.0
2026-04-19 06:00:00,2026,4,19,6,5,12.0,1022.0,SE,1.78,0,0,59.0
2026-04-19 07:00:00,2026,4,19,7,4,13.0,1022.0,SE,3.57,0,0,59.0
2026-04-19 08:00:00,2026,4,19,8,4,13.0,1022.0,SE,5.36,0,0,72.0
2026-04-19 09:00:00,2026,4,19,9,4,14.0,1022.0,SE,7.15,0,0,69.0
2026-04-19 10:00:00,2026,4,19,10,4,14.0,1022.0,SE,8.94,0,1,69.0
2026-04-19 11:00:00,2026,4,19,11,-1,15.0,1022.0,SE,13.86,0,2,56.0
2026-04-19 12:00:00,2026,4,19,12,-2,14.0,1022.0,SE,16.99,0,3,44.0
2026-04-19 13:00:00,2026,4,19,13,1,14.0,1022.0,SE,18.78,0,4,48.0
2026-04-19 14:00:00,2026,4,19,14,3,14.0,1021.0,SE,23.7,0,0,40.0
2026-04-19 15:00:00,2026,4,19,15,4,13.0,1020.0,SE,28.62,0,1,46.0
2026-04-19 16:00:00,2026,4,19,16,4,14.0,1019.0,SE,34.43,0,2,55.0
2026-04-19 17:00:00,2026,4,19,17,3,14.0,1019.0,SE,38.45,0,0,57.0
2026-04-19 18:00:00,2026,4,19,18,3,14.0,1018.0,SE,42.47,0,0,52.0
2026-04-19 19:00:00,2026,4,19,19,4,12.0,1018.0,SE,45.6,0,0,55.0
2026-04-19 20:00:00,2026,4,19,20,4,11.0,1018.0,SE,48.73,0,0,59.0
2026-04-19 21:00:00,2026,4,19,21,5,11.0,1019.0,SE,50.52,0,0,67.0
2026-04-19 22:00:00,2026,4,19,22,5,9.0,1019.0,cv,0.89,0,0,72.0
2026-04-19 23:00:00,2026,4,19,23,5,9.0,1019.0,SE,1.79,0,0,78.0
2026-04-20 00:00:00,2026,4,20,0,5,8.0,1019.0,cv,0.89,0,0,95.0
2026-04-20 01:00:00,2026,4,20,1,6,8.0,1019.0,NE,0.89,0,0,105.0
2026-04-20 02:00:00,2026,4,20,2,5,8.0,1018.0,NE,1.78,0,0,112.0
2026-04-20 03:00:00,2026,4,20,3,5,7.0,1018.0,cv,0.89,0,0,128.0
2026-04-20 04:00:00,2026,4,20,4,5,7.0,1018.0,cv,1.78,0,0,127.0
2026-04-20 05:00:00,2026,4,20,5,3,5.0,1018.0,NW,1.79,0,0,128.0
2026-04-20 06:00:00,2026,4,20,6,4,6.0,1018.0,NW,4.92,0,0,121.0
2026-04-20 07:00:00,2026,4,20,7,5,9.0,1018.0,NW,8.94,0,0,84.0
2026-04-20 08:00:00,2026,4,20,8,5,13.0,1018.0,NW,12.07,0,0,87.0
2026-04-20 09:00:00,2026,4,20,9,4,15.0,1018.0,NW,15.2,0,0,64.0
2026-04-20 10:00:00,2026,4,20,10,2,16.0,1018.0,NW,16.99,0,0,52.0
2026-04-20 11:00:00,2026,4,20,11,0,17.0,1018.0,NW,20.12,0,0,30.0
2026-04-20 12:00:00,2026,4,20,12,-1,19.0,1017.0,NW,21.91,0,0,23.0
2026-04-20 13:00:00,2026,4,20,13,-2,20.0,1016.0,SE,3.13,0,0,22.0
2026-04-20 14:00:00,2026,4,20,14,-1,22.0,1015.0,cv,3.13,0,0,17.0
2026-04-20 15:00:00,2026,4,20,15,-2,22.0,1014.0,NW,4.92,0,0,22.0
2026-04-20 16:00:00,2026,4,20,16,-2,22.0,1013.0,SE,4.02,0,0,33.0
2026-04-20 17:00:00,2026,4,20,17,-1,22.0,1013.0,SE,8.94,0,0,43.0
2026-04-20 18:00:00,2026,4,20,18,2,20.0,1013.0,SE,13.86,0,0,49.0
2026-04-20 19:00:00,2026,4,20,19,2,19.0,1013.0,SE,17.88,0,0,56.0
2026-04-20 20:00:00,2026,4,20,20,3,19.0,1014.0,SE,21.9,0,0,59.0
2026-04-20 21:00:00,2026,4,20,21,4,19.0,1015.0,SE,25.92,0,0,69.0
2026-04-20 22:00:00,2026,4,20,22,5,18.0,1015.0,SE,29.94,0,0,59.0
2026-04-20 23:00:00,2026,4,20,23,5,14.0,1016.0,NE,1.79,0,0,72.0
2026-04-21 00:00:00,2026,4,21,0,3,11.0,1016.0,NW,1.79,0,0,76.0
2026-04-21 01:00:00,2026,4,21,1,5,10.0,1016.0,cv,0.45,0,0,90.0
2026-04-21 02:00:00,2026,4,21,2,4,9.0,1016.0,NW,1.79,0,0,91.0
2026-04-21 03:00:00,2026,4,21,3,3,11.0,1016.0,NW,2.68,0,0,90.0
2026-04-21 04:00:00,2026,4,21,4,2,9.0,1016.0,NW,4.47,0,0,91.0
2026-04-21 05:00:00,2026,4,21,5,2,10.0,1016.0,NW,6.26,0,0,66.0
2026-04-21 06:00:00,2026,4,21,6,2,10.0,1017.0,NW,8.05,0,0,46.0
2026-04-21 07:00:00,2026,4,21,7,3,12.0,1018.0,cv,0.89,0,0,49.0
2026-04-21 08:00:00,2026,4,21,8,2,15.0,1018.0,cv,1.78,0,0,48.0
2026-04-21 09:00:00,2026,4,21,9,0,18.0,1018.0,NE,1.79,0,0,45.0
2026-04-21 10:00:00,2026,4,21,10,-2,21.0,1018.0,cv,1.79,0,0,44.0
2026-04-21 11:00:00,2026,4,21,11,-5,22.0,1018.0,NE,1.79,0,0,39.0
2026-04-21 12:00:00,2026,4,21,12,-5,24.0,1017.0,SE,1.79,0,0,23.0
2026-04-21 13:00:00,2026,4,21,13,-3,25.0,1016.0,cv,1.79,0,0,26.0
2026-04-21 14:00:00,2026,4,21,14,-2,25.0,1015.0,SE,4.92,0,0,24.0
2026-04-21 15:00:00,2026,4,21,15,-2,25.0,1013.0,SE,8.94,0,0,25.0
2026-04-21 16:00:00,2026,4,21,16,-2,25.0,1013.0,SE,14.75,0,0,30.0
2026-04-21 17:00:00,2026,4,21,17,-2,24.0,1013.0,SE,22.8,0,0,44.0
2026-04-21 18:00:00,2026,4,21,18,-2,23.0,1013.0,SE,27.72,0,0,30.0
2026-04-21 19:00:00,2026,4,21,19,-1,20.0,1014.0,SE,30.85,0,0,32.0
2026-04-21 20:00:00,2026,4,21,20,0,21.0,1014.0,SE,34.87,0,0,36.0
2026-04-21 21:00:00,2026,4,21,21,1,18.0,1015.0,cv,0.89,0,0,43.0
2026-04-21 22:00:00,2026,4,21,22,2,21.0,1015.0,NW,3.13,0,0,66.0
2026-04-21 23:00:00,2026,4,21,23,4,14.0,1015.0,cv,0.89,0,0,68.0
2026-04-22 00:00:00,2026,4,22,0,4,12.0,1016.0,SE,1.79,0,0,73.0
2026-04-22 01:00:00,2026,4,22,1,4,12.0,1016.0,SE,3.58,0,0,90.0
2026-04-22 02:00:00,2026,4,22,2,3,10.0,1016.0,NW,1.79,0,0,106.0
2026-04-22 03:00:00,2026,4,22,3,4,9.0,1016.0,NW,2.68,0,0,102.0
2026-04-22 04:00:00,2026,4,22,4,3,8.0,1016.0,NW,3.57,0,0,66.0
2026-04-22 05:00:00,2026,4,22,5,3,8.0,1015.0,NW,5.36,0,0,65.0
2026-04-22 06:00:00,2026,4,22,6,1,9.0,1016.0,NW,7.15,0,0,52.0
2026-04-22 07:00:00,2026,4,22,7,3,12.0,1016.0,NW,8.94,0,0,68.0
2026-04-22 08:00:00,2026,4,22,8,0,17.0,1016.0,NW,12.07,0,0,104.0
2026-04-22 09:00:00,2026,4,22,9,1,21.0,1016.0,NW,13.86,0,0,84.0
2026-04-22 10:00:00,2026,4,22,10,0,23.0,1015.0,NW,15.65,0,0,42.0
2026-04-22 11:00:00,2026,4,22,11,0,24.0,1015.0,cv,1.79,0,0,36.0
2026-04-22 12:00:00,2026,4,22,12,0,26.0,1014.0,cv,3.58,0,0,56.0
2026-04-22 13:00:00,2026,4,22,13,0,27.0,1013.0,SE,4.92,0,0,51.0
2026-04-22 14:00:00,2026,4,22,14,0,27.0,1011.0,SE,9.84,0,0,170.0
2026-04-22 15:00:00,2026,4,22,15,0,27.0,1010.0,SE,13.86,0,0,87.0
2026-04-22 16:00:00,2026,4,22,16,2,27.0,1009.0,SE,19.67,0,0,55.0
2026-04-22 17:00:00,2026,4,22,17,3,26.0,1009.0,SE,24.59,0,0,107.0
2026-04-22 18:00:00,2026,4,22,18,4,25.0,1009.0,SE,30.4,0,0,105.0
2026-04-22 19:00:00,2026,4,22,19,4,24.0,1009.0,SE,35.32,0,0,66.0
2026-04-22 20:00:00,2026,4,22,20,6,23.0,1010.0,SE,40.24,0,0,73.0
2026-04-22 21:00:00,2026,4,22,21,6,21.0,1011.0,SE,43.37,0,0,76.0
2026-04-22 22:00:00,2026,4,22,22,5,21.0,1011.0,SE,46.5,0,0,60.0
2026-04-22 23:00:00,2026,4,22,23,7,19.0,1011.0,SE,48.29,0,0,64.0
2026-04-23 00:00:00,2026,4,23,0,8,19.0,1011.0,SE,52.31,0,0,73.0
2026-04-23 01:00:00,2026,4,23,1,9,18.0,1011.0,SE,56.33,0,0,81.0
2026-04-23 02:00:00,2026,4,23,2,9,17.0,1011.0,SE,60.35,0,0,88.0
2026-04-23 03:00:00,2026,4,23,3,10,17.0,1010.0,SE,64.37,0,0,98.0
2026-04-23 04:00:00,2026,4,23,4,10,16.0,1011.0,SE,66.16,0,0,99.0
2026-04-23 05:00:00,2026,4,23,5,10,15.0,1011.0,SE,67.95,0,0,99.0
2026-04-23 06:00:00,2026,4,23,6,11,15.0,1011.0,SE,71.08,0,0,108.0
2026-04-23 07:00:00,2026,4,23,7,12,16.0,1012.0,SE,72.87,0,0,129.0
2026-04-23 08:00:00,2026,4,23,8,12,18.0,1012.0,SE,76.0,0,0,136.0
2026-04-23 09:00:00,2026,4,23,9,12,19.0,1012.0,SE,79.13,0,0,151.0
2026-04-23 10:00:00,2026,4,23,10,13,20.0,1012.0,SE,82.26,0,0,162.0
2026-04-23 11:00:00,2026,4,23,11,13,22.0,1011.0,SE,85.39,0,0,164.0
2026-04-23 12:00:00,2026,4,23,12,13,23.0,1010.0,SE,89.41,0,0,174.0
2026-04-23 13:00:00,2026,4,23,13,13,23.0,1010.0,SE,94.33,0,0,185.0
2026-04-23 14:00:00,2026,4,23,14,13,24.0,1009.0,SE,98.35,0,0,168.0
2026-04-23 15:00:00,2026,4,23,15,12,25.0,1008.0,SE,103.27,0,0,154.0
2026-04-23 16:00:00,2026,4,23,16,10,26.0,1007.0,SE,110.42,0,0,143.0
2026-04-23 17:00:00,2026,4,23,17,11,24.0,1007.0,SE,115.34,0,0,139.0
2026-04-23 18:00:00,2026,4,23,18,11,24.0,1007.0,SE,119.36,0,0,126.0
2026-04-23 19:00:00,2026,4,23,19,13,23.0,1009.0,SE,126.51,0,1,98.0
2026-04-23 20:00:00,2026,4,23,20,10,20.0,1009.0,cv,3.13,0,2,101.0
2026-04-23 21:00:00,2026,4,23,21,10,20.0,1011.0,SE,3.13,0,0,71.0
2026-04-23 22:00:00,2026,4,23,22,9,19.0,1011.0,SE,6.26,0,0,73.0
2026-04-23 23:00:00,2026,4,23,23,9,18.0,1012.0,SE,9.39,0,0,80.0
2026-04-24 00:00:00,2026,4,24,0,11,19.0,1012.0,SE,12.52,0,0,82.0
2026-04-24 01:00:00,2026,4,24,1,11,18.0,1013.0,SE,15.65,0,0,76.0
2026-04-24 02:00:00,2026,4,24,2,10,17.0,1013.0,SE,18.78,0,0,84.0
2026-04-24 03:00:00,2026,4,24,3,11,16.0,1013.0,SE,21.91,0,0,89.0
2026-04-24 04:00:00,2026,4,24,4,11,16.0,1013.0,SE,22.8,0,0,91.0
2026-04-24 05:00:00,2026,4,24,5,11,16.0,1013.0,SE,24.59,0,0,96.0
2026-04-24 06:00:00,2026,4,24,6,11,16.0,1013.0,SE,27.72,0,0,107.0
2026-04-24 07:00:00,2026,4,24,7,11,16.0,1014.0,SE,30.85,0,0,109.0
2026-04-24 08:00:00,2026,4,24,8,11,17.0,1015.0,SE,33.98,0,0,112.0
2026-04-24 09:00:00,2026,4,24,9,11,18.0,1015.0,SE,37.11,0,0,119.0
2026-04-24 10:00:00,2026,4,24,10,11,19.0,1016.0,SE,38.9,0,0,122.0
2026-04-24 11:00:00,2026,4,24,11,11,20.0,1016.0,cv,0.89,0,0,125.0
2026-04-24 12:00:00,2026,4,24,12,12,21.0,1015.0,cv,2.68,0,0,121.0
2026-04-24 13:00:00,2026,4,24,13,13,22.0,1015.0,SE,3.13,0,0,128.0
2026-04-24 14:00:00,2026,4,24,14,13,24.0,1014.0,SE,6.26,0,0,135.0
2026-04-24 15:00:00,2026,4,24,15,13,25.0,1013.0,SE,10.28,0,0,136.0
2026-04-24 16:00:00,2026,4,24,16,12,25.0,1012.0,SE,14.3,0,0,121.0
2026-04-24 17:00:00,2026,4,24,17,12,25.0,1012.0,SE,19.22,0,0,117.0
2026-04-24 18:00:00,2026,4,24,18,11,24.0,1013.0,SE,24.14,0,0,105.0
2026-04-24 19:00:00,2026,4,24,19,12,23.0,1014.0,SE,27.27,0,0,100.0
2026-04-24 20:00:00,2026,4,24,20,12,21.0,1015.0,SE,29.06,0,0,117.0
2026-04-24 21:00:00,2026,4,24,21,13,19.0,1015.0,cv,0.89,0,0,118.0
2026-04-24 22:00:00,2026,4,24,22,11,19.0,1016.0,SE,3.13,0,0,121.0
2026-04-24 23:00:00,2026,4,24,23,10,19.0,1016.0,SE,6.26,0,0,140.0
2026-04-25 00:00:00,2026,4,25,0,9,18.0,1016.0,SE,8.05,0,0,139.0
2026-04-25 01:00:00,2026,4,25,1,9,16.0,1016.0,cv,0.89,0,0,136.0
2026-04-25 02:00:00,2026,4,25,2,9,16.0,1016.0,SE,1.79,0,0,143.0
2026-04-25 03:00:00,2026,4,25,3,9,15.0,1016.0,cv,0.89,0,0,155.0
2026-04-25 04:00:00,2026,4,25,4,9,14.0,1016.0,SE,0.89,0,0,141.0
2026-04-25 05:00:00,2026,4,25,5,9,13.0,1016.0,SE,1.78,0,0,110.0
2026-04-25 06:00:00,2026,4,25,6,9,13.0,1017.0,NE,1.79,0,0,118.0
2026-04-25 07:00:00,2026,4,25,7,10,16.0,1017.0,SE,1.79,0,0,124.0
2026-04-25 08:00:00,2026,4,25,8,10,18.0,1017.0,SE,4.92,0,0,135.0
2026-04-25 09:00:00,2026,4,25,9,10,20.0,1018.0,SE,8.05,0,0,156.0
2026-04-25 10:00:00,2026,4,25,10,10,22.0,1018.0,cv,0.89,0,0,163.0
2026-04-25 11:00:00,2026,4,25,11,11,23.0,1018.0,cv,2.68,0,0,167.0
2026-04-25 12:00:00,2026,4,25,12,11,24.0,1017.0,cv,3.57,0,0,169.0
2026-04-25 13:00:00,2026,4,25,13,10,25.0,1016.0,cv,6.7,0,0,177.0
2026-04-25 14:00:00,2026,4,25,14,10,26.0,1016.0,SE,3.13,0,0,131.0
2026-04-25 15:00:00,2026,4,25,15,8,27.0,1015.0,SE,7.15,0,0,102.0
2026-04-25 16:00:00,2026,4,25,16,7,26.0,1014.0,SE,11.17,0,0,90.0
2026-04-25 17:00:00,2026,4,25,17,7,25.0,1014.0,NW,5.81,0,0,96.0
2026-04-25 18:00:00,2026,4,25,18,6,23.0,1015.0,NW,10.73,0,0,112.0
2026-04-25 19:00:00,2026,4,25,19,8,20.0,1016.0,NW,14.75,0,1,101.0
2026-04-25 20:00:00,2026,4,25,20,6,20.0,1016.0,NW,21.9,0,0,101.0
2026-04-25 21:00:00,2026,4,25,21,7,19.0,1017.0,NW,29.95,0,0,104.0
2026-04-25 22:00:00,2026,4,25,22,11,15.0,1019.0,NW,41.13,0,1,92.0
2026-04-25 23:00:00,2026,4,25,23,11,13.0,1019.0,NW,48.28,0,2,55.0
2026-04-26 00:00:00,2026,4,26,0,11,13.0,1019.0,NW,53.2,0,3,27.0
2026-04-26 01:00:00,2026,4,26,1,11,12.0,1020.0,NE,1.79,0,4,30.0
2026-04-26 02:00:00,2026,4,26,2,9,11.0,1019.0,NW,3.13,0,5,27.0
2026-04-26 03:00:00,2026,4,26,3,10,12.0,1019.0,NW,8.05,0,6,21.0
2026-04-26 04:00:00,2026,4,26,4,8,11.0,1019.0,NW,12.97,0,7,25.0
2026-04-26 05:00:00,2026,4,26,5,8,11.0,1020.0,NW,17.89,0,0,23.0
2026-04-26 06:00:00,2026,4,26,6,7,12.0,1020.0,NE,4.02,0,0,28.0
2026-04-26 07:00:00,2026,4,26,7,8,12.0,1021.0,NW,3.13,0,0,29.0
2026-04-26 08:00:00,2026,4,26,8,8,13.0,1021.0,NW,6.26,0,0,31.0
2026-04-26 09:00:00,2026,4,26,9,8,16.0,1022.0,NE,3.13,0,0,38.0
2026-04-26 10:00:00,2026,4,26,10,5,18.0,1021.0,NE,6.26,0,0,39.0
2026-04-26 11:00:00,2026,4,26,11,4,20.0,1021.0,NW,3.13,0,0,61.0
2026-04-26 12:00:00,2026,4,26,12,1,20.0,1021.0,NW,6.26,0,0,42.0
2026-04-26 13:00:00,2026,4,26,13,1,22.0,1020.0,cv,1.79,0,0,47.0
2026-04-26 14:00:00,2026,4,26,14,2,22.0,1020.0,cv,2.68,0,0,52.0
2026-04-26 15:00:00,2026,4,26,15,3,22.0,1019.0,SE,1.79,0,0,47.0
2026-04-26 16:00:00,2026,4,26,16,3,22.0,1019.0,SE,3.58,0,0,42.0
2026-04-26 17:00:00,2026,4,26,17,9,20.0,1018.0,SE,7.6,0,0,48.0
2026-04-26 18:00:00,2026,4,26,18,9,18.0,1019.0,SE,11.62,0,0,52.0
2026-04-26 19:00:00,2026,4,26,19,8,17.0,1019.0,SE,15.64,0,0,48.0
2026-04-26 20:00:00,2026,4,26,20,8,16.0,1020.0,SE,18.77,0,0,59.0
2026-04-26 21:00:00,2026,4,26,21,9,15.0,1021.0,SE,21.9,0,0,48.0
2026-04-26 22:00:00,2026,4,26,22,9,14.0,1021.0,SE,23.69,0,0,35.0
2026-04-26 23:00:00,2026,4,26,23,10,13.0,1021.0,cv,0.89,0,0,41.0
2026-04-27 00:00:00,2026,4,27,0,10,13.0,1021.0,SE,0.89,0,0,36.0
2026-04-27 01:00:00,2026,4,27,1,10,12.0,1021.0,NE,0.89,0,0,41.0
2026-04-27 02:00:00,2026,4,27,2,10,11.0,1021.0,SE,0.89,0,0,49.0
2026-04-27 03:00:00,2026,4,27,3,10,11.0,1021.0,cv,0.89,0,0,59.0
2026-04-27 04:00:00,2026,4,27,4,9,10.0,1020.0,NW,1.79,0,0,72.0
2026-04-27 05:00:00,2026,4,27,5,9,10.0,1020.0,NW,4.92,0,0,80.0
2026-04-27 06:00:00,2026,4,27,6,9,10.0,1021.0,NW,8.94,0,0,58.0
2026-04-27 07:00:00,2026,4,27,7,10,12.0,1021.0,NW,12.96,0,0,46.0
2026-04-27 08:00:00,2026,4,27,8,8,16.0,1021.0,NW,17.88,0,0,54.0
2026-04-27 09:00:00,2026,4,27,9,4,20.0,1021.0,NW,25.03,0,0,43.0
2026-04-27 10:00:00,2026,4,27,10,1,21.0,1021.0,NE,7.15,0,0,35.0
2026-04-27 11:00:00,2026,4,27,11,1,23.0,1021.0,NE,12.96,0,0,39.0
2026-04-27 12:00:00,2026,4,27,12,1,23.0,1021.0,NE,17.88,0,0,20.0
2026-04-27 13:00:00,2026,4,27,13,0,23.0,1020.0,NE,21.9,0,0,78.0
2026-04-27 14:00:00,2026,4,27,14,-2,24.0,1019.0,NW,1.79,0,0,72.0
2026-04-27 15:00:00,2026,4,27,15,0,24.0,1018.0,SE,1.79,0,0,84.0
2026-04-27 16:00:00,2026,4,27,16,-1,24.0,1018.0,cv,1.79,0,0,55.0
2026-04-27 17:00:00,2026,4,27,17,4,23.0,1018.0,SE,4.92,0,0,77.0
2026-04-27 18:00:00,2026,4,27,18,4,22.0,1018.0,SE,8.05,0,0,135.0
2026-04-27 19:00:00,2026,4,27,19,4,21.0,1019.0,SE,12.97,0,0,76.0
2026-04-27 20:00:00,2026,4,27,20,5,20.0,1020.0,SE,16.99,0,0,75.0
2026-04-27 21:00:00,2026,4,27,21,7,19.0,1020.0,SE,21.01,0,0,98.0
2026-04-27 22:00:00,2026,4,27,22,9,17.0,1021.0,SE,24.14,0,0,116.0
2026-04-27 23:00:00,2026,4,27,23,9,16.0,1022.0,SE,28.16,0,0,106.0
2026-04-28 00:00:00,2026,4,28,0,7,15.0,1022.0,SE,31.29,0,0,48.0
2026-04-28 01:00:00,2026,4,28,1,7,14.0,1022.0,cv,0.89,0,0,37.0
2026-04-28 02:00:00,2026,4,28,2,8,12.0,1022.0,NE,0.89,0,0,39.0
2026-04-28 03:00:00,2026,4,28,3,8,12.0,1022.0,cv,0.89,0,0,38.0
2026-04-28 04:00:00,2026,4,28,4,8,12.0,1021.0,cv,1.34,0,0,64.0
2026-04-28 05:00:00,2026,4,28,5,8,11.0,1021.0,cv,1.79,0,0,73.0
2026-04-28 06:00:00,2026,4,28,6,8,10.0,1022.0,NW,3.13,0,0,73.0
2026-04-28 07:00:00,2026,4,28,7,9,13.0,1022.0,NW,7.15,0,0,80.0
2026-04-28 08:00:00,2026,4,28,8,9,17.0,1022.0,NW,11.17,0,0,86.0
2026-04-28 09:00:00,2026,4,28,9,8,20.0,1021.0,NW,15.19,0,0,106.0
2026-04-28 10:00:00,2026,4,28,10,7,21.0,1021.0,NE,3.13,0,0,132.0
2026-04-28 11:00:00,2026,4,28,11,5,23.0,1020.0,cv,0.89,0,0,101.0
2026-04-28 12:00:00,2026,4,28,12,-2,24.0,1019.0,SE,3.13,0,0,68.0
2026-04-28 13:00:00,2026,4,28,13,0,25.0,1018.0,cv,3.13,0,0,51.0
2026-04-28 14:00:00,2026,4,28,14,1,25.0,1017.0,cv,6.26,0,0,47.0
2026-04-28 15:00:00,2026,4,28,15,0,26.0,1016.0,SE,3.13,0,0,41.0
2026-04-28 16:00:00,2026,4,28,16,0,26.0,1015.0,NW,3.13,0,0,42.0
2026-04-28 17:00:00,2026,4,28,17,0,25.0,1015.0,SE,3.13,0,0,49.0
2026-04-28 18:00:00,2026,4,28,18,2,24.0,1015.0,SE,8.94,0,0,58.0
2026-04-28 19:00:00,2026,4,28,19,3,22.0,1015.0,SE,13.86,0,0,63.0
2026-04-28 20:00:00,2026,4,28,20,3,20.0,1015.0,SE,17.88,0,0,67.0
2026-04-28 21:00:00,2026,4,28,21,5,19.0,1016.0,cv,0.89,0,0,72.0
2026-04-28 22:00:00,2026,4,28,22,7,16.0,1016.0,cv,1.78,0,0,105.0
2026-04-28 23:00:00,2026,4,28,23,8,15.0,1016.0,SE,0.89,0,0,86.0
2026-04-29 00:00:00,2026,4,29,0,8,14.0,1016.0,SE,2.68,0,0,81.0
2026-04-29 01:00:00,2026,4,29,1,6,15.0,1016.0,SE,4.47,0,0,92.0
2026-04-29 02:00:00,2026,4,29,2,6,14.0,1016.0,SE,6.26,0,0,93.0
2026-04-29 03:00:00,2026,4,29,3,5,14.0,1016.0,SE,8.05,0,0,105.0
2026-04-29 04:00:00,2026,4,29,4,5,12.0,1016.0,NE,0.89,0,0,94.0
2026-04-29 05:00:00,2026,4,29,5,5,11.0,1016.0,cv,0.45,0,0,91.0
2026-04-29 06:00:00,2026,4,29,6,7,11.0,1016.0,NE,0.89,0,0,83.0
2026-04-29 07:00:00,2026,4,29,7,7,15.0,1016.0,cv,0.89,0,0,96.0
2026-04-29 08:00:00,2026,4,29,8,4,17.0,1016.0,cv,1.78,0,0,113.0
2026-04-29 09:00:00,2026,4,29,9,4,19.0,1016.0,cv,2.67,0,0,121.0
2026-04-29 10:00:00,2026,4,29,10,5,21.0,1015.0,cv,3.56,0,0,136.0
2026-04-29 11:00:00,2026,4,29,11,4,22.0,1015.0,SE,1.79,0,0,132.0
2026-04-29 12:00:00,2026,4,29,12,5,23.0,1014.0,cv,1.79,0,0,133.0
2026-04-29 13:00:00,2026,4,29,13,6,25.0,1012.0,SE,1.79,0,0,136.0
2026-04-29 14:00:00,2026,4,29,14,5,26.0,1011.0,SE,4.92,0,0,111.0
2026-04-29 15:00:00,2026,4,29,15,4,27.0,1010.0,SE,8.05,0,0,106.0
2026-04-29 16:00:00,2026,4,29,16,4,27.0,1009.0,SE,12.97,0,0,104.0
2026-04-29 17:00:00,2026,4,29,17,3,26.0,1009.0,SE,16.99,0,0,98.0
2026-04-29 18:00:00,2026,4,29,18,5,25.0,1009.0,SE,21.91,0,0,99.0
2026-04-29 19:00:00,2026,4,29,19,6,24.0,1009.0,SE,25.93,0,0,90.0
2026-04-29 20:00:00,2026,4,29,20,7,23.0,1010.0,SE,29.95,0,0,95.0
2026-04-29 21:00:00,2026,4,29,21,8,22.0,1010.0,SE,33.08,0,0,105.0
2026-04-29 22:00:00,2026,4,29,22,8,21.0,1010.0,SE,34.87,0,0,99.0
2026-04-29 23:00:00,2026,4,29,23,8,19.0,1011.0,SE,36.66,0,0,102.0
2026-04-30 00:00:00,2026,4,30,0,9,18.0,1011.0,SE,38.45,0,0,103.0
2026-04-30 01:00:00,2026,4,30,1,9,17.0,1010.0,SE,40.24,0,0,89.0
2026-04-30 02:00:00,2026,4,30,2,10,16.0,1010.0,SE,41.13,0,0,89.0
2026-04-30 03:00:00,2026,4,30,3,9,14.0,1010.0,cv,0.89,0,0,94.0
2026-04-30 04:00:00,2026,4,30,4,9,13.0,1010.0,NE,0.89,0,0,97.0
2026-04-30 05:00:00,2026,4,30,5,9,13.0,1010.0,NE,1.78,0,0,100.0
2026-04-30 06:00:00,2026,4,30,6,9,12.0,1010.0,NE,2.67,0,0,111.0
2026-04-30 07:00:00,2026,4,30,7,10,15.0,1010.0,NE,3.56,0,0,115.0
2026-04-30 08:00:00,2026,4,30,8,10,18.0,1011.0,cv,0.89,0,0,146.0
2026-04-30 09:00:00,2026,4,30,9,11,20.0,1011.0,SE,1.79,0,0,156.0
2026-04-30 10:00:00,2026,4,30,10,11,22.0,1011.0,cv,0.89,0,0,221.0
2026-04-30 11:00:00,2026,4,30,11,11,24.0,1010.0,SE,3.13,0,0,170.0
2026-04-30 12:00:00,2026,4,30,12,10,26.0,1009.0,cv,3.13,0,0,135.0
2026-04-30 13:00:00,2026,4,30,13,9,27.0,1008.0,SE,4.02,0,0,98.0
2026-04-30 14:00:00,2026,4,30,14,9,28.0,1008.0,SE,8.04,0,0,86.0
2026-04-30 15:00:00,2026,4,30,15,9,28.0,1007.0,SE,12.96,0,0,81.0
2026-04-30 16:00:00,2026,4,30,16,9,28.0,1006.0,SE,17.88,0,0,79.0
2026-04-30 17:00:00,2026,4,30,17,9,28.0,1006.0,SE,21.9,0,0,153.0
2026-04-30 18:00:00,2026,4,30,18,8,26.0,1006.0,SE,26.82,0,0,119.0
2026-04-30 19:00:00,2026,4,30,19,9,25.0,1006.0,SE,29.95,0,0,94.0
2026-04-30 20:00:00,2026,4,30,20,10,22.0,1007.0,SE,33.08,0,0,91.0
2026-04-30 21:00:00,2026,4,30,21,10,23.0,1008.0,SE,37.1,0,0,90.0
2026-04-30 22:00:00,2026,4,30,22,10,22.0,1008.0,SE,41.12,0,0,90.0
2026-04-30 23:00:00,2026,4,30,23,11,22.0,1008.0,SE,45.14,0,0,87.0
2026-05-01 00:00:00,2026,5,1,0,11,20.0,1008.0,SE,48.27,0,0,94.0
2026-05-01 01:00:00,2026,5,1,1,11,19.0,1008.0,SE,51.4,0,0,97.0
2026-05-01 02:00:00,2026,5,1,2,12,18.0,1008.0,SE,54.53,0,0,107.0
2026-05-01 03:00:00,2026,5,1,3,13,17.0,1008.0,SE,56.32,0,0,112.0
2026-05-01 04:00:00,2026,5,1,4,12,16.0,1007.0,SE,58.11,0,0,152.0
2026-05-01 05:00:00,2026,5,1,5,12,15.0,1008.0,SE,59.9,0,0,129.0
2026-05-01 06:00:00,2026,5,1,6,13,16.0,1008.0,SE,61.69,0,0,135.0
2026-05-01 07:00:00,2026,5,1,7,14,18.0,1009.0,SE,63.48,0,0,135.0
2026-05-01 08:00:00,2026,5,1,8,14,20.0,1009.0,SE,66.61,0,0,150.0
2026-05-01 09:00:00,2026,5,1,9,14,21.0,1009.0,SE,68.4,0,0,162.0
2026-05-01 10:00:00,2026,5,1,10,15,23.0,1009.0,cv,0.89,0,0,155.0
2026-05-01 11:00:00,2026,5,1,11,15,25.0,1008.0,SE,4.92,0,0,143.0
2026-05-01 12:00:00,2026,5,1,12,15,26.0,1007.0,SE,9.84,0,0,144.0
2026-05-01 13:00:00,2026,5,1,13,15,26.0,1006.0,SE,13.86,0,0,158.0
2026-05-01 14:00:00,2026,5,1,14,14,27.0,1005.0,SE,18.78,0,0,202.0
2026-05-01 15:00:00,2026,5,1,15,13,27.0,1005.0,SE,23.7,0,0,143.0
2026-05-01 16:00:00,2026,5,1,16,12,28.0,1004.0,SE,30.85,0,0,147.0
2026-05-01 17:00:00,2026,5,1,17,6,24.0,1006.0,NW,8.94,0,0,136.0
2026-05-01 18:00:00,2026,5,1,18,4,22.0,1006.0,NW,16.09,0,1,130.0
2026-05-01 19:00:00,2026,5,1,19,8,20.0,1007.0,NW,21.9,0,0,68.0
2026-05-01 20:00:00,2026,5,1,20,4,19.0,1009.0,NW,33.97,0,0,113.0
2026-05-01 21:00:00,2026,5,1,21,4,18.0,1010.0,NW,43.8,0,0,54.0
2026-05-01 22:00:00,2026,5,1,22,4,15.0,1012.0,NW,57.66,0,1,51.0
2026-05-01 23:00:00,2026,5,1,23,1,15.0,1012.0,NW,67.49,0,0,48.0
2026-05-02 00:00:00,2026,5,2,0,1,15.0,1013.0,NW,76.43,0,0,47.0
2026-05-02 01:00:00,2026,5,2,1,0,14.0,1012.0,NW,87.61,0,0,44.0
2026-05-02 02:00:00,2026,5,2,2,0,14.0,1012.0,NW,97.44,0,0,34.0
2026-05-02 03:00:00,2026,5,2,3,-1,13.0,1012.0,NW,107.27,0,0,28.0
2026-05-02 04:00:00,2026,5,2,4,-1,13.0,1012.0,NW,116.21,0,0,34.0
2026-05-02 05:00:00,2026,5,2,5,-2,13.0,1013.0,NW,126.04,0,0,34.0
2026-05-02 06:00:00,2026,5,2,6,-2,13.0,1014.0,NW,134.09,0,0,25.0
2026-05-02 07:00:00,2026,5,2,7,-3,14.0,1015.0,NW,145.27,0,0,26.0
2026-05-02 08:00:00,2026,5,2,8,-5,15.0,1016.0,NW,156.45,0,0,39.0
2026-05-02 09:00:00,2026,5,2,9,-6,17.0,1017.0,NW,164.5,0,0,52.0
2026-05-02 10:00:00,2026,5,2,10,-7,19.0,1018.0,NW,171.65,0,0,54.0
2026-05-02 11:00:00,2026,5,2,11,-8,20.0,1018.0,NW,175.67,0,0,50.0
2026-05-02 12:00:00,2026,5,2,12,-9,21.0,1017.0,NW,180.59,0,0,50.0
2026-05-02 13:00:00,2026,5,2,13,-6,23.0,1015.0,NW,187.74,0,0,60.0
2026-05-02 14:00:00,2026,5,2,14,-6,24.0,1015.0,NW,192.66,0,0,59.0
2026-05-02 15:00:00,2026,5,2,15,-6,22.0,1015.0,NW,198.47,0,0,49.0
2026-05-02 16:00:00,2026,5,2,16,-1,22.0,1015.0,NW,207.41,0,0,37.0
2026-05-02 17:00:00,2026,5,2,17,0,21.0,1016.0,NW,216.35,0,0,32.0
2026-05-02 18:00:00,2026,5,2,18,1,18.0,1017.0,NW,226.18,0,0,24.0
2026-05-02 19:00:00,2026,5,2,19,2,17.0,1017.0,NW,231.99,0,0,17.0
2026-05-02 20:00:00,2026,5,2,20,2,15.0,1018.0,cv,0.89,0,0,21.0
2026-05-02 21:00:00,2026,5,2,21,1,17.0,1018.0,NW,1.79,0,0,27.0
2026-05-02 22:00:00,2026,5,2,22,1,17.0,1018.0,SE,4.02,0,0,27.0
2026-05-02 23:00:00,2026,5,2,23,3,13.0,1018.0,cv,0.89,0,0,42.0
2026-05-03 00:00:00,2026,5,3,0,5,11.0,1018.0,cv,1.78,0,0,42.0
2026-05-03 01:00:00,2026,5,3,1,6,10.0,1017.0,SE,0.89,0,0,55.0
2026-05-03 02:00:00,2026,5,3,2,4,9.0,1016.0,NE,1.79,0,0,48.0
2026-05-03 03:00:00,2026,5,3,3,4,9.0,1016.0,NE,2.68,0,0,40.0
2026-05-03 04:00:00,2026,5,3,4,5,9.0,1015.0,cv,0.89,0,0,42.0
2026-05-03 05:00:00,2026,5,3,5,4,7.0,1015.0,NE,0.89,0,0,39.0
2026-05-03 06:00:00,2026,5,3,6,5,8.0,1014.0,cv,0.89,0,0,64.0
2026-05-03 07:00:00,2026,5,3,7,6,12.0,1014.0,cv,1.78,0,0,88.0
2026-05-03 08:00:00,2026,5,3,8,6,14.0,1014.0,cv,2.67,0,0,104.0
2026-05-03 09:00:00,2026,5,3,9,4,17.0,1012.0,cv,4.46,0,0,122.0
2026-05-03 10:00:00,2026,5,3,10,3,20.0,1011.0,SE,3.13,0,0,167.0
2026-05-03 11:00:00,2026,5,3,11,4,22.0,1010.0,SE,8.05,0,0,116.0
2026-05-03 12:00:00,2026,5,3,12,1,24.0,1007.0,SE,16.1,0,0,121.0
2026-05-03 13:00:00,2026,5,3,13,-1,23.0,1006.0,SE,25.04,0,0,113.0
2026-05-03 14:00:00,2026,5,3,14,2,23.0,1008.0,NW,8.05,0,0,90.0
2026-05-03 15:00:00,2026,5,3,15,0,23.0,1008.0,NW,16.1,0,0,59.0
2026-05-03 16:00:00,2026,5,3,16,-5,23.0,1008.0,NW,28.17,0,0,66.0
2026-05-03 17:00:00,2026,5,3,17,-8,23.0,1008.0,NW,38.0,0,0,95.0
2026-05-03 18:00:00,2026,5,3,18,-10,20.0,1010.0,NW,53.2,0,0,104.0
2026-05-03 19:00:00,2026,5,3,19,-10,19.0,1012.0,NW,65.27,0,0,117.0
2026-05-03 20:00:00,2026,5,3,20,-7,17.0,1014.0,NW,76.45,0,0,96.0
2026-05-03 21:00:00,2026,5,3,21,-7,16.0,1016.0,NW,88.52,0,0,50.0
2026-05-03 22:00:00,2026,5,3,22,-8,14.0,1016.0,NW,99.7,0,0,50.0
2026-05-03 23:00:00,2026,5,3,23,-5,13.0,1017.0,NW,109.53,0,0,48.0
2026-05-04 00:00:00,2026,5,4,0,-5,12.0,1017.0,NW,123.39,0,0,52.0
2026-05-04 01:00:00,2026,5,4,1,-6,11.0,1018.0,NW,133.22,0,0,39.0
2026-05-04 02:00:00,2026,5,4,2,-6,11.0,1018.0,NW,142.16,0,0,35.0
2026-05-04 03:00:00,2026,5,4,3,-7,10.0,1018.0,NW,149.31,0,0,50.0
2026-05-04 04:00:00,2026,5,4,4,-7,10.0,1017.0,NW,155.12,0,0,38.0
2026-05-04 05:00:00,2026,5,4,5,-6,10.0,1017.0,NW,163.17,0,0,41.0
2026-05-04 06:00:00,2026,5,4,6,-6,10.0,1018.0,NW,168.98,0,0,46.0
2026-05-04 07:00:00,2026,5,4,7,-7,11.0,1018.0,NW,174.79,0,0,51.0
2026-05-04 08:00:00,2026,5,4,8,-9,13.0,1017.0,NW,183.73,0,0,51.0
2026-05-04 09:00:00,2026,5,4,9,-12,15.0,1017.0,NW,193.56,0,0,59.0
2026-05-04 10:00:00,2026,5,4,10,-14,17.0,1017.0,NW,205.63,0,0,57.0
2026-05-04 11:00:00,2026,5,4,11,-13,18.0,1017.0,NW,217.7,0,0,56.0
2026-05-04 12:00:00,2026,5,4,12,-14,19.0,1016.0,NW,230.66,0,0,46.0
2026-05-04 13:00:00,2026,5,4,13,-12,18.0,1016.0,NW,242.73,0,0,50.0
2026-05-04 14:00:00,2026,5,4,14,-12,17.0,1016.0,NW,255.69,0,0,52.0
2026-05-04 15:00:00,2026,5,4,15,-12,18.0,1017.0,NW,268.65,0,0,49.0
2026-05-04 16:00:00,2026,5,4,16,-13,18.0,1017.0,NW,281.61,0,0,43.0
2026-05-04 17:00:00,2026,5,4,17,-11,19.0,1017.0,NW,289.66,0,0,43.0
2026-05-04 18:00:00,2026,5,4,18,-12,16.0,1017.0,NW,299.49,0,0,32.0
2026-05-04 19:00:00,2026,5,4,19,-12,16.0,1017.0,NW,305.3,0,0,26.0
2026-05-04 20:00:00,2026,5,4,20,-10,14.0,1018.0,NW,310.22,0,0,31.0
2026-05-04 21:00:00,2026,5,4,21,-8,11.0,1019.0,NE,1.79,0,0,32.0
2026-05-04 22:00:00,2026,5,4,22,-8,14.0,1019.0,cv,1.79,0,0,46.0
2026-05-04 23:00:00,2026,5,4,23,-9,14.0,1019.0,SE,3.13,0,0,98.0
2026-05-05 00:00:00,2026,5,5,0,-2,8.0,1018.0,cv,0.89,0,0,67.0
2026-05-05 01:00:00,2026,5,5,1,-5,8.0,1018.0,cv,1.34,0,0,82.0
2026-05-05 02:00:00,2026,5,5,2,-2,7.0,1018.0,cv,1.79,0,0,65.0
2026-05-05 03:00:00,2026,5,5,3,-3,6.0,1018.0,NW,1.79,0,0,85.0
2026-05-05 04:00:00,2026,5,5,4,-5,7.0,1018.0,cv,0.45,0,0,63.0
2026-05-05 05:00:00,2026,5,5,5,-4,6.0,1019.0,NE,3.13,0,0,48.0
2026-05-05 06:00:00,2026,5,5,6,-2,8.0,1020.0,NW,3.13,0,0,36.0
2026-05-05 07:00:00,2026,5,5,7,-4,11.0,1020.0,NW,6.26,0,0,44.0
2026-05-05 08:00:00,2026,5,5,8,-7,14.0,1020.0,NW,11.18,0,0,49.0
2026-05-05 09:00:00,2026,5,5,9,-9,16.0,1020.0,NW,15.2,0,0,35.0
2026-05-05 10:00:00,2026,5,5,10,-10,16.0,1020.0,NE,3.13,0,0,39.0
2026-05-05 11:00:00,2026,5,5,11,-11,16.0,1020.0,cv,1.79,0,0,52.0
2026-05-05 12:00:00,2026,5,5,12,-10,18.0,1018.0,cv,3.58,0,0,31.0
2026-05-05 13:00:00,2026,5,5,13,-9,19.0,1017.0,cv,5.37,0,0,39.0
2026-05-05 14:00:00,2026,5,5,14,-9,21.0,1016.0,NW,4.92,0,0,36.0
2026-05-05 15:00:00,2026,5,5,15,-9,21.0,1015.0,NW,8.94,0,0,33.0
2026-05-05 16:00:00,2026,5,5,16,-8,19.0,1014.0,SE,5.81,0,0,33.0
2026-05-05 17:00:00,2026,5,5,17,-8,20.0,1014.0,SE,10.73,0,0,38.0
2026-05-05 18:00:00,2026,5,5,18,-7,19.0,1014.0,SE,16.54,0,0,32.0
2026-05-05 19:00:00,2026,5,5,19,-6,18.0,1014.0,SE,20.56,0,0,39.0
2026-05-05 20:00:00,2026,5,5,20,-4,15.0,1015.0,SE,22.35,0,0,38.0
2026-05-05 21:00:00,2026,5,5,21,-4,14.0,1015.0,SE,25.48,0,0,34.0
2026-05-05 22:00:00,2026,5,5,22,-3,14.0,1015.0,SE,28.61,0,0,50.0
2026-05-05 23:00:00,2026,5,5,23,0,12.0,1015.0,cv,0.89,0,0,59.0
2026-05-06 00:00:00,2026,5,6,0,-1,11.0,1015.0,SE,1.79,0,0,59.0
2026-05-06 01:00:00,2026,5,6,1,0,11.0,1014.0,SE,4.92,0,0,56.0
2026-05-06 02:00:00,2026,5,6,2,1,10.0,1014.0,SE,6.71,0,0,63.0
2026-05-06 03:00:00,2026,5,6,3,0,10.0,1013.0,SE,8.5,0,0,72.0
2026-05-06 04:00:00,2026,5,6,4,1,11.0,1013.0,cv,0.89,0,0,71.0
2026-05-06 05:00:00,2026,5,6,5,1,10.0,1012.0,cv,1.78,0,0,75.0
2026-05-06 06:00:00,2026,5,6,6,0,9.0,1012.0,cv,2.67,0,0,71.0
2026-05-06 07:00:00,2026,5,6,7,0,13.0,1012.0,NW,1.79,0,0,61.0
2026-05-06 08:00:00,2026,5,6,8,2,15.0,1011.0,NW,4.92,0,0,93.0
2026-05-06 09:00:00,2026,5,6,9,3,16.0,1011.0,SE,1.79,0,0,97.0
2026-05-06 10:00:00,2026,5,6,10,4,17.0,1010.0,SE,4.92,0,0,110.0
2026-05-06 11:00:00,2026,5,6,11,3,19.0,1009.0,cv,0.89,0,0,95.0
2026-05-06 12:00:00,2026,5,6,12,4,19.0,1008.0,SE,1.79,0,0,103.0
2026-05-06 13:00:00,2026,5,6,13,5,21.0,1007.0,cv,1.79,0,0,123.0
2026-05-06 14:00:00,2026,5,6,14,4,21.0,1006.0,SE,3.13,0,0,138.0
2026-05-06 15:00:00,2026,5,6,15,5,21.0,1005.0,SE,7.15,0,0,111.0
2026-05-06 16:00:00,2026,5,6,16,6,20.0,1005.0,SE,10.28,0,0,110.0
2026-05-06 17:00:00,2026,5,6,17,6,20.0,1004.0,SE,12.07,0,0,108.0
2026-05-06 18:00:00,2026,5,6,18,6,19.0,1003.0,cv,0.89,0,0,106.0
2026-05-06 19:00:00,2026,5,6,19,7,18.0,1004.0,cv,1.78,0,0,108.0
2026-05-06 20:00:00,2026,5,6,20,8,17.0,1004.0,NE,1.79,0,0,120.0
2026-05-06 21:00:00,2026,5,6,21,8,17.0,1004.0,SE,1.79,0,0,154.0
2026-05-06 22:00:00,2026,5,6,22,7,17.0,1004.0,cv,0.89,0,0,134.0
2026-05-06 23:00:00,2026,5,6,23,8,16.0,1003.0,SE,3.13,0,1,133.0
2026-05-07 00:00:00,2026,5,7,0,8,15.0,1004.0,cv,0.89,0,0,124.0
2026-05-07 01:00:00,2026,5,7,1,8,13.0,1003.0,cv,1.78,0,0,126.0
2026-05-07 02:00:00,2026,5,7,2,8,12.0,1003.0,cv,2.23,0,0,127.0
2026-05-07 03:00:00,2026,5,7,3,9,12.0,1002.0,NE,0.89,0,0,132.0
2026-05-07 04:00:00,2026,5,7,4,8,11.0,1003.0,NE,1.78,0,0,132.0
2026-05-07 05:00:00,2026,5,7,5,8,11.0,1003.0,NW,1.79,0,0,135.0
2026-05-07 06:00:00,2026,5,7,6,8,12.0,1004.0,cv,0.89,0,0,159.0
2026-05-07 07:00:00,2026,5,7,7,8,14.0,1005.0,NW,1.79,0,0,151.0
2026-05-07 08:00:00,2026,5,7,8,8,18.0,1006.0,NW,4.92,0,0,148.0
2026-05-07 09:00:00,2026,5,7,9,4,21.0,1006.0,NW,9.84,0,0,140.0
2026-05-07 10:00:00,2026,5,7,10,3,22.0,1006.0,NW,13.86,0,0,105.0
2026-05-07 11:00:00,2026,5,7,11,-1,23.0,1007.0,NW,21.01,0,0,85.0
2026-05-07 12:00:00,2026,5,7,12,-3,24.0,1007.0,NW,25.03,0,0,84.0
2026-05-07 13:00:00,2026,5,7,13,-4,26.0,1006.0,NW,32.18,0,0,114.0
2026-05-07 14:00:00,2026,5,7,14,-6,27.0,1006.0,NW,43.36,0,0,112.0
2026-05-07 15:00:00,2026,5,7,15,-6,27.0,1005.0,NW,52.3,0,0,111.0
2026-05-07 16:00:00,2026,5,7,16,-7,26.0,1005.0,NW,61.24,0,0,36.0
2026-05-07 17:00:00,2026,5,7,17,-6,26.0,1006.0,NW,68.39,0,0,12.0
2026-05-07 18:00:00,2026,5,7,18,-6,24.0,1007.0,NW,72.41,0,0,12.0
2026-05-07 19:00:00,2026,5,7,19,-4,21.0,1008.0,NE,3.13,0,0,15.0
2026-05-07 20:00:00,2026,5,7,20,-2,20.0,1009.0,NE,7.15,0,0,23.0
2026-05-07 21:00:00,2026,5,7,21,-3,18.0,1011.0,SE,1.79,0,0,24.0
2026-05-07 22:00:00,2026,5,7,22,-2,17.0,1012.0,SE,3.58,0,0,16.0
2026-05-07 23:00:00,2026,5,7,23,8,14.0,1013.0,SE,4.47,0,0,63.0
2026-05-08 00:00:00,2026,5,8,0,9,12.0,1014.0,cv,0.89,0,0,84.0
2026-05-08 01:00:00,2026,5,8,1,9,14.0,1014.0,SE,3.13,0,0,93.0
2026-05-08 02:00:00,2026,5,8,2,10,13.0,1015.0,SE,4.92,0,0,109.0
2026-05-08 03:00:00,2026,5,8,3,9,12.0,1015.0,SE,5.81,0,0,128.0
2026-05-08 04:00:00,2026,5,8,4,9,10.0,1015.0,SE,6.7,0,0,125.0
2026-05-08 05:00:00,2026,5,8,5,9,10.0,1015.0,NE,0.89,0,0,125.0
2026-05-08 06:00:00,2026,5,8,6,9,11.0,1016.0,NE,1.78,0,0,126.0
2026-05-08 07:00:00,2026,5,8,7,11,13.0,1016.0,cv,0.89,0,0,136.0
2026-05-08 08:00:00,2026,5,8,8,11,16.0,1016.0,cv,1.78,0,0,147.0
2026-05-08 09:00:00,2026,5,8,9,10,18.0,1016.0,NE,1.79,0,0,95.0
2026-05-08 10:00:00,2026,5,8,10,10,20.0,1016.0,cv,0.89,0,0,72.0
2026-05-08 11:00:00,2026,5,8,11,9,20.0,1016.0,cv,2.68,0,0,64.0
2026-05-08 12:00:00,2026,5,8,12,7,22.0,1014.0,SE,4.02,0,0,61.0
2026-05-08 13:00:00,2026,5,8,13,5,22.0,1013.0,SE,8.04,0,0,58.0
2026-05-08 14:00:00,2026,5,8,14,5,23.0,1013.0,SE,12.06,0,0,65.0
2026-05-08 15:00:00,2026,5,8,15,5,23.0,1012.0,SE,17.87,0,0,62.0
2026-05-08 16:00:00,2026,5,8,16,5,23.0,1012.0,SE,23.68,0,0,79.0
2026-05-08 17:00:00,2026,5,8,17,5,22.0,1011.0,SE,27.7,0,0,74.0
2026-05-08 18:00:00,2026,5,8,18,5,21.0,1011.0,SE,32.62,0,0,67.0
2026-05-08 19:00:00,2026,5,8,19,5,20.0,1012.0,SE,37.54,0,0,80.0
2026-05-08 20:00:00,2026,5,8,20,4,19.0,1012.0,SE,41.56,0,0,68.0
2026-05-08 21:00:00,2026,5,8,21,5,18.0,1013.0,SE,45.58,0,0,63.0
2026-05-08 22:00:00,2026,5,8,22,5,18.0,1014.0,SE,48.71,0,0,55.0
2026-05-08 23:00:00,2026,5,8,23,6,18.0,1015.0,SE,51.84,0,0,70.0
2026-05-09 00:00:00,2026,5,9,0,6,17.0,1014.0,SE,54.97,0,0,84.0
2026-05-09 01:00:00,2026,5,9,1,6,17.0,1014.0,SE,56.76,0,0,65.0
2026-05-09 02:00:00,2026,5,9,2,6,17.0,1015.0,cv,0.89,0,0,65.0
2026-05-09 03:00:00,2026,5,9,3,7,16.0,1015.0,NE,0.89,0,0,70.0
2026-05-09 04:00:00,2026,5,9,4,6,16.0,1015.0,cv,0.89,0,0,70.0
2026-05-09 05:00:00,2026,5,9,5,5,16.0,1014.0,cv,1.78,0,0,75.0
2026-05-09 06:00:00,2026,5,9,6,6,16.0,1014.0,cv,2.67,0,0,90.0
2026-05-09 07:00:00,2026,5,9,7,5,17.0,1015.0,cv,3.56,0,0,91.0
2026-05-09 08:00:00,2026,5,9,8,4,17.0,1015.0,SE,4.92,0,0,87.0
2026-05-09 09:00:00,2026,5,9,9,6,17.0,1015.0,SE,8.94,0,0,80.0
2026-05-09 10:00:00,2026,5,9,10,7,17.0,1016.0,SE,12.96,0,0,83.0
2026-05-09 11:00:00,2026,5,9,11,7,17.0,1016.0,SE,17.88,0,0,79.0
2026-05-09 12:00:00,2026,5,9,12,7,17.0,1016.0,SE,22.8,0,0,69.0
2026-05-09 13:00:00,2026,5,9,13,7,18.0,1015.0,SE,27.72,0,0,70.0
2026-05-09 14:00:00,2026,5,9,14,7,19.0,1015.0,SE,31.74,0,0,72.0
2026-05-09 15:00:00,2026,5,9,15,7,19.0,1014.0,SE,33.53,0,0,74.0
2026-05-09 16:00:00,2026,5,9,16,4,21.0,1013.0,SE,36.66,0,0,71.0
2026-05-09 17:00:00,2026,5,9,17,3,21.0,1013.0,SE,41.58,0,0,48.0
2026-05-09 18:00:00,2026,5,9,18,4,20.0,1013.0,SE,46.5,0,0,43.0
2026-05-09 19:00:00,2026,5,9,19,4,19.0,1014.0,SE,51.42,0,0,45.0
2026-05-09 20:00:00,2026,5,9,20,4,18.0,1015.0,SE,57.23,0,0,47.0
2026-05-09 21:00:00,2026,5,9,21,5,18.0,1015.0,SE,62.15,0,0,56.0
2026-05-09 22:00:00,2026,5,9,22,5,17.0,1015.0,SE,66.17,0,0,59.0
2026-05-09 23:00:00,2026,5,9,23,5,17.0,1016.0,SE,67.96,0,0,59.0
2026-05-10 00:00:00,2026,5,10,0,5,17.0,1016.0,SE,71.09,0,0,55.0
2026-05-10 01:00:00,2026,5,10,1,5,16.0,1016.0,cv,0.89,0,0,50.0
2026-05-10 02:00:00,2026,5,10,2,5,16.0,1016.0,SE,1.79,0,0,46.0
2026-05-10 03:00:00,2026,5,10,3,5,16.0,1015.0,SE,4.92,0,0,40.0
2026-05-10 04:00:00,2026,5,10,4,5,15.0,1016.0,SE,8.05,0,0,46.0
2026-05-10 05:00:00,2026,5,10,5,5,14.0,1016.0,cv,0.89,0,0,47.0
2026-05-10 06:00:00,2026,5,10,6,6,14.0,1016.0,cv,1.78,0,0,50.0
2026-05-10 07:00:00,2026,5,10,7,7,15.0,1017.0,cv,2.67,0,0,46.0
2026-05-10 08:00:00,2026,5,10,8,6,16.0,1017.0,SE,1.79,0,0,47.0
2026-05-10 09:00:00,2026,5,10,9,7,17.0,1017.0,SE,6.71,0,0,55.0
2026-05-10 10:00:00,2026,5,10,10,7,17.0,1017.0,SE,9.84,0,0,51.0
2026-05-10 11:00:00,2026,5,10,11,7,17.0,1017.0,SE,12.97,0,0,63.0
2026-05-10 12:00:00,2026,5,10,12,7,18.0,1017.0,NE,4.02,0,0,62.0
2026-05-10 13:00:00,2026,5,10,13,8,19.0,1016.0,SE,1.79,0,0,64.0
2026-05-10 14:00:00,2026,5,10,14,7,19.0,1016.0,SE,3.58,0,0,63.0
2026-05-10 15:00:00,2026,5,10,15,7,20.0,1015.0,NE,1.79,0,0,63.0
2026-05-10 16:00:00,2026,5,10,16,7,20.0,1015.0,NE,3.58,0,0,59.0
2026-05-10 17:00:00,2026,5,10,17,6,20.0,1015.0,NE,5.37,0,0,70.0
2026-05-10 18:00:00,2026,5,10,18,8,19.0,1014.0,SE,1.79,0,0,71.0
2026-05-10 19:00:00,2026,5,10,19,5,19.0,1014.0,SE,4.92,0,0,69.0
2026-05-10 20:00:00,2026,5,10,20,3,19.0,1015.0,SE,6.71,0,0,65.0
2026-05-10 21:00:00,2026,5,10,21,1,19.0,1016.0,SE,10.73,0,0,54.0
2026-05-10 22:00:00,2026,5,10,22,3,17.0,1016.0,SE,14.75,0,1,40.0
2026-05-10 23:00:00,2026,5,10,23,6,14.0,1017.0,SE,16.54,0,2,42.0
2026-05-11 00:00:00,2026,5,11,0,9,12.0,1016.0,NE,1.79,0,3,42.0
2026-05-11 01:00:00,2026,5,11,1,9,11.0,1015.0,NE,4.92,0,4,48.0
2026-05-11 02:00:00,2026,5,11,2,9,10.0,1014.0,NW,4.92,0,5,51.0
2026-05-11 03:00:00,2026,5,11,3,9,10.0,1012.0,NW,8.94,0,6,57.0
2026-05-11 04:00:00,2026,5,11,4,9,10.0,1011.0,NE,5.81,0,7,49.0
2026-05-11 05:00:00,2026,5,11,5,9,11.0,1011.0,NE,10.73,0,8,46.0
2026-05-11 06:00:00,2026,5,11,6,10,11.0,1010.0,NE,15.65,0,9,40.0
2026-05-11 07:00:00,2026,5,11,7,10,11.0,1009.0,NE,19.67,0,10,39.0
2026-05-11 08:00:00,2026,5,11,8,10,11.0,1009.0,NE,23.69,0,11,33.0
2026-05-11 09:00:00,2026,5,11,9,10,11.0,1009.0,NE,27.71,0,12,26.0
2026-05-11 10:00:00,2026,5,11,10,10,11.0,1008.0,NE,32.63,0,13,34.0
2026-05-11 11:00:00,2026,5,11,11,10,12.0,1007.0,NW,4.92,0,14,22.0
2026-05-11 12:00:00,2026,5,11,12,10,12.0,1006.0,NW,9.84,0,15,22.0
2026-05-11 13:00:00,2026,5,11,13,10,12.0,1005.0,NW,14.76,0,16,21.0
2026-05-11 14:00:00,2026,5,11,14,10,13.0,1004.0,NW,19.68,0,17,16.0
2026-05-11 15:00:00,2026,5,11,15,10,13.0,1003.0,NW,23.7,0,18,17.0
2026-05-11 16:00:00,2026,5,11,16,10,14.0,1002.0,NW,26.83,0,19,8.0
2026-05-11 17:00:00,2026,5,11,17,9,14.0,1002.0,NW,30.85,0,0,17.0
2026-05-11 18:00:00,2026,5,11,18,9,14.0,1001.0,NW,33.98,0,1,15.0
2026-05-11 19:00:00,2026,5,11,19,9,14.0,1001.0,SE,1.79,0,2,20.0
2026-05-11 20:00:00,2026,5,11,20,10,13.0,1001.0,SE,4.92,0,3,22.0
2026-05-11 21:00:00,2026,5,11,21,10,13.0,1002.0,SE,8.05,0,0,30.0
2026-05-11 22:00:00,2026,5,11,22,10,13.0,1002.0,SE,11.18,0,0,28.0
2026-05-11 23:00:00,2026,5,11,23,10,13.0,1001.0,SE,12.97,0,0,35.0
2026-05-12 00:00:00,2026,5,12,0,10,12.0,1001.0,cv,0.89,0,0,40.0
2026-05-12 01:00:00,2026,5,12,1,10,11.0,1000.0,SE,0.89,0,0,46.0
2026-05-12 02:00:00,2026,5,12,2,10,11.0,1000.0,SE,2.68,0,0,45.0
2026-05-12 03:00:00,2026,5,12,3,10,11.0,1000.0,cv,0.89,0,0,47.0
2026-05-12 04:00:00,2026,5,12,4,9,10.0,1000.0,cv,1.34,0,0,47.0
2026-05-12 05:00:00,2026,5,12,5,8,9.0,1000.0,NW,0.89,0,0,57.0
2026-05-12 06:00:00,2026,5,12,6,10,11.0,1001.0,NW,2.68,0,0,65.0
2026-05-12 07:00:00,2026,5,12,7,12,13.0,1002.0,NW,4.47,0,0,72.0
2026-05-12 08:00:00,2026,5,12,8,12,16.0,1002.0,cv,0.89,0,0,75.0
2026-05-12 09:00:00,2026,5,12,9,11,19.0,1002.0,cv,1.78,0,0,82.0
2026-05-12 10:00:00,2026,5,12,10,10,23.0,1002.0,NW,1.79,0,0,53.0
2026-05-12 11:00:00,2026,5,12,11,5,26.0,1002.0,NW,6.71,0,0,21.0
2026-05-12 12:00:00,2026,5,12,12,3,28.0,1001.0,NW,12.52,0,0,23.0
2026-05-12 13:00:00,2026,5,12,13,6,29.0,1000.0,SE,8.05,0,0,23.0
2026-05-12 14:00:00,2026,5,12,14,5,29.0,1000.0,SE,15.2,0,0,23.0
2026-05-12 15:00:00,2026,5,12,15,6,30.0,999.0,SE,23.25,0,0,23.0
2026-05-12 16:00:00,2026,5,12,16,7,29.0,999.0,SE,31.3,0,0,30.0
2026-05-12 17:00:00,2026,5,12,17,9,29.0,999.0,SE,37.11,0,0,29.0
2026-05-12 18:00:00,2026,5,12,18,9,28.0,998.0,SE,44.26,0,0,40.0
2026-05-12 19:00:00,2026,5,12,19,10,27.0,999.0,SE,50.07,0,0,52.0
2026-05-12 20:00:00,2026,5,12,20,11,26.0,999.0,SE,55.88,0,0,64.0
2026-05-12 21:00:00,2026,5,12,21,12,25.0,1000.0,SE,60.8,0,0,65.0
2026-05-12 22:00:00,2026,5,12,22,11,25.0,1000.0,SE,66.61,0,0,58.0
2026-05-12 23:00:00,2026,5,12,23,9,24.0,1001.0,SE,70.63,0,0,54.0
2026-05-13 00:00:00,2026,5,13,0,7,23.0,1000.0,SE,73.76,0,0,42.0
2026-05-13 01:00:00,2026,5,13,1,9,19.0,1000.0,SE,75.55,0,0,43.0
2026-05-13 02:00:00,2026,5,13,2,10,16.0,1000.0,cv,0.89,0,0,40.0
2026-05-13 03:00:00,2026,5,13,3,9,13.0,1000.0,NW,0.89,0,0,50.0
2026-05-13 04:00:00,2026,5,13,4,10,13.0,1000.0,cv,0.45,0,0,47.0
2026-05-13 05:00:00,2026,5,13,5,11,12.0,1000.0,cv,1.34,0,0,57.0
2026-05-13 06:00:00,2026,5,13,6,12,13.0,1001.0,NW,0.89,0,0,80.0
2026-05-13 07:00:00,2026,5,13,7,14,16.0,1001.0,NW,1.78,0,0,108.0
2026-05-13 08:00:00,2026,5,13,8,12,19.0,1001.0,NE,1.79,0,0,106.0
2026-05-13 09:00:00,2026,5,13,9,12,21.0,1001.0,SE,1.79,0,0,98.0
2026-05-13 10:00:00,2026,5,13,10,12,22.0,1001.0,SE,3.58,0,0,112.0
2026-05-13 11:00:00,2026,5,13,11,12,25.0,1000.0,cv,0.89,0,0,104.0
2026-05-13 12:00:00,2026,5,13,12,12,26.0,1000.0,NE,1.79,0,0,86.0
2026-05-13 13:00:00,2026,5,13,13,10,29.0,999.0,NW,3.13,0,0,82.0
2026-05-13 14:00:00,2026,5,13,14,8,30.0,999.0,NW,8.05,0,0,52.0
2026-05-13 15:00:00,2026,5,13,15,1,30.0,998.0,NW,16.99,0,0,42.0
2026-05-13 16:00:00,2026,5,13,16,-1,31.0,998.0,NW,29.06,0,0,45.0
2026-05-13 17:00:00,2026,5,13,17,0,30.0,997.0,NW,38.0,0,0,34.0
2026-05-13 18:00:00,2026,5,13,18,-2,29.0,997.0,NW,46.94,0,0,30.0
2026-05-13 19:00:00,2026,5,13,19,-2,28.0,998.0,NW,51.86,0,0,30.0
2026-05-13 20:00:00,2026,5,13,20,-3,27.0,1000.0,NW,57.67,0,0,40.0
2026-05-13 21:00:00,2026,5,13,21,-4,24.0,1001.0,NW,64.82,0,0,36.0
2026-05-13 22:00:00,2026,5,13,22,-5,22.0,1003.0,NW,71.97,0,0,29.0
2026-05-13 23:00:00,2026,5,13,23,-7,22.0,1003.0,NW,81.8,0,0,25.0
2026-05-14 00:00:00,2026,5,14,0,-5,20.0,1004.0,NW,91.63,0,0,32.0
2026-05-14 01:00:00,2026,5,14,1,-5,19.0,1004.0,NW,98.78,0,0,38.0
2026-05-14 02:00:00,2026,5,14,2,-4,18.0,1004.0,NW,106.83,0,0,34.0
2026-05-14 03:00:00,2026,5,14,3,-3,18.0,1005.0,NW,114.88,0,0,32.0
2026-05-14 04:00:00,2026,5,14,4,-2,18.0,1005.0,NW,126.95,0,0,34.0
2026-05-14 05:00:00,2026,5,14,5,-1,18.0,1006.0,NW,136.78,0,0,29.0
2026-05-14 06:00:00,2026,5,14,6,-1,18.0,1006.0,NW,144.83,0,0,26.0
2026-05-14 07:00:00,2026,5,14,7,-2,19.0,1007.0,NW,153.77,0,0,23.0
2026-05-14 08:00:00,2026,5,14,8,-2,19.0,1007.0,NW,164.95,0,0,22.0
2026-05-14 09:00:00,2026,5,14,9,-2,20.0,1007.0,NW,176.13,0,0,17.0
2026-05-14 10:00:00,2026,5,14,10,-1,21.0,1007.0,NW,187.31,0,0,11.0
2026-05-14 11:00:00,2026,5,14,11,-1,22.0,1007.0,NW,196.25,0,0,20.0
2026-05-14 12:00:00,2026,5,14,12,0,20.0,1007.0,NW,203.4,0,0,14.0
2026-05-14 13:00:00,2026,5,14,13,-1,22.0,1006.0,NW,210.55,0,0,16.0
2026-05-14 14:00:00,2026,5,14,14,-1,22.0,1006.0,NW,217.7,0,0,14.0
2026-05-14 15:00:00,2026,5,14,15,-1,22.0,1005.0,NW,223.51,0,0,14.0
2026-05-14 16:00:00,2026,5,14,16,-2,22.0,1004.0,cv,4.02,0,0,18.0
2026-05-14 17:00:00,2026,5,14,17,-3,22.0,1003.0,cv,4.91,0,0,12.0
2026-05-14 18:00:00,2026,5,14,18,-2,22.0,1003.0,SE,1.79,0,0,19.0
2026-05-14 19:00:00,2026,5,14,19,2,18.0,1003.0,cv,0.89,0,0,19.0
2026-05-14 20:00:00,2026,5,14,20,5,14.0,1004.0,cv,1.78,0,0,25.0
2026-05-14 21:00:00,2026,5,14,21,-1,19.0,1004.0,SE,4.02,0,0,30.0
2026-05-14 22:00:00,2026,5,14,22,-2,19.0,1004.0,SE,8.04,0,0,25.0
2026-05-14 23:00:00,2026,5,14,23,2,13.0,1003.0,cv,0.89,0,0,27.0
2026-05-15 00:00:00,2026,5,15,0,4,11.0,1003.0,cv,1.78,0,0,30.0
2026-05-15 01:00:00,2026,5,15,1,5,11.0,1002.0,cv,2.67,0,0,76.0
2026-05-15 02:00:00,2026,5,15,2,5,11.0,1001.0,NE,1.79,0,0,68.0
2026-05-15 03:00:00,2026,5,15,3,6,10.0,1001.0,cv,0.89,0,0,77.0
2026-05-15 04:00:00,2026,5,15,4,5,10.0,1001.0,cv,1.78,0,0,68.0
2026-05-15 05:00:00,2026,5,15,5,4,8.0,1001.0,NW,3.13,0,0,59.0
2026-05-15 06:00:00,2026,5,15,6,6,11.0,1002.0,NW,6.26,0,0,45.0
2026-05-15 07:00:00,2026,5,15,7,5,15.0,1002.0,NW,9.39,0,0,37.0
2026-05-15 08:00:00,2026,5,15,8,4,18.0,1002.0,NW,11.18,0,0,89.0
2026-05-15 09:00:00,2026,5,15,9,3,20.0,1002.0,NE,1.79,0,0,52.0
2026-05-15 10:00:00,2026,5,15,10,5,23.0,1001.0,NE,3.58,0,0,40.0
2026-05-15 11:00:00,2026,5,15,11,0,25.0,1001.0,NE,5.37,0,0,45.0
2026-05-15 12:00:00,2026,5,15,12,0,27.0,1000.0,SE,3.13,0,0,69.0
2026-05-15 13:00:00,2026,5,15,13,1,28.0,999.0,SE,7.15,0,0,80.0
2026-05-15 14:00:00,2026,5,15,14,2,29.0,999.0,SE,11.17,0,0,96.0
2026-05-15 15:00:00,2026,5,15,15,0,29.0,998.0,SE,16.98,0,0,107.0
2026-05-15 16:00:00,2026,5,15,16,1,28.0,997.0,SE,22.79,0,0,111.0
2026-05-15 17:00:00,2026,5,15,17,3,28.0,998.0,SE,25.92,0,0,121.0
2026-05-15 18:00:00,2026,5,15,18,5,27.0,997.0,SE,29.05,0,0,109.0
2026-05-15 19:00:00,2026,5,15,19,3,27.0,998.0,SE,33.07,0,0,94.0
2026-05-15 20:00:00,2026,5,15,20,4,26.0,999.0,SE,38.88,0,0,95.0
2026-05-15 21:00:00,2026,5,15,21,6,24.0,999.0,SE,42.01,0,0,105.0
2026-05-15 22:00:00,2026,5,15,22,7,22.0,1000.0,SE,45.14,0,0,94.0
2026-05-15 23:00:00,2026,5,15,23,6,21.0,1001.0,NE,4.02,0,0,121.0
2026-05-16 00:00:00,2026,5,16,0,4,21.0,1001.0,SE,1.79,0,0,203.0
2026-05-16 01:00:00,2026,5,16,1,5,19.0,1001.0,cv,0.89,0,0,84.0
2026-05-16 02:00:00,2026,5,16,2,6,18.0,1002.0,NW,4.02,0,0,96.0
2026-05-16 03:00:00,2026,5,16,3,7,16.0,1002.0,SE,0.89,0,0,83.0
2026-05-16 04:00:00,2026,5,16,4,8,14.0,1003.0,cv,0.89,0,0,85.0
2026-05-16 05:00:00,2026,5,16,5,7,14.0,1004.0,NE,1.79,0,0,93.0
2026-05-16 06:00:00,2026,5,16,6,9,16.0,1005.0,NW,3.13,0,0,89.0
2026-05-16 07:00:00,2026,5,16,7,5,22.0,1006.0,NW,6.26,0,0,75.0
2026-05-16 08:00:00,2026,5,16,8,3,23.0,1007.0,NE,4.02,0,0,57.0
2026-05-16 09:00:00,2026,5,16,9,2,25.0,1008.0,NE,11.17,0,0,271.0
2026-05-16 10:00:00,2026,5,16,10,4,26.0,1008.0,NE,15.19,0,0,50.0
2026-05-16 11:00:00,2026,5,16,11,4,27.0,1008.0,NE,19.21,0,0,74.0
2026-05-16 12:00:00,2026,5,16,12,3,27.0,1008.0,SE,4.02,0,0,56.0
2026-05-16 13:00:00,2026,5,16,13,1,30.0,1008.0,NW,4.02,0,0,48.0
2026-05-16 14:00:00,2026,5,16,14,2,29.0,1007.0,NE,3.13,0,0,60.0
2026-05-16 15:00:00,2026,5,16,15,1,29.0,1007.0,NE,4.92,0,0,49.0
2026-05-16 16:00:00,2026,5,16,16,2,29.0,1006.0,SE,3.13,0,0,45.0
2026-05-16 17:00:00,2026,5,16,17,3,29.0,1007.0,NE,1.79,0,0,42.0
2026-05-16 18:00:00,2026,5,16,18,1,28.0,1007.0,SE,3.13,0,0,38.0
2026-05-16 19:00:00,2026,5,16,19,5,26.0,1008.0,SE,7.15,0,0,43.0
2026-05-16 20:00:00,2026,5,16,20,6,25.0,1009.0,SE,12.07,0,0,47.0
2026-05-16 21:00:00,2026,5,16,21,5,23.0,1011.0,SE,19.22,0,0,63.0
2026-05-16 22:00:00,2026,5,16,22,4,22.0,1012.0,SE,24.14,0,0,71.0
2026-05-16 23:00:00,2026,5,16,23,6,20.0,1013.0,SE,25.93,0,0,105.0
2026-05-17 00:00:00,2026,5,17,0,6,18.0,1013.0,cv,0.89,0,0,74.0
2026-05-17 01:00:00,2026,5,17,1,6,18.0,1013.0,cv,1.78,0,0,71.0
2026-05-17 02:00:00,2026,5,17,2,5,18.0,1013.0,SE,1.79,0,0,80.0
2026-05-17 03:00:00,2026,5,17,3,6,16.0,1013.0,cv,0.45,0,0,79.0
2026-05-17 04:00:00,2026,5,17,4,7,15.0,1013.0,NE,0.89,0,0,76.0
2026-05-17 05:00:00,2026,5,17,5,8,15.0,1013.0,NE,1.78,0,0,69.0
2026-05-17 06:00:00,2026,5,17,6,8,15.0,1014.0,NE,2.67,0,0,68.0
2026-05-17 07:00:00,2026,5,17,7,9,18.0,1014.0,NW,1.79,0,0,94.0
2026-05-17 08:00:00,2026,5,17,8,7,21.0,1015.0,NW,4.92,0,0,96.0
2026-05-17 09:00:00,2026,5,17,9,5,22.0,1015.0,cv,0.89,0,0,98.0
2026-05-17 10:00:00,2026,5,17,10,6,23.0,1015.0,SE,1.79,0,0,98.0
2026-05-17 11:00:00,2026,5,17,11,7,25.0,1014.0,cv,1.79,0,0,109.0
2026-05-17 12:00:00,2026,5,17,12,5,26.0,1013.0,SE,4.02,0,0,95.0
2026-05-17 13:00:00,2026,5,17,13,5,28.0,1012.0,SE,9.83,0,0,87.0
2026-05-17 14:00:00,2026,5,17,14,5,28.0,1011.0,SE,15.64,0,0,90.0
2026-05-17 15:00:00,2026,5,17,15,5,28.0,1010.0,SE,21.45,0,0,69.0
2026-05-17 16:00:00,2026,5,17,16,5,28.0,1009.0,SE,28.6,0,0,54.0
2026-05-17 17:00:00,2026,5,17,17,5,28.0,1009.0,SE,35.75,0,0,52.0
2026-05-17 18:00:00,2026,5,17,18,5,27.0,1009.0,SE,39.77,0,0,48.0
2026-05-17 19:00:00,2026,5,17,19,5,25.0,1010.0,SE,43.79,0,0,40.0
2026-05-17 20:00:00,2026,5,17,20,5,24.0,1012.0,SE,45.58,0,0,41.0
2026-05-17 21:00:00,2026,5,17,21,7,22.0,1012.0,SE,47.37,0,1,21.0
2026-05-17 22:00:00,2026,5,17,22,7,21.0,1012.0,SE,49.16,0,0,28.0
2026-05-17 23:00:00,2026,5,17,23,6,21.0,1011.0,SE,52.29,0,0,28.0
2026-05-18 00:00:00,2026,5,18,0,6,20.0,1011.0,SE,54.08,0,0,34.0
2026-05-18 01:00:00,2026,5,18,1,7,18.0,1011.0,SE,55.87,0,0,58.0
2026-05-18 02:00:00,2026,5,18,2,7,17.0,1011.0,SE,57.66,0,0,64.0
2026-05-18 03:00:00,2026,5,18,3,7,15.0,1010.0,cv,0.89,0,0,68.0
2026-05-18 04:00:00,2026,5,18,4,8,14.0,1010.0,SE,0.89,0,0,70.0
2026-05-18 05:00:00,2026,5,18,5,8,13.0,1010.0,NE,0.89,0,0,68.0
2026-05-18 06:00:00,2026,5,18,6,8,16.0,1011.0,cv,0.89,0,0,77.0
2026-05-18 07:00:00,2026,5,18,7,8,18.0,1011.0,NE,0.89,0,0,84.0
2026-05-18 08:00:00,2026,5,18,8,9,21.0,1011.0,cv,0.89,0,0,89.0
2026-05-18 09:00:00,2026,5,18,9,8,22.0,1011.0,SE,1.79,0,0,103.0
2026-05-18 10:00:00,2026,5,18,10,8,25.0,1010.0,cv,0.89,0,0,99.0
2026-05-18 11:00:00,2026,5,18,11,9,26.0,1010.0,cv,1.78,0,0,100.0
2026-05-18 12:00:00,2026,5,18,12,9,27.0,1009.0,cv,2.67,0,0,132.0
2026-05-18 13:00:00,2026,5,18,13,10,29.0,1008.0,SE,4.02,0,0,198.0
2026-05-18 14:00:00,2026,5,18,14,10,30.0,1007.0,SE,8.94,0,0,119.0
2026-05-18 15:00:00,2026,5,18,15,10,30.0,1006.0,SE,14.75,0,0,137.0
2026-05-18 16:00:00,2026,5,18,16,10,30.0,1005.0,SE,20.56,0,0,77.0
2026-05-18 17:00:00,2026,5,18,17,11,30.0,1004.0,SE,27.71,0,0,93.0
2026-05-18 18:00:00,2026,5,18,18,12,29.0,1005.0,SE,32.63,0,0,124.0
2026-05-18 19:00:00,2026,5,18,19,14,28.0,1005.0,SE,37.55,0,0,146.0
2026-05-18 20:00:00,2026,5,18,20,13,28.0,1006.0,SE,41.57,0,0,143.0
2026-05-18 21:00:00,2026,5,18,21,13,27.0,1006.0,SE,44.7,0,0,115.0
2026-05-18 22:00:00,2026,5,18,22,13,26.0,1006.0,SE,49.62,0,1,107.0
2026-05-18 23:00:00,2026,5,18,23,13,25.0,1006.0,SE,51.41,0,0,99.0
2026-05-19 00:00:00,2026,5,19,0,13,24.0,1006.0,SE,53.2,0,0,100.0
2026-05-19 01:00:00,2026,5,19,1,14,20.0,1007.0,NE,4.92,0,0,103.0
2026-05-19 02:00:00,2026,5,19,2,14,20.0,1006.0,NW,4.02,0,1,75.0
2026-05-19 03:00:00,2026,5,19,3,15,18.0,1008.0,NW,8.94,0,3,61.0
2026-05-19 04:00:00,2026,5,19,4,16,17.0,1008.0,NE,3.13,0,5,83.0
2026-05-19 05:00:00,2026,5,19,5,16,17.0,1007.0,cv,0.89,0,0,90.0
2026-05-19 06:00:00,2026,5,19,6,16,17.0,1007.0,cv,2.68,0,1,70.0
2026-05-19 07:00:00,2026,5,19,7,17,18.0,1006.0,cv,4.47,0,0,75.0
2026-05-19 08:00:00,2026,5,19,8,16,19.0,1007.0,NW,1.79,0,0,83.0
2026-05-19 09:00:00,2026,5,19,9,17,21.0,1006.0,cv,0.89,0,0,79.0
2026-05-19 10:00:00,2026,5,19,10,16,22.0,1006.0,SE,1.79,0,0,95.0
2026-05-19 11:00:00,2026,5,19,11,16,24.0,1005.0,SE,4.92,0,0,134.0
2026-05-19 12:00:00,2026,5,19,12,16,24.0,1005.0,SE,8.05,0,0,161.0
2026-05-19 13:00:00,2026,5,19,13,16,25.0,1004.0,SE,11.18,0,0,151.0
2026-05-19 14:00:00,2026,5,19,14,16,26.0,1003.0,SE,12.97,0,0,147.0
2026-05-19 15:00:00,2026,5,19,15,15,28.0,1002.0,SE,16.99,0,0,143.0
2026-05-19 16:00:00,2026,5,19,16,15,28.0,1001.0,SE,21.01,0,0,132.0
2026-05-19 17:00:00,2026,5,19,17,14,28.0,1001.0,SE,25.03,0,0,119.0
2026-05-19 18:00:00,2026,5,19,18,14,28.0,1001.0,SE,26.82,0,0,102.0
2026-05-19 19:00:00,2026,5,19,19,16,26.0,1002.0,SE,28.61,0,0,97.0
2026-05-19 20:00:00,2026,5,19,20,16,23.0,1002.0,cv,0.89,0,0,104.0
2026-05-19 21:00:00,2026,5,19,21,16,23.0,1003.0,SE,1.79,0,0,123.0
2026-05-19 22:00:00,2026,5,19,22,16,22.0,1003.0,cv,0.89,0,0,141.0
2026-05-19 23:00:00,2026,5,19,23,16,21.0,1003.0,cv,1.78,0,0,167.0
2026-05-20 00:00:00,2026,5,20,0,16,21.0,1003.0,cv,2.67,0,0,174.0
2026-05-20 01:00:00,2026,5,20,1,16,20.0,1003.0,cv,3.56,0,0,196.0
2026-05-20 02:00:00,2026,5,20,2,16,20.0,1003.0,cv,4.01,0,0,215.0
2026-05-20 03:00:00,2026,5,20,3,16,19.0,1003.0,cv,4.9,0,0,214.0
2026-05-20 04:00:00,2026,5,20,4,15,18.0,1003.0,NW,1.79,0,0,197.0
2026-05-20 05:00:00,2026,5,20,5,14,20.0,1004.0,NE,4.92,0,0,168.0
2026-05-20 06:00:00,2026,5,20,6,12,20.0,1004.0,NE,8.94,0,0,122.0
2026-05-20 07:00:00,2026,5,20,7,10,22.0,1005.0,NE,13.86,0,0,66.0
2026-05-20 08:00:00,2026,5,20,8,8,23.0,1005.0,NE,18.78,0,0,36.0
2026-05-20 09:00:00,2026,5,20,9,8,25.0,1006.0,NE,23.7,0,0,20.0
2026-05-20 10:00:00,2026,5,20,10,8,26.0,1006.0,NE,28.62,0,0,17.0
2026-05-20 11:00:00,2026,5,20,11,8,28.0,1005.0,NE,32.64,0,0,
2026-05-20 12:00:00,2026,5,20,12,9,29.0,1005.0,SE,3.13,0,0,
2026-05-20 13:00:00,2026,5,20,13,7,30.0,1004.0,cv,0.89,0,0,18.0
2026-05-20 14:00:00,2026,5,20,14,6,31.0,1003.0,cv,2.68,0,0,14.0
2026-05-20 15:00:00,2026,5,20,15,8,31.0,1003.0,NE,1.79,0,0,16.0
2026-05-20 16:00:00,2026,5,20,16,8,32.0,1002.0,SE,1.79,0,0,18.0
2026-05-20 17:00:00,2026,5,20,17,9,31.0,1002.0,SE,4.92,0,0,20.0
2026-05-20 18:00:00,2026,5,20,18,7,31.0,1002.0,SE,8.94,0,0,22.0
2026-05-20 19:00:00,2026,5,20,19,8,28.0,1002.0,SE,12.07,0,0,22.0
2026-05-20 20:00:00,2026,5,20,20,15,26.0,1004.0,SE,16.99,0,0,45.0
2026-05-20 21:00:00,2026,5,20,21,13,23.0,1005.0,SE,21.91,0,0,121.0
2026-05-20 22:00:00,2026,5,20,22,12,22.0,1006.0,SE,26.83,0,0,122.0
2026-05-20 23:00:00,2026,5,20,23,10,21.0,1007.0,SE,28.62,0,0,114.0
2026-05-21 00:00:00,2026,5,21,0,11,20.0,1006.0,SE,31.75,0,0,106.0
2026-05-21 01:00:00,2026,5,21,1,12,19.0,1007.0,cv,0.89,0,0,62.0
2026-05-21 02:00:00,2026,5,21,2,12,19.0,1006.0,SE,1.79,0,0,84.0
2026-05-21 03:00:00,2026,5,21,3,11,18.0,1005.0,cv,0.89,0,0,79.0
2026-05-21 04:00:00,2026,5,21,4,12,17.0,1006.0,cv,1.78,0,0,80.0
2026-05-21 05:00:00,2026,5,21,5,12,16.0,1006.0,NE,0.89,0,0,85.0
2026-05-21 06:00:00,2026,5,21,6,13,17.0,1007.0,cv,0.89,0,0,81.0
2026-05-21 07:00:00,2026,5,21,7,13,19.0,1007.0,cv,1.78,0,0,79.0
2026-05-21 08:00:00,2026,5,21,8,12,22.0,1007.0,NW,3.13,0,0,80.0
2026-05-21 09:00:00,2026,5,21,9,13,23.0,1008.0,NW,6.26,0,0,79.0
2026-05-21 10:00:00,2026,5,21,10,13,24.0,1007.0,cv,0.89,0,0,85.0
2026-05-21 11:00:00,2026,5,21,11,13,26.0,1006.0,cv,2.68,0,0,85.0
2026-05-21 12:00:00,2026,5,21,12,13,27.0,1006.0,cv,4.47,0,0,81.0
2026-05-21 13:00:00,2026,5,21,13,14,29.0,1005.0,cv,6.26,0,0,90.0
2026-05-21 14:00:00,2026,5,21,14,13,30.0,1004.0,SE,3.13,0,0,97.0
2026-05-21 15:00:00,2026,5,21,15,14,30.0,1003.0,SE,6.26,0,0,103.0
2026-05-21 16:00:00,2026,5,21,16,15,31.0,1003.0,SE,10.28,0,0,115.0
2026-05-21 17:00:00,2026,5,21,17,15,31.0,1003.0,SE,16.09,0,0,117.0
2026-05-21 18:00:00,2026,5,21,18,15,30.0,1003.0,SE,19.22,0,0,130.0
2026-05-21 19:00:00,2026,5,21,19,17,28.0,1003.0,SE,21.01,0,0,132.0
2026-05-21 20:00:00,2026,5,21,20,16,27.0,1004.0,SE,22.8,0,0,136.0
2026-05-21 21:00:00,2026,5,21,21,16,26.0,1005.0,SE,24.59,0,0,150.0
2026-05-21 22:00:00,2026,5,21,22,16,25.0,1005.0,SE,26.38,0,0,128.0
2026-05-21 23:00:00,2026,5,21,23,16,24.0,1005.0,SE,28.17,0,0,144.0
2026-05-22 00:00:00,2026,5,22,0,16,23.0,1005.0,SE,31.3,0,0,146.0
2026-05-22 01:00:00,2026,5,22,1,15,23.0,1005.0,SE,33.09,0,0,152.0
2026-05-22 02:00:00,2026,5,22,2,15,22.0,1005.0,SE,34.88,0,0,165.0
2026-05-22 03:00:00,2026,5,22,3,15,20.0,1005.0,cv,0.89,0,0,178.0
2026-05-22 04:00:00,2026,5,22,4,16,20.0,1005.0,SE,3.13,0,0,196.0
2026-05-22 05:00:00,2026,5,22,5,16,19.0,1005.0,cv,0.89,0,0,215.0
2026-05-22 06:00:00,2026,5,22,6,17,20.0,1006.0,SE,0.89,0,0,242.0
2026-05-22 07:00:00,2026,5,22,7,18,21.0,1007.0,cv,0.89,0,0,249.0
2026-05-22 08:00:00,2026,5,22,8,18,23.0,1007.0,SE,1.79,0,0,258.0
2026-05-22 09:00:00,2026,5,22,9,18,25.0,1008.0,cv,0.89,0,0,259.0
2026-05-22 10:00:00,2026,5,22,10,18,27.0,1007.0,SE,1.79,0,0,239.0
2026-05-22 11:00:00,2026,5,22,11,18,29.0,1007.0,SE,4.92,0,0,224.0
2026-05-22 12:00:00,2026,5,22,12,17,31.0,1007.0,SE,9.84,0,0,182.0
2026-05-22 13:00:00,2026,5,22,13,15,33.0,1006.0,SE,13.86,0,0,111.0
2026-05-22 14:00:00,2026,5,22,14,8,35.0,1006.0,SE,21.01,0,0,59.0
2026-05-22 15:00:00,2026,5,22,15,9,35.0,1005.0,SE,28.16,0,0,43.0
2026-05-22 16:00:00,2026,5,22,16,9,34.0,1005.0,SE,36.21,0,0,50.0
2026-05-22 17:00:00,2026,5,22,17,9,34.0,1005.0,SE,43.36,0,0,54.0
2026-05-22 18:00:00,2026,5,22,18,8,33.0,1005.0,SE,49.17,0,0,38.0
2026-05-22 19:00:00,2026,5,22,19,9,31.0,1006.0,SE,53.19,0,0,40.0
2026-05-22 20:00:00,2026,5,22,20,10,28.0,1006.0,SE,56.32,0,0,56.0
2026-05-22 21:00:00,2026,5,22,21,12,27.0,1007.0,SE,58.11,0,0,64.0
2026-05-22 22:00:00,2026,5,22,22,12,27.0,1008.0,SE,61.24,0,0,65.0
2026-05-22 23:00:00,2026,5,22,23,11,28.0,1008.0,SE,64.37,0,0,63.0
2026-05-23 00:00:00,2026,5,23,0,14,23.0,1009.0,SE,66.16,0,0,73.0
2026-05-23 01:00:00,2026,5,23,1,12,24.0,1009.0,SE,69.29,0,0,74.0
2026-05-23 02:00:00,2026,5,23,2,12,24.0,1010.0,SE,72.42,0,0,84.0
2026-05-23 03:00:00,2026,5,23,3,13,24.0,1010.0,SE,75.55,0,0,80.0
2026-05-23 04:00:00,2026,5,23,4,14,22.0,1010.0,SE,77.34,0,0,96.0
2026-05-23 05:00:00,2026,5,23,5,14,21.0,1010.0,NW,1.79,0,0,109.0
2026-05-23 06:00:00,2026,5,23,6,15,22.0,1010.0,SE,1.79,0,0,110.0
2026-05-23 07:00:00,2026,5,23,7,16,24.0,1011.0,cv,0.89,0,0,102.0
2026-05-23 08:00:00,2026,5,23,8,15,26.0,1011.0,SE,1.79,0,0,105.0
2026-05-23 09:00:00,2026,5,23,9,15,29.0,1011.0,SE,3.58,0,0,105.0
2026-05-23 10:00:00,2026,5,23,10,13,31.0,1011.0,SE,9.39,0,0,94.0
2026-05-23 11:00:00,2026,5,23,11,13,32.0,1011.0,SE,16.54,0,0,92.0
2026-05-23 12:00:00,2026,5,23,12,12,34.0,1010.0,SE,22.35,0,0,85.0
2026-05-23 13:00:00,2026,5,23,13,10,34.0,1010.0,SE,29.5,0,0,61.0
2026-05-23 14:00:00,2026,5,23,14,11,33.0,1010.0,SE,36.65,0,0,54.0
2026-05-23 15:00:00,2026,5,23,15,11,34.0,1009.0,SE,43.8,0,0,46.0
2026-05-23 16:00:00,2026,5,23,16,10,33.0,1008.0,SE,48.72,0,0,46.0
2026-05-23 17:00:00,2026,5,23,17,11,32.0,1008.0,SE,53.64,0,0,56.0
2026-05-23 18:00:00,2026,5,23,18,12,31.0,1008.0,SE,56.77,0,0,57.0
2026-05-23 19:00:00,2026,5,23,19,12,30.0,1009.0,SE,59.9,0,0,59.0
2026-05-23 20:00:00,2026,5,23,20,15,27.0,1009.0,cv,0.89,0,0,61.0
2026-05-23 21:00:00,2026,5,23,21,15,27.0,1009.0,SE,3.13,0,0,76.0
2026-05-23 22:00:00,2026,5,23,22,14,28.0,1009.0,SE,8.05,0,0,87.0
2026-05-23 23:00:00,2026,5,23,23,15,26.0,1009.0,SE,11.18,0,0,99.0
2026-05-24 00:00:00,2026,5,24,0,15,26.0,1008.0,SE,15.2,0,0,104.0
2026-05-24 01:00:00,2026,5,24,1,15,26.0,1008.0,SE,18.33,0,0,92.0
2026-05-24 02:00:00,2026,5,24,2,15,24.0,1008.0,NE,1.79,0,0,89.0
2026-05-24 03:00:00,2026,5,24,3,15,24.0,1008.0,SE,1.79,0,0,85.0
2026-05-24 04:00:00,2026,5,24,4,15,23.0,1007.0,SE,4.92,0,1,99.0
2026-05-24 05:00:00,2026,5,24,5,17,21.0,1008.0,SE,8.05,0,3,98.0
2026-05-24 06:00:00,2026,5,24,6,17,19.0,1008.0,SE,9.84,0,5,84.0
2026-05-24 07:00:00,2026,5,24,7,17,19.0,1008.0,SE,12.97,0,6,83.0
2026-05-24 08:00:00,2026,5,24,8,18,19.0,1008.0,SE,14.76,0,7,102.0
2026-05-24 09:00:00,2026,5,24,9,18,19.0,1008.0,SE,17.89,0,0,84.0
2026-05-24 10:00:00,2026,5,24,10,18,20.0,1008.0,SE,19.68,0,0,91.0
2026-05-24 11:00:00,2026,5,24,11,18,20.0,1008.0,SE,22.81,0,1,104.0
2026-05-24 12:00:00,2026,5,24,12,18,20.0,1008.0,SE,24.6,0,0,95.0
2026-05-24 13:00:00,2026,5,24,13,19,20.0,1008.0,SE,27.73,0,0,88.0
2026-05-24 14:00:00,2026,5,24,14,19,20.0,1007.0,SE,29.52,0,0,78.0
2026-05-24 15:00:00,2026,5,24,15,19,21.0,1007.0,NE,1.79,0,0,84.0
2026-05-24 16:00:00,2026,5,24,16,19,21.0,1007.0,SE,3.13,0,0,99.0
2026-05-24 17:00:00,2026,5,24,17,19,20.0,1007.0,SE,6.26,0,0,93.0
2026-05-24 18:00:00,2026,5,24,18,18,20.0,1007.0,SE,8.05,0,0,79.0
2026-05-24 19:00:00,2026,5,24,19,18,20.0,1008.0,SE,11.18,0,0,79.0
2026-05-24 20:00:00,2026,5,24,20,18,20.0,1008.0,SE,14.31,0,0,79.0
2026-05-24 21:00:00,2026,5,24,21,18,20.0,1009.0,SE,16.1,0,0,91.0
2026-05-24 22:00:00,2026,5,24,22,18,19.0,1009.0,SE,17.89,0,0,88.0
2026-05-24 23:00:00,2026,5,24,23,18,19.0,1009.0,SE,19.68,0,0,92.0
2026-05-25 00:00:00,2026,5,25,0,18,19.0,1009.0,SE,21.47,0,0,95.0
2026-05-25 01:00:00,2026,5,25,1,18,19.0,1008.0,cv,0.89,0,0,107.0
2026-05-25 02:00:00,2026,5,25,2,18,19.0,1008.0,SE,1.79,0,0,123.0
2026-05-25 03:00:00,2026,5,25,3,18,19.0,1008.0,SE,3.58,0,0,117.0
2026-05-25 04:00:00,2026,5,25,4,18,19.0,1007.0,SE,4.47,0,0,140.0
2026-05-25 05:00:00,2026,5,25,5,18,19.0,1007.0,cv,0.89,0,0,150.0
2026-05-25 06:00:00,2026,5,25,6,18,19.0,1007.0,cv,1.78,0,0,150.0
2026-05-25 07:00:00,2026,5,25,7,19,20.0,1008.0,NW,1.79,0,0,132.0
2026-05-25 08:00:00,2026,5,25,8,19,21.0,1008.0,cv,0.89,0,0,160.0
2026-05-25 09:00:00,2026,5,25,9,3,24.0,1007.0,NW,8.05,0,0,158.0
2026-05-25 10:00:00,2026,5,25,10,3,26.0,1007.0,NW,16.1,0,0,157.0
2026-05-25 11:00:00,2026,5,25,11,3,27.0,1007.0,NW,27.28,0,0,113.0
2026-05-25 12:00:00,2026,5,25,12,2,28.0,1006.0,NW,38.46,0,0,51.0
2026-05-25 13:00:00,2026,5,25,13,0,28.0,1005.0,NW,53.66,0,0,13.0
2026-05-25 14:00:00,2026,5,25,14,-1,28.0,1005.0,NW,66.62,0,0,12.0
2026-05-25 15:00:00,2026,5,25,15,-1,28.0,1005.0,NW,80.48,0,0,7.0
2026-05-25 16:00:00,2026,5,25,16,-1,28.0,1005.0,NW,92.55,0,0,10.0
2026-05-25 17:00:00,2026,5,25,17,-1,28.0,1005.0,NW,103.73,0,0,8.0
2026-05-25 18:00:00,2026,5,25,18,0,27.0,1005.0,NW,111.78,0,0,8.0
2026-05-25 19:00:00,2026,5,25,19,1,25.0,1004.0,NW,114.91,0,0,10.0
2026-05-25 20:00:00,2026,5,25,20,3,21.0,1005.0,cv,0.89,0,0,13.0
2026-05-25 21:00:00,2026,5,25,21,0,25.0,1005.0,SE,3.13,0,0,18.0
2026-05-25 22:00:00,2026,5,25,22,7,17.0,1006.0,cv,0.89,0,0,21.0
2026-05-25 23:00:00,2026,5,25,23,9,15.0,1006.0,cv,1.78,0,0,21.0
2026-05-26 00:00:00,2026,5,26,0,8,15.0,1006.0,SE,1.79,0,0,15.0
2026-05-26 01:00:00,2026,5,26,1,7,15.0,1005.0,cv,0.89,0,0,10.0
2026-05-26 02:00:00,2026,5,26,2,7,14.0,1005.0,SE,1.79,0,0,8.0
2026-05-26 03:00:00,2026,5,26,3,6,14.0,1004.0,cv,0.89,0,0,9.0
2026-05-26 04:00:00,2026,5,26,4,7,12.0,1004.0,cv,1.78,0,0,8.0
2026-05-26 05:00:00,2026,5,26,5,7,12.0,1004.0,cv,2.67,0,0,15.0
2026-05-26 06:00:00,2026,5,26,6,9,15.0,1004.0,cv,3.56,0,0,20.0
2026-05-26 07:00:00,2026,5,26,7,11,20.0,1003.0,cv,4.45,0,0,20.0
2026-05-26 08:00:00,2026,5,26,8,4,26.0,1003.0,cv,6.24,0,0,18.0
2026-05-26 09:00:00,2026,5,26,9,4,28.0,1002.0,SE,4.02,0,0,15.0
2026-05-26 10:00:00,2026,5,26,10,1,30.0,1001.0,SE,8.04,0,0,15.0
2026-05-26 11:00:00,2026,5,26,11,1,32.0,1000.0,SE,13.85,0,0,16.0
2026-05-26 12:00:00,2026,5,26,12,3,33.0,999.0,SE,18.77,0,0,19.0
2026-05-26 13:00:00,2026,5,26,13,3,34.0,998.0,SE,23.69,0,0,23.0
2026-05-26 14:00:00,2026,5,26,14,5,34.0,997.0,SE,31.74,0,0,24.0
2026-05-26 15:00:00,2026,5,26,15,5,33.0,995.0,SE,39.79,0,0,26.0
2026-05-26 16:00:00,2026,5,26,16,5,34.0,994.0,SE,48.73,0,0,27.0
2026-05-26 17:00:00,2026,5,26,17,5,33.0,993.0,SE,55.88,0,0,27.0
2026-05-26 18:00:00,2026,5,26,18,0,35.0,993.0,NW,7.15,0,0,26.0
2026-05-26 19:00:00,2026,5,26,19,1,34.0,993.0,SE,4.92,0,0,23.0
2026-05-26 20:00:00,2026,5,26,20,-2,34.0,994.0,NW,7.15,0,0,28.0
2026-05-26 21:00:00,2026,5,26,21,-2,33.0,995.0,SE,4.02,0,0,27.0
2026-05-26 22:00:00,2026,5,26,22,-1,32.0,995.0,SE,8.04,0,0,29.0
2026-05-26 23:00:00,2026,5,26,23,-1,31.0,995.0,NW,3.13,0,0,31.0
2026-05-27 00:00:00,2026,5,27,0,8,21.0,995.0,cv,0.89,0,0,26.0
2026-05-27 01:00:00,2026,5,27,1,0,26.0,994.0,NW,3.13,0,0,26.0
2026-05-27 02:00:00,2026,5,27,2,8,19.0,994.0,cv,0.89,0,0,23.0
2026-05-27 03:00:00,2026,5,27,3,9,18.0,994.0,cv,1.78,0,0,39.0
2026-05-27 04:00:00,2026,5,27,4,-2,27.0,994.0,NW,4.92,0,0,39.0
2026-05-27 05:00:00,2026,5,27,5,5,22.0,994.0,NW,8.05,0,0,40.0
2026-05-27 06:00:00,2026,5,27,6,10,21.0,994.0,cv,0.89,0,0,40.0
2026-05-27 07:00:00,2026,5,27,7,3,30.0,995.0,NW,5.81,0,0,94.0
2026-05-27 08:00:00,2026,5,27,8,5,30.0,995.0,NW,15.64,0,0,102.0
2026-05-27 09:00:00,2026,5,27,9,1,32.0,995.0,NW,28.6,0,0,100.0
2026-05-27 10:00:00,2026,5,27,10,-2,32.0,995.0,NW,43.8,0,0,26.0
2026-05-27 11:00:00,2026,5,27,11,2,31.0,995.0,NW,57.66,0,0,19.0
2026-05-27 12:00:00,2026,5,27,12,3,32.0,995.0,NW,67.49,0,0,13.0
2026-05-27 13:00:00,2026,5,27,13,5,31.0,995.0,NW,78.67,0,0,17.0
2026-05-27 14:00:00,2026,5,27,14,7,28.0,997.0,NW,94.76,0,0,12.0
2026-05-27 15:00:00,2026,5,27,15,10,26.0,997.0,NW,102.81,0,0,16.0
2026-05-27 16:00:00,2026,5,27,16,10,30.0,996.0,NW,109.96,0,0,12.0
2026-05-27 17:00:00,2026,5,27,17,9,30.0,995.0,NW,114.88,0,0,13.0
2026-05-27 18:00:00,2026,5,27,18,8,30.0,995.0,NW,118.9,0,0,12.0
2026-05-27 19:00:00,2026,5,27,19,1,31.0,997.0,NW,130.97,0,0,14.0
2026-05-27 20:00:00,2026,5,27,20,1,28.0,998.0,NW,136.78,0,0,11.0
2026-05-27 21:00:00,2026,5,27,21,5,23.0,1000.0,cv,0.89,0,0,8.0
2026-05-27 22:00:00,2026,5,27,22,4,21.0,1001.0,cv,1.34,0,0,17.0
2026-05-27 23:00:00,2026,5,27,23,5,20.0,1001.0,NW,3.13,0,0,13.0
2026-05-28 00:00:00,2026,5,28,0,6,19.0,1001.0,cv,0.89,0,0,12.0
2026-05-28 01:00:00,2026,5,28,1,3,22.0,1001.0,NW,3.13,0,0,13.0
2026-05-28 02:00:00,2026,5,28,2,6,19.0,1001.0,NE,3.13,0,0,19.0
2026-05-28 03:00:00,2026,5,28,3,6,20.0,1002.0,SE,1.79,0,0,27.0
2026-05-28 04:00:00,2026,5,28,4,9,15.0,1003.0,NE,0.89,0,0,27.0
2026-05-28 05:00:00,2026,5,28,5,9,15.0,1003.0,NE,1.78,0,0,38.0
2026-05-28 06:00:00,2026,5,28,6,12,18.0,1003.0,cv,0.89,0,0,44.0
2026-05-28 07:00:00,2026,5,28,7,11,23.0,1004.0,cv,1.78,0,0,44.0
2026-05-28 08:00:00,2026,5,28,8,10,25.0,1004.0,cv,2.67,0,0,43.0
2026-05-28 09:00:00,2026,5,28,9,9,27.0,1004.0,cv,3.56,0,0,49.0
2026-05-28 10:00:00,2026,5,28,10,9,29.0,1003.0,SE,1.79,0,0,35.0
2026-05-28 11:00:00,2026,5,28,11,7,33.0,1002.0,cv,1.79,0,0,18.0
2026-05-28 12:00:00,2026,5,28,12,4,35.0,1001.0,SE,4.02,0,0,15.0
2026-05-28 13:00:00,2026,5,28,13,5,36.0,1000.0,SE,8.04,0,0,21.0
2026-05-28 14:00:00,2026,5,28,14,5,37.0,999.0,SE,12.96,0,0,29.0
2026-05-28 15:00:00,2026,5,28,15,5,37.0,998.0,SE,21.01,0,0,21.0
2026-05-28 16:00:00,2026,5,28,16,5,37.0,997.0,SE,29.95,0,0,34.0
2026-05-28 17:00:00,2026,5,28,17,5,36.0,996.0,SE,38.89,0,0,32.0
2026-05-28 18:00:00,2026,5,28,18,4,35.0,996.0,SE,46.94,0,0,24.0
2026-05-28 19:00:00,2026,5,28,19,7,34.0,997.0,SE,55.88,0,0,32.0
2026-05-28 20:00:00,2026,5,28,20,9,31.0,998.0,SE,57.67,0,0,32.0
2026-05-28 21:00:00,2026,5,28,21,9,32.0,999.0,SE,62.59,0,0,34.0
2026-05-28 22:00:00,2026,5,28,22,9,31.0,998.0,SE,67.51,0,0,39.0
2026-05-28 23:00:00,2026,5,28,23,8,30.0,997.0,SE,72.43,0,0,40.0
2026-05-29 00:00:00,2026,5,29,0,12,23.0,997.0,SE,73.32,0,0,44.0
2026-05-29 01:00:00,2026,5,29,1,12,23.0,998.0,cv,0.89,0,0,38.0
2026-05-29 02:00:00,2026,5,29,2,13,22.0,997.0,cv,1.78,0,0,38.0
2026-05-29 03:00:00,2026,5,29,3,12,21.0,997.0,cv,2.67,0,0,42.0
2026-05-29 04:00:00,2026,5,29,4,13,20.0,997.0,cv,3.12,0,0,44.0
2026-05-29 05:00:00,2026,5,29,5,12,18.0,997.0,cv,4.01,0,0,54.0
2026-05-29 06:00:00,2026,5,29,6,14,21.0,997.0,cv,4.9,0,0,62.0
2026-05-29 07:00:00,2026,5,29,7,14,25.0,997.0,cv,5.79,0,0,78.0
2026-05-29 08:00:00,2026,5,29,8,12,27.0,998.0,cv,6.68,0,0,77.0
2026-05-29 09:00:00,2026,5,29,9,12,30.0,998.0,NE,3.13,0,0,75.0
2026-05-29 10:00:00,2026,5,29,10,11,33.0,998.0,NE,4.92,0,0,67.0
2026-05-29 11:00:00,2026,5,29,11,11,36.0,998.0,cv,1.79,0,0,52.0
2026-05-29 12:00:00,2026,5,29,12,10,37.0,998.0,cv,2.68,0,0,41.0
2026-05-29 13:00:00,2026,5,29,13,7,39.0,997.0,cv,3.57,0,0,29.0
2026-05-29 14:00:00,2026,5,29,14,7,41.0,997.0,cv,5.36,0,0,21.0
2026-05-29 15:00:00,2026,5,29,15,4,42.0,996.0,NW,5.81,0,0,19.0
2026-05-29 16:00:00,2026,5,29,16,4,39.0,996.0,NE,1.79,0,0,8.0
2026-05-29 17:00:00,2026,5,29,17,6,40.0,996.0,cv,0.89,0,0,14.0
2026-05-29 18:00:00,2026,5,29,18,8,38.0,997.0,SE,3.13,0,0,30.0
2026-05-29 19:00:00,2026,5,29,19,9,35.0,998.0,SE,6.26,0,0,29.0
2026-05-29 20:00:00,2026,5,29,20,10,32.0,999.0,cv,0.89,0,0,38.0
2026-05-29 21:00:00,2026,5,29,21,15,28.0,1000.0,cv,2.68,0,0,63.0
2026-05-29 22:00:00,2026,5,29,22,10,29.0,1001.0,SE,1.79,0,0,63.0
2026-05-29 23:00:00,2026,5,29,23,13,26.0,1002.0,NW,3.13,0,0,63.0
2026-05-30 00:00:00,2026,5,30,0,13,25.0,1002.0,cv,0.89,0,0,79.0
2026-05-30 01:00:00,2026,5,30,1,13,27.0,1003.0,SE,1.79,0,0,71.0
2026-05-30 02:00:00,2026,5,30,2,14,25.0,1003.0,NE,1.79,0,0,96.0
2026-05-30 03:00:00,2026,5,30,3,13,23.0,1003.0,NW,1.79,0,0,102.0
2026-05-30 04:00:00,2026,5,30,4,11,22.0,1004.0,NW,3.58,0,0,113.0
2026-05-30 05:00:00,2026,5,30,5,10,21.0,1005.0,NW,6.71,0,0,73.0
2026-05-30 06:00:00,2026,5,30,6,12,23.0,1006.0,NW,8.5,0,0,67.0
2026-05-30 07:00:00,2026,5,30,7,12,26.0,1006.0,NW,10.29,0,0,67.0
2026-05-30 08:00:00,2026,5,30,8,12,30.0,1007.0,cv,0.89,0,0,88.0
2026-05-30 09:00:00,2026,5,30,9,12,31.0,1007.0,SE,1.79,0,0,85.0
2026-05-30 10:00:00,2026,5,30,10,12,32.0,1007.0,SE,5.81,0,0,88.0
2026-05-30 11:00:00,2026,5,30,11,12,33.0,1007.0,SE,9.83,0,0,104.0
2026-05-30 12:00:00,2026,5,30,12,14,33.0,1007.0,SE,14.75,0,0,100.0
2026-05-30 13:00:00,2026,5,30,13,14,34.0,1006.0,SE,19.67,0,0,99.0
2026-05-30 14:00:00,2026,5,30,14,14,35.0,1005.0,SE,23.69,0,0,100.0
2026-05-30 15:00:00,2026,5,30,15,15,34.0,1005.0,SE,27.71,0,0,107.0
2026-05-30 16:00:00,2026,5,30,16,15,33.0,1005.0,SE,33.52,0,0,104.0
2026-05-30 17:00:00,2026,5,30,17,14,33.0,1005.0,SE,37.54,0,0,90.0
2026-05-30 18:00:00,2026,5,30,18,13,31.0,1005.0,SE,41.56,0,0,100.0
2026-05-30 19:00:00,2026,5,30,19,15,30.0,1006.0,SE,44.69,0,0,99.0
2026-05-30 20:00:00,2026,5,30,20,14,28.0,1006.0,SE,47.82,0,0,95.0
2026-05-30 21:00:00,2026,5,30,21,14,27.0,1007.0,SE,50.95,0,0,97.0
2026-05-30 22:00:00,2026,5,30,22,12,27.0,1008.0,SE,54.08,0,0,90.0
2026-05-30 23:00:00,2026,5,30,23,12,25.0,1008.0,SE,55.87,0,0,76.0
2026-05-31 00:00:00,2026,5,31,0,13,24.0,1008.0,SE,56.76,0,0,72.0
2026-05-31 01:00:00,2026,5,31,1,13,22.0,1008.0,SE,57.65,0,0,81.0
2026-05-31 02:00:00,2026,5,31,2,14,22.0,1008.0,cv,0.89,0,0,84.0
2026-05-31 03:00:00,2026,5,31,3,14,21.0,1008.0,cv,1.78,0,0,90.0
2026-05-31 04:00:00,2026,5,31,4,14,21.0,1008.0,cv,2.67,0,0,96.0
2026-05-31 05:00:00,2026,5,31,5,15,20.0,1008.0,SE,0.89,0,0,115.0
2026-05-31 06:00:00,2026,5,31,6,16,21.0,1008.0,SE,1.78,0,0,115.0
2026-05-31 07:00:00,2026,5,31,7,15,24.0,1008.0,cv,0.89,0,0,108.0
2026-05-31 08:00:00,2026,5,31,8,14,25.0,1009.0,cv,1.78,0,0,125.0
2026-05-31 09:00:00,2026,5,31,9,13,26.0,1009.0,cv,2.67,0,0,123.0
2026-05-31 10:00:00,2026,5,31,10,13,28.0,1008.0,NE,1.79,0,0,127.0
2026-05-31 11:00:00,2026,5,31,11,14,30.0,1008.0,SE,1.79,0,0,132.0
2026-05-31 12:00:00,2026,5,31,12,14,32.0,1007.0,cv,1.79,0,0,125.0
2026-05-31 13:00:00,2026,5,31,13,15,33.0,1007.0,SE,1.79,0,0,119.0
2026-05-31 14:00:00,2026,5,31,14,16,33.0,1006.0,cv,0.89,0,0,127.0
2026-05-31 15:00:00,2026,5,31,15,14,33.0,1005.0,SE,3.13,0,0,139.0
2026-05-31 16:00:00,2026,5,31,16,16,34.0,1005.0,SE,6.26,0,0,134.0
2026-05-31 17:00:00,2026,5,31,17,17,33.0,1005.0,SE,9.39,0,0,131.0
2026-05-31 18:00:00,2026,5,31,18,17,32.0,1005.0,SE,11.18,0,0,135.0
2026-05-31 19:00:00,2026,5,31,19,17,31.0,1005.0,SE,12.97,0,0,137.0
2026-05-31 20:00:00,2026,5,31,20,18,30.0,1005.0,SE,13.86,0,0,143.0
2026-05-31 21:00:00,2026,5,31,21,18,30.0,1005.0,SE,16.99,0,0,140.0
2026-05-31 22:00:00,2026,5,31,22,18,22.0,1010.0,SE,30.85,0,1,86.0
2026-05-31 23:00:00,2026,5,31,23,18,21.0,1009.0,NW,8.94,0,2,83.0
2026-06-01 00:00:00,2026,6,1,0,18,22.0,1010.0,NW,14.75,0,0,83.0
2026-06-01 01:00:00,2026,6,1,1,18,21.0,1009.0,cv,0.89,0,0,68.0
2026-06-01 02:00:00,2026,6,1,2,18,21.0,1008.0,NW,4.02,0,0,53.0
2026-06-01 03:00:00,2026,6,1,3,17,21.0,1009.0,NW,7.15,0,0,52.0
2026-06-01 04:00:00,2026,6,1,4,18,21.0,1009.0,NE,1.79,0,0,46.0
2026-06-01 05:00:00,2026,6,1,5,17,21.0,1008.0,NW,4.92,0,0,49.0
2026-06-01 06:00:00,2026,6,1,6,17,22.0,1008.0,NW,9.84,0,0,59.0
2026-06-01 07:00:00,2026,6,1,7,17,22.0,1008.0,NW,14.76,0,0,52.0
2026-06-01 08:00:00,2026,6,1,8,16,23.0,1007.0,NW,20.57,0,0,43.0
2026-06-01 09:00:00,2026,6,1,9,16,27.0,1007.0,NW,25.49,0,0,46.0
2026-06-01 10:00:00,2026,6,1,10,16,29.0,1007.0,NW,28.62,0,0,40.0
2026-06-01 11:00:00,2026,6,1,11,15,30.0,1007.0,NW,31.75,0,0,32.0
2026-06-01 12:00:00,2026,6,1,12,16,31.0,1007.0,NE,3.13,0,0,29.0
2026-06-01 13:00:00,2026,6,1,13,13,31.0,1007.0,NE,4.92,0,0,33.0
2026-06-01 14:00:00,2026,6,1,14,14,31.0,1006.0,NE,6.71,0,0,37.0
2026-06-01 15:00:00,2026,6,1,15,18,27.0,1006.0,SE,4.92,0,0,37.0
2026-06-01 16:00:00,2026,6,1,16,18,27.0,1006.0,SE,9.84,0,0,62.0
2026-06-01 17:00:00,2026,6,1,17,18,26.0,1007.0,SE,13.86,0,0,80.0
2026-06-01 18:00:00,2026,6,1,18,17,21.0,1009.0,SE,19.67,0,1,62.0
2026-06-01 19:00:00,2026,6,1,19,16,21.0,1009.0,SE,21.46,0,2,53.0
2026-06-01 20:00:00,2026,6,1,20,17,20.0,1011.0,NW,4.02,0,3,59.0
2026-06-01 21:00:00,2026,6,1,21,17,19.0,1011.0,NW,7.15,0,0,51.0
2026-06-01 22:00:00,2026,6,1,22,16,20.0,1012.0,NE,3.13,0,0,60.0
2026-06-01 23:00:00,2026,6,1,23,15,21.0,1012.0,SE,1.79,0,0,59.0
2026-06-02 00:00:00,2026,6,2,0,13,21.0,1012.0,SE,3.58,0,0,55.0
2026-06-02 01:00:00,2026,6,2,1,13,20.0,1012.0,cv,0.89,0,0,49.0
2026-06-02 02:00:00,2026,6,2,2,13,19.0,1012.0,SE,1.79,0,0,52.0
2026-06-02 03:00:00,2026,6,2,3,12,19.0,1012.0,SE,3.58,0,0,55.0
2026-06-02 04:00:00,2026,6,2,4,12,20.0,1012.0,SE,5.37,0,0,24.0
2026-06-02 05:00:00,2026,6,2,5,13,19.0,1012.0,cv,0.45,0,0,21.0
2026-06-02 06:00:00,2026,6,2,6,14,19.0,1013.0,NW,3.13,0,0,18.0
2026-06-02 07:00:00,2026,6,2,7,14,19.0,1013.0,NE,1.79,0,0,25.0
2026-06-02 08:00:00,2026,6,2,8,14,21.0,1013.0,NW,3.13,0,0,25.0
2026-06-02 09:00:00,2026,6,2,9,13,21.0,1013.0,NW,6.26,0,0,18.0
2026-06-02 10:00:00,2026,6,2,10,15,21.0,1013.0,NE,1.79,0,0,18.0
2026-06-02 11:00:00,2026,6,2,11,14,23.0,1012.0,cv,0.89,0,0,24.0
2026-06-02 12:00:00,2026,6,2,12,13,26.0,1012.0,cv,2.68,0,0,20.0
2026-06-02 13:00:00,2026,6,2,13,12,24.0,1012.0,NE,1.79,0,0,31.0
2026-06-02 14:00:00,2026,6,2,14,11,25.0,1011.0,SE,1.79,0,0,31.0
2026-06-02 15:00:00,2026,6,2,15,12,25.0,1010.0,SE,4.92,0,0,28.0
2026-06-02 16:00:00,2026,6,2,16,11,26.0,1010.0,cv,0.89,0,0,31.0
2026-06-02 17:00:00,2026,6,2,17,11,26.0,1009.0,SE,1.79,0,0,28.0
2026-06-02 18:00:00,2026,6,2,18,12,26.0,1009.0,cv,0.89,0,0,34.0
2026-06-02 19:00:00,2026,6,2,19,12,25.0,1009.0,SE,3.13,0,0,32.0
2026-06-02 20:00:00,2026,6,2,20,12,24.0,1010.0,NW,3.13,0,0,44.0
2026-06-02 21:00:00,2026,6,2,21,12,24.0,1010.0,NW,6.26,0,0,46.0
2026-06-02 22:00:00,2026,6,2,22,12,24.0,1010.0,NW,10.28,0,0,43.0
2026-06-02 23:00:00,2026,6,2,23,13,22.0,1010.0,NW,13.41,0,0,48.0
2026-06-03 00:00:00,2026,6,3,0,13,22.0,1009.0,NW,16.54,0,0,57.0
2026-06-03 01:00:00,2026,6,3,1,13,20.0,1009.0,NW,19.67,0,0,53.0
2026-06-03 02:00:00,2026,6,3,2,13,19.0,1008.0,NW,20.56,0,0,64.0
2026-06-03 03:00:00,2026,6,3,3,13,17.0,1008.0,NW,22.35,0,0,52.0
2026-06-03 04:00:00,2026,6,3,4,13,17.0,1008.0,NW,26.37,0,0,37.0
2026-06-03 05:00:00,2026,6,3,5,13,17.0,1008.0,NE,0.89,0,0,35.0
2026-06-03 06:00:00,2026,6,3,6,14,20.0,1008.0,NW,4.02,0,0,39.0
2026-06-03 07:00:00,2026,6,3,7,14,23.0,1009.0,NW,7.15,0,0,31.0
2026-06-03 08:00:00,2026,6,3,8,13,24.0,1009.0,NW,10.28,0,0,29.0
2026-06-03 09:00:00,2026,6,3,9,13,27.0,1009.0,NW,13.41,0,0,28.0
2026-06-03 10:00:00,2026,6,3,10,12,28.0,1009.0,NW,15.2,0,0,32.0
2026-06-03 11:00:00,2026,6,3,11,12,29.0,1008.0,cv,0.89,0,0,33.0
2026-06-03 12:00:00,2026,6,3,12,12,30.0,1008.0,SE,1.79,0,0,25.0
2026-06-03 13:00:00,2026,6,3,13,12,31.0,1007.0,SE,4.92,0,0,30.0
2026-06-03 14:00:00,2026,6,3,14,12,31.0,1006.0,SE,8.05,0,0,28.0
2026-06-03 15:00:00,2026,6,3,15,12,32.0,1006.0,SE,12.07,0,0,36.0
2026-06-03 16:00:00,2026,6,3,16,12,32.0,1006.0,SE,16.09,0,0,43.0
2026-06-03 17:00:00,2026,6,3,17,13,31.0,1006.0,SE,20.11,0,0,43.0
2026-06-03 18:00:00,2026,6,3,18,12,30.0,1006.0,SE,23.24,0,0,54.0
2026-06-03 19:00:00,2026,6,3,19,13,28.0,1006.0,SE,26.37,0,0,56.0
2026-06-03 20:00:00,2026,6,3,20,13,28.0,1007.0,SE,28.16,0,0,45.0
2026-06-03 21:00:00,2026,6,3,21,13,27.0,1007.0,SE,29.95,0,0,48.0
2026-06-03 22:00:00,2026,6,3,22,14,26.0,1008.0,SE,34.87,0,0,57.0
2026-06-03 23:00:00,2026,6,3,23,14,24.0,1008.0,SE,38.0,0,0,50.0
2026-06-04 00:00:00,2026,6,4,0,14,23.0,1008.0,SE,39.79,0,0,47.0
2026-06-04 01:00:00,2026,6,4,1,15,21.0,1008.0,NE,1.79,0,0,48.0
2026-06-04 02:00:00,2026,6,4,2,15,21.0,1008.0,NE,2.68,0,0,62.0
2026-06-04 03:00:00,2026,6,4,3,15,20.0,1008.0,NE,3.57,0,0,77.0
2026-06-04 04:00:00,2026,6,4,4,16,20.0,1007.0,NE,4.46,0,0,83.0
2026-06-04 05:00:00,2026,6,4,5,16,19.0,1007.0,cv,0.89,0,0,87.0
2026-06-04 06:00:00,2026,6,4,6,17,20.0,1007.0,cv,1.78,0,0,88.0
2026-06-04 07:00:00,2026,6,4,7,17,24.0,1008.0,cv,2.67,0,0,107.0
2026-06-04 08:00:00,2026,6,4,8,16,25.0,1007.0,cv,3.56,0,0,88.0
2026-06-04 09:00:00,2026,6,4,9,15,26.0,1007.0,cv,4.45,0,0,88.0
2026-06-04 10:00:00,2026,6,4,10,14,27.0,1007.0,SE,3.13,0,0,79.0
2026-06-04 11:00:00,2026,6,4,11,14,28.0,1007.0,SE,6.26,0,0,60.0
2026-06-04 12:00:00,2026,6,4,12,14,29.0,1006.0,cv,1.79,0,0,48.0
2026-06-04 13:00:00,2026,6,4,13,13,29.0,1005.0,SE,3.13,0,0,38.0
2026-06-04 14:00:00,2026,6,4,14,13,31.0,1005.0,SE,6.26,0,0,42.0
2026-06-04 15:00:00,2026,6,4,15,13,30.0,1004.0,SE,9.39,0,0,47.0
2026-06-04 16:00:00,2026,6,4,16,13,30.0,1004.0,SE,13.41,0,0,53.0
2026-06-04 17:00:00,2026,6,4,17,14,29.0,1004.0,SE,17.43,0,0,52.0
2026-06-04 18:00:00,2026,6,4,18,14,29.0,1004.0,SE,22.35,0,0,51.0
2026-06-04 19:00:00,2026,6,4,19,14,28.0,1004.0,SE,26.37,0,0,53.0
2026-06-04 20:00:00,2026,6,4,20,15,27.0,1004.0,SE,29.5,0,0,51.0
2026-06-04 21:00:00,2026,6,4,21,14,27.0,1005.0,SE,31.29,0,0,54.0
2026-06-04 22:00:00,2026,6,4,22,14,27.0,1005.0,NW,1.79,0,0,54.0
2026-06-04 23:00:00,2026,6,4,23,15,27.0,1005.0,SE,3.13,0,0,54.0
2026-06-05 00:00:00,2026,6,5,0,15,26.0,1005.0,NW,1.79,0,0,
2026-06-05 01:00:00,2026,6,5,1,16,24.0,1005.0,SE,1.79,0,0,53.0
2026-06-05 02:00:00,2026,6,5,2,17,23.0,1005.0,SE,4.92,0,0,57.0
2026-06-05 03:00:00,2026,6,5,3,16,22.0,1005.0,SE,6.71,0,0,80.0
2026-06-05 04:00:00,2026,6,5,4,16,21.0,1005.0,SE,8.5,0,0,84.0
2026-06-05 05:00:00,2026,6,5,5,16,20.0,1006.0,NE,0.89,0,0,90.0
2026-06-05 06:00:00,2026,6,5,6,17,21.0,1006.0,cv,0.89,0,0,95.0
2026-06-05 07:00:00,2026,6,5,7,17,22.0,1006.0,SE,1.79,0,0,108.0
2026-06-05 08:00:00,2026,6,5,8,17,25.0,1006.0,cv,0.89,0,0,102.0
2026-06-05 09:00:00,2026,6,5,9,17,27.0,1006.0,NE,1.79,0,0,90.0
2026-06-05 10:00:00,2026,6,5,10,16,29.0,1006.0,cv,0.89,0,0,76.0
2026-06-05 11:00:00,2026,6,5,11,16,30.0,1005.0,cv,2.68,0,0,54.0
2026-06-05 12:00:00,2026,6,5,12,15,31.0,1005.0,NW,3.13,0,0,43.0
2026-06-05 13:00:00,2026,6,5,13,14,33.0,1004.0,cv,1.79,0,0,43.0
2026-06-05 14:00:00,2026,6,5,14,13,34.0,1003.0,NW,3.13,0,0,45.0
2026-06-05 15:00:00,2026,6,5,15,13,34.0,1003.0,SE,3.13,0,0,43.0
2026-06-05 16:00:00,2026,6,5,16,13,33.0,1002.0,SE,4.92,0,0,49.0
2026-06-05 17:00:00,2026,6,5,17,13,34.0,1002.0,cv,0.89,0,0,56.0
2026-06-05 18:00:00,2026,6,5,18,14,33.0,1002.0,SE,4.02,0,0,55.0
2026-06-05 19:00:00,2026,6,5,19,14,31.0,1002.0,SE,8.04,0,0,59.0
2026-06-05 20:00:00,2026,6,5,20,15,31.0,1002.0,SE,11.17,0,0,60.0
2026-06-05 21:00:00,2026,6,5,21,14,30.0,1003.0,SE,14.3,0,0,68.0
2026-06-05 22:00:00,2026,6,5,22,15,30.0,1003.0,SE,18.32,0,0,70.0
2026-06-05 23:00:00,2026,6,5,23,16,26.0,1003.0,SE,20.11,0,0,81.0
2026-06-06 00:00:00,2026,6,6,0,16,27.0,1003.0,SE,23.24,0,0,
2026-06-06 01:00:00,2026,6,6,1,19,25.0,1004.0,SE,27.26,0,0,90.0
2026-06-06 02:00:00,2026,6,6,2,19,24.0,1004.0,SE,29.05,0,0,108.0
2026-06-06 03:00:00,2026,6,6,3,17,23.0,1004.0,SE,32.18,0,0,109.0
2026-06-06 04:00:00,2026,6,6,4,17,22.0,1004.0,cv,0.89,0,0,106.0
2026-06-06 05:00:00,2026,6,6,5,17,22.0,1005.0,SE,1.79,0,0,96.0
2026-06-06 06:00:00,2026,6,6,6,17,22.0,1005.0,cv,0.89,0,0,82.0
2026-06-06 07:00:00,2026,6,6,7,17,23.0,1004.0,SE,1.79,0,0,87.0
2026-06-06 08:00:00,2026,6,6,8,18,25.0,1004.0,SE,3.58,0,0,101.0
2026-06-06 09:00:00,2026,6,6,9,18,26.0,1004.0,SE,6.71,0,0,99.0
2026-06-06 10:00:00,2026,6,6,10,18,26.0,1004.0,SE,9.84,0,0,104.0
2026-06-06 11:00:00,2026,6,6,11,18,27.0,1004.0,cv,0.89,0,0,101.0
2026-06-06 12:00:00,2026,6,6,12,16,22.0,1005.0,NW,11.18,0,1,88.0
2026-06-06 13:00:00,2026,6,6,13,18,19.0,1005.0,NW,16.99,0,2,9.0
2026-06-06 14:00:00,2026,6,6,14,17,19.0,1005.0,NW,24.14,0,3,9.0
2026-06-06 15:00:00,2026,6,6,15,17,19.0,1005.0,NW,29.06,0,4,6.0
2026-06-06 16:00:00,2026,6,6,16,16,18.0,1004.0,NE,4.92,0,5,6.0
2026-06-06 17:00:00,2026,6,6,17,16,18.0,1005.0,NW,5.81,0,6,7.0
2026-06-06 18:00:00,2026,6,6,18,16,18.0,1005.0,NE,3.13,0,7,7.0
2026-06-06 19:00:00,2026,6,6,19,15,18.0,1005.0,NE,7.15,0,0,9.0
2026-06-06 20:00:00,2026,6,6,20,14,18.0,1005.0,NW,3.13,0,0,10.0
2026-06-06 21:00:00,2026,6,6,21,14,18.0,1005.0,NE,3.13,0,0,12.0
2026-06-06 22:00:00,2026,6,6,22,14,17.0,1005.0,NW,1.79,0,0,10.0
2026-06-06 23:00:00,2026,6,6,23,14,16.0,1005.0,NW,4.92,0,0,17.0
2026-06-07 00:00:00,2026,6,7,0,14,16.0,1005.0,cv,0.89,0,0,
2026-06-07 01:00:00,2026,6,7,1,14,15.0,1005.0,cv,1.78,0,0,24.0
2026-06-07 02:00:00,2026,6,7,2,13,17.0,1005.0,NE,1.79,0,0,25.0
2026-06-07 03:00:00,2026,6,7,3,12,15.0,1005.0,NW,1.79,0,0,19.0
2026-06-07 04:00:00,2026,6,7,4,11,17.0,1005.0,NE,3.13,0,0,17.0
2026-06-07 05:00:00,2026,6,7,5,11,15.0,1005.0,NW,1.79,0,0,14.0
2026-06-07 06:00:00,2026,6,7,6,12,18.0,1005.0,NW,4.92,0,0,8.0
2026-06-07 07:00:00,2026,6,7,7,12,20.0,1005.0,NW,10.73,0,0,6.0
2026-06-07 08:00:00,2026,6,7,8,11,22.0,1006.0,NW,15.65,0,0,6.0
2026-06-07 09:00:00,2026,6,7,9,10,24.0,1006.0,NW,22.8,0,0,5.0
2026-06-07 10:00:00,2026,6,7,10,10,26.0,1005.0,NW,28.61,0,0,4.0
2026-06-07 11:00:00,2026,6,7,11,9,26.0,1005.0,NW,33.53,0,0,3.0
2026-06-07 12:00:00,2026,6,7,12,9,27.0,1005.0,NW,38.45,0,0,3.0
2026-06-07 13:00:00,2026,6,7,13,9,28.0,1004.0,NW,41.58,0,0,5.0
2026-06-07 14:00:00,2026,6,7,14,8,29.0,1003.0,NW,46.5,0,0,5.0
2026-06-07 15:00:00,2026,6,7,15,9,29.0,1002.0,NW,51.42,0,0,5.0
2026-06-07 16:00:00,2026,6,7,16,8,30.0,1001.0,NW,54.55,0,0,7.0
2026-06-07 17:00:00,2026,6,7,17,10,29.0,1001.0,NE,3.13,0,0,6.0
2026-06-07 18:00:00,2026,6,7,18,10,28.0,1002.0,SE,4.02,0,0,9.0
2026-06-07 19:00:00,2026,6,7,19,11,26.0,1002.0,SE,5.81,0,0,8.0
2026-06-07 20:00:00,2026,6,7,20,11,24.0,1002.0,SE,7.6,0,0,19.0
2026-06-07 21:00:00,2026,6,7,21,14,21.0,1003.0,SE,9.39,0,0,26.0
2026-06-07 22:00:00,2026,6,7,22,13,21.0,1003.0,SE,11.18,0,0,26.0
2026-06-07 23:00:00,2026,6,7,23,13,19.0,1003.0,cv,0.89,0,0,38.0
2026-06-08 00:00:00,2026,6,8,0,15,19.0,1003.0,cv,1.78,0,0,
2026-06-08 01:00:00,2026,6,8,1,14,18.0,1003.0,NE,1.79,0,0,69.0
2026-06-08 02:00:00,2026,6,8,2,13,18.0,1003.0,cv,0.89,0,0,45.0
2026-06-08 03:00:00,2026,6,8,3,13,17.0,1003.0,cv,1.78,0,0,33.0
2026-06-08 04:00:00,2026,6,8,4,13,17.0,1003.0,cv,2.67,0,0,24.0
2026-06-08 05:00:00,2026,6,8,5,14,17.0,1003.0,NW,1.79,0,0,29.0
2026-06-08 06:00:00,2026,6,8,6,13,18.0,1003.0,NW,3.58,0,0,25.0
2026-06-08 07:00:00,2026,6,8,7,14,19.0,1003.0,NW,6.71,0,0,26.0
2026-06-08 08:00:00,2026,6,8,8,14,21.0,1003.0,NE,1.79,0,0,25.0
2026-06-08 09:00:00,2026,6,8,9,13,23.0,1003.0,cv,0.89,0,0,45.0
2026-06-08 10:00:00,2026,6,8,10,14,25.0,1002.0,NE,1.79,0,0,58.0
2026-06-08 11:00:00,2026,6,8,11,14,27.0,1002.0,cv,1.79,0,0,59.0
2026-06-08 12:00:00,2026,6,8,12,13,28.0,1001.0,SE,1.79,0,0,48.0
2026-06-08 13:00:00,2026,6,8,13,12,30.0,1000.0,SE,4.92,0,0,45.0
2026-06-08 14:00:00,2026,6,8,14,11,30.0,999.0,cv,1.79,0,0,48.0
2026-06-08 15:00:00,2026,6,8,15,14,19.0,1002.0,NW,4.92,0,1,43.0
2026-06-08 16:00:00,2026,6,8,16,14,20.0,1002.0,SE,3.13,0,0,11.0
2026-06-08 17:00:00,2026,6,8,17,14,21.0,1002.0,SE,4.02,0,0,11.0
2026-06-08 18:00:00,2026,6,8,18,15,22.0,1001.0,SE,8.94,0,0,19.0
2026-06-08 19:00:00,2026,6,8,19,15,22.0,1001.0,SE,12.96,0,0,25.0
2026-06-08 20:00:00,2026,6,8,20,15,19.0,1002.0,NE,1.79,0,0,30.0
2026-06-08 21:00:00,2026,6,8,21,14,19.0,1002.0,cv,0.89,0,0,44.0
2026-06-08 22:00:00,2026,6,8,22,15,18.0,1002.0,cv,1.78,0,0,38.0
2026-06-08 23:00:00,2026,6,8,23,14,17.0,1002.0,NW,1.79,0,0,33.0
2026-06-09 00:00:00,2026,6,9,0,14,17.0,1002.0,NW,4.92,0,0,
2026-06-09 01:00:00,2026,6,9,1,14,16.0,1003.0,cv,0.89,0,0,35.0
2026-06-09 02:00:00,2026,6,9,2,13,15.0,1002.0,NW,3.13,0,0,
2026-06-09 03:00:00,2026,6,9,3,13,15.0,1003.0,cv,0.89,0,0,
2026-06-09 04:00:00,2026,6,9,4,14,16.0,1004.0,NE,1.79,0,0,
2026-06-09 05:00:00,2026,6,9,5,13,14.0,1004.0,cv,0.89,0,0,
2026-06-09 06:00:00,2026,6,9,6,15,16.0,1005.0,NW,3.13,0,0,
2026-06-09 07:00:00,2026,6,9,7,14,19.0,1005.0,NW,4.92,0,0,
2026-06-09 08:00:00,2026,6,9,8,14,22.0,1005.0,NW,6.71,0,0,
2026-06-09 09:00:00,2026,6,9,9,14,24.0,1005.0,cv,0.89,0,0,
2026-06-09 10:00:00,2026,6,9,10,13,25.0,1005.0,cv,1.78,0,0,
2026-06-09 11:00:00,2026,6,9,11,13,26.0,1005.0,SE,1.79,0,0,41.0
2026-06-09 12:00:00,2026,6,9,12,11,28.0,1005.0,NW,1.79,0,0,32.0
2026-06-09 13:00:00,2026,6,9,13,10,29.0,1004.0,cv,1.79,0,0,32.0
2026-06-09 14:00:00,2026,6,9,14,10,30.0,1003.0,cv,3.58,0,0,25.0
